date,district,headline,source,url,year
2024-12-08,Tamil,Tamil Nadu police organises special cyber crime operation ‘Thiraineeku’ - The Hindu,The Hindu,https://news.google.com/rss/articles/CBMizwFBVV95cUxNaEtpR0JwQUwySW9DZU1rd0wtanFGOE5Ta0t5M2NYcjhZajJTQ1ZHSU9rdXVxNjNzSmhvS2I0d0d5LXNhWHBIcm5LUllFWTB6T0MtQy1qRnhhLUgyaklhdll6RGhROVhZSjBKWTV2YU95OHJMeEk1SWlKZm1xTjZ3dGNDZlM5MG53dURpY1hlVGdkbHo3YlFvQWxISGgyZElsQjhHZ2h4THo5Y0lfMUlxLVBnTjRjaG9MMm9hY1QtS0RaMVNuRndwOVVyTTZlRFnSAdYBQVVfeXFMTURaVS0zQWpTQ0JzVmEzeFcwNlZRa1JyQ0hZakY4VkxEV2RySzNaWWctNFg4ekJPcGNGVThBNmI1YVNFcGJrSDZIVXZHMkZmZnNRR0JzaVZQV0xmdzlWaUwwcTZuR3lJR3JjeTRqVUJ1M0FVOWlWMC1reXE5b0JESVB5UDNySUhkWGlKamhCVVQwUGF2U0M2Ujl5RUlPeUhUQmdfNTdNTU9hWFZkTHExMmFGcUZBS3JjWU9TM3c5TmlyYlM1dFA1LW5fZFEwd2hqT0N4RDdSQQ?oc=5,2024
2024-05-17,Tamil,Why a massive leak in Tamil Nadu Police’s FRT database must herald the end of police use of surveillance technologies - Internet Freedom Foundation (IFF),Internet Freedom Foundation (IFF),https://news.google.com/rss/articles/CBMidkFVX3lxTE5nbkdwNWJ4cjhxUGhiUE84MDdheEI3Sm9yMXRYVUxUNG0xXzVQV1NoR1FXUzhIX0kyTk9UNWpDNzI3TmtVZDltcTNQRGxmT1BmUHV3WXlKbmpDTUhOZGtZU1pfUTY1VUJPanBjVU5UVGdQNnlwYVE?oc=5,2024
2024-05-31,Crimes,Crimes on the rise in TN: Edappadi - The Times of India,The Times of India,https://news.google.com/rss/articles/CBMiigJBVV95cUxNR1pqZ0JjaFpkNEV1S0R5cWxHTlNvVTk0ZHJmWTlhcHd0NVFtanFoWk1QRGdqcFo4d29YaE5aT1p6QThxeHJxLUp5ZmJkM1hFbm1RMm5fNHpST2pXNkNKTGVuZU45aEk5TkcybjRxMDc0YmpwTFZJcm9lSGN3eDlCcHUtMTFMSWJkX3dMdTJNZ1A1NV9RbnNoTC1fWVlZWDJIS1ZWQk54b25pYXBFeEJFT0FDMVRCUmNHWkpqbm5vclFUUWZZNllCU2hEVWxhb3EzOVdBclZ5aHFxX1VNTmRvZ3dILWljeFlSQmswUVJPNl83LVlhLVZ1ZE1UVmJaMUM3RUZhZmcxSDEzUdIBjwJBVV95cUxNelNlUEFhOXk5ZThuX1hmdUFvbXg5aXU0SXpXbllROF9uZzUyUFo1RHN0MEtfV0FSQ2hNTHZkRS1pZjhYUlNNT2pGbTdWYS1Ecno5WEJCcFlLdk0wMFFuNTNXNWh2eEJrMklfSkdrQjlzanNXS0RaeUQzZVVZQzF1MjJvRjRoR3A4dWU3ZkhnOXhnWEFIZlFqR016NmtPNEwycFdSMVVIVlpkODZtVk9mZ0JCVWVZeE5EX01LNWFGQVN2VnYxcE1nS1ZheXRjUXNCanotOFg2YXNVejRCZ2t4Uzhwcm5CR0xhSzFyQVJTejQ3eFd3N1VKaEZFVkhnSFpaX2V5UC1xYTVNOFo4cGRv?oc=5,2024
2024-03-29,Tamil,Tamil Nadu: 21K rowdies on watchlist as cops aim to curb crime - The New Indian Express,The New Indian Express,https://news.google.com/rss/articles/CBMiwgFBVV95cUxNa0dSOGVrS3pzYmZFUlBEaFJIal9LekhGS216di1qMUhsa09lRV9LNkZvTlVZcS1LT0o1Sjc5UlZBWDVvX2IzUW5yZDhqVGFPX0pZVGdRZkVaYWI5cHE3YjN3Q1FnVi1DWGdaUHV2R2NoY0RaeW9xWHZjSTJCX01RQnU1eVJnSUE0dmRxTUNqU2xIOEtVQlRPYkduQ0VyaWxseEN1VV94dDVuSWxCc2wtMjhndTNZdmpBMV93elFSa19yQdIBzwFBVV95cUxQLXpGTy1RM0JueUk4LXE4NzlmakdKQ19xcjVoT2dlQ3RWd3gtTGtQbjR5bUtheWF0b2NncjJmR2NORVZMOVdqX3lEY3huWXRCdVVQOFUxSFFZSlVCczZHV2tEeTBRbXZ1Z2hDaHR6OGRXanlid2NEbFB5ZldMN1owaUZaSVQyR2JGa3J1bG1wZ19QdnZRZHpMazJaZnpleWdwbGV2TEpqOGVrTGpHeV9nLWZ5b09MdUZKNjZnNWs4UlBOX0lwcm1yNTBhMzBDbG8?oc=5,2024
2024-07-30,Crime,Crime and politics in Tamil Nadu: Decoding the recent spate of killings of political workers - The Indian Express,The Indian Express,https://news.google.com/rss/articles/CBMi5AFBVV95cUxQb0xLUGI3ZVU3SzRzUXBudmRLVkFYMkx6ZFdOdGlMS3hmbjVSM3NvQ2ViU19GN21yNC1lZFFNb1UwOUxhZC1lclk0dU8zY0Fsa0Njd2tFSDFlOUQ1ZTFJSDNiX2o5b0RpUkROQlJUcmRacmxhYWQyTUJXRUN2VWo0ejE0bTdqeGZnNXRBM05nbjJ3WTJUMlpQbzg4bFJEQjUtcldxMUNoVDJoenBQR0lNR3BqbGxZdW1PaEpmUmFieFFBZ3pTaFpXUVJLb0FZNXFDeVdEblo1ZVVlcFV3Z2xPbjRMMnbSAesBQVVfeXFMUEZ3eUg5LXo3eU1mS2xDeFRpVFlrX0oyY0pmd1VpRmZOTmt5Yl9rdW1RMXZwZEdYN1dhZmx4Nm9vSHhoNU1peXh5OU9YalU0dmZlam9nQ1BmOE9YaVR0ZGNRY216bk1fUTZmS2FzYVF3MTVxdU1CS3NUZzhNT05oLTBfM1hMY0FyZUJSX25CX2ZJU0ZleWVseEpGNURZQ25RYWtVOGhCLUVxeU9CZ3RDV3VwZEN5Z2ZjdXZEM1FtYTVza3ZzSHpWbDRsTzNSWHNlSi1IZ3dJRHB6anVqR0tmTl8wamwxd3FTUmhXZw?oc=5,2024
2024-07-09,Tamil,Tamil Nadu government forms panel to review new criminal laws - India Today,India Today,https://news.google.com/rss/articles/CBMiyAFBVV95cUxOTXJ4ZUZyVU5FczR0QWRqcVlpYVR1Ym84MGdBa1pNLXlZSDBDVEhCVFdxaVVjVkNWeTZHNGtQdU5yek9hVEhpeUV6WVZ3b2p2U2VWdURsU1k5LWV2S3hiUGZMRmxBTUh6anJVZDR1TnFENTY3QVd3ekFvZmNvT2hzM3RRZnQ4bThLNVNBRGtfODBjUWtoc21BakhjbDhYWnpPT19JTW1OUTRSZjhmYU44bXZaMFpPUWk4VklSR2p2RWtpQk5GWnZtX9IBzgFBVV95cUxQOWNfeklfMXdWdlZrd3lJX2tVVGNVRG1PVDZieFNGWVJJVmFFVE1Jc2hudFZtRE1Wd1ZsaHBPcWtNUkR2bHFpMnFEdk1BbzFIaEZiSTVNQTdLMDZqTER6c2l5LTVEc1ViYkt6UDBRbmRKMXRMYkpiWHQ0ZEhlMEF6dTVhWU5aZFF5M2cyT0ZvUUR6YVpsNTVlZ3REbHdjald5UjZuUGJZc0pSeHBKaVJRT3Jadlc4Y3l1TDZhTldiT2l1R210NEhlRElLVEVYdw?oc=5,2024
2024-06-29,Tamil,Tamil Nadu police set to implement new criminal laws from Jul 1 - Deccan Chronicle,Deccan Chronicle,https://news.google.com/rss/articles/CBMiygFBVV95cUxQYjRka2o3N2tRRDFIbkxjMU5POGkzYWduOWE0Sk9HUTJIbWNoeWw2b1R3SmZrVVVxNU9WRlhVcExHRUFxdklLVXBZZDZYd3IySWtuOVUwMjNrMDBucWtMT3MxWjltYjg0OS01a0lEOWw1aVphaHVwb3k3NHljQW95bVYtaUQ1aWZ0XzQxRklMbHh5SmM3Rm05R1dVUFc5R3dKZHEyX1I2cVM5c291VE5pTGRkZXFOWVlKSEZYakRqRndZTEc0ZHFGbFln0gHPAUFVX3lxTE1yUGw4dm9Kb19PRUNsZkx2T2NzSUxWSkxHeUJlbGpRSlZDVVVzRFdaZHVPVk9lVi1NZDJTN0J4RTZKcWh5eVJMeUdaZGdNS3dYMEFscHdSalVZbUl1VTRKVE9OUEJQX2d4c0d3WVAxTkJmaXdnVDRJLTlqMHFsZmkxdzVFM0hHd1dlZU9FNWxQbU9sRl9RTTQ1ZEFlUm1CWm1oVFZiVkhNU3l2a1JTZlB0amFZVGZYdmszRFlxOEpNUzZQOC0zMTZsSWFtZ2hBTQ?oc=5,2024
2024-07-05,Thief,"'Someone sick in my house...': Thief leaves behind apology note after heist, pledges to return stolen cash, jewellery - Deccan Herald",Deccan Herald,https://news.google.com/rss/articles/CBMi9gFBVV95cUxOam5sdHotbVhoNmgyUUdYUkdCak8wdVZoamcxMFNqVGdSUkdVeVZzOHZqYkZnVVgwcnVlbkY1Y2l1ZUo4SU02Mlg3U3JSRlozbndSbnVMMGZiNDBBTDAwUUlCbnE4Nk1pTnZITFZSSWh1WXlCQ2EzbzVtSzFjdGx3c1Ryc3BHZGxVWkwxNy11U3FaUkI5T1Vpd2t2XzZfekZ0M3VhOHZDVFNjQzhQVU9lY05WOVFwRjhNbjJ5ODNEQ3kwUEljX1ZEZU9UYzRDS3BoMFFSeXBCN09sVDNwcEd4Xzlwd29UMVNNWnN6elZpYVduaTUtdmc?oc=5,2024
2024-12-09,Tamil,Tamil Nadu police arrest for 70 cyber fraud under operation Thiraineeku - The News Minute,The News Minute,https://news.google.com/rss/articles/CBMiswFBVV95cUxONVhKY2ttcS1kNXA0UmpPcV90MTVBWXJ4Nl9yVzZDUWVxOGVSSE5UTnZadmVtdUcwVUxmSG10VjFERWRTTGs4RFBfN2xkSnZrRU1zVWo4M2x2VGFIR1htV0pyaHNPbGdaYkNyaVB1WFB6eXBQMXk0NHVjalpRYVpCc0w5SUlZSzVtcnVyMTFuOWNYUEt2dkdzbkJZNThPTTFZTnZJd2F0cGFDMUZkTkdpQmZJY9IBwAFBVV95cUxOVWJwazhyTzRaenAxRGJpSUd3WGhKbkdfTnBkbm1rOHVrUHZBbWROMkVuVGpNZ2hmLWxicG1PTnpib09mTnU1QmFxaTlIc1E3c1JjNDZHNGo1NXpnWGFvUlZHQUI0anhkbEM3bFRXdVlueHc2UlBiZjBqc0xHOHFnZmJmWTI0WjlrU0RxdlhiUHFzLVBLdmw5azhzZmdjbkNkUDJraDNwMzdIUExtUDZuX1k4RDdkcXBxUkI1Rm5hV1g?oc=5,2024
2024-09-12,Police,Police launch operation against cyber slavery of youth from Tamil Nadu in Southeast Asian countries - The Hindu,The Hindu,https://news.google.com/rss/articles/CBMi_gFBVV95cUxOV0hLT3F5ZzNXd09YYmQzbm9BWWVBZ0Q3SHZyMzl3bmg2SElDNzZld0JRUmY2QlEzR0stcy1CQ2ZEV1l0cUM5dG9KS1Z4dFdvYzloY2ZwRnc2bGszQ0xPNm82eF9KYk1ISUhZeHMxY21pR3VqMW03N2pRNFhyQXF2Z1QtakpYYjNuMjhCVjc1dEliN3FNNWpkTjdLQ0tpOWFSSzFMRWM0NFJpc05xQ19OTGVqSHhlZVY1TFRncnVwUlExUDdxbUhXUmxZOVZDNlNGaUExbnFTa2tSMkxWYzh5enZMRGNHZklKN0NMYkpGVHJ4RDhSTHNzb2k5TW4wZ9IBhAJBVV95cUxQMkFCUm5xU0xTTE5RYS1STVBQdmM4OXBITGZtdVo0Rm9Qa01MU09Ldms3a0RBTkdTUVozWjEzdFE0RmgxM1k3NktGbldUYVZzVTZ1U3lTOEtfRER3V1E4Y0xKVnQ4Q09ZcXhYSGVDT0ZPSHdmeFhzdjFhX2UwOUxrMGRrem04M3hTTTV6X29YVXROOHVmY0ZhNGFJU2x0X09qWXdEbUt2TGdzMmd4ZlVHM1h3cF9MWnpJaElnS2dNX0xlMmk4MzlRUUlZRTFxNkFaNVNvNjl5YXluMmRoMHE3bDVKWXlUOWZ1Vmlld3kzUjVTMUx5THRweng0UlBfeFdFSFRmZA?oc=5,2024
2024-12-09,Operation,Operation Thiraineeku: 70 cyber criminals held across Tamil Nadu - The New Indian Express,The New Indian Express,https://news.google.com/rss/articles/CBMiwAFBVV95cUxOS29wXzFxYmFfd200b2FFMmpSTUZubDJDdU5DYVB2d21LbUloVWdJdlgtSlRZMVhuWjNmYTdFTTJhb2tmQktBcEtCZTIyNWZGMHhXWk5kSllYT1FJbEZ4MmlpLUZ3U2RpcU1vM0dVcV94Y0Vjem4yd0tBRlQ1cTRyNlgyemNGTTRrT1Y4ajI1WXI1aXA4VWNNUm95V1VzUDloNktha2V5QXZrMjhwZzJXOWZMWEhtNWRXaGlYOEg0ejbSAc4BQVVfeXFMTnlVN2xPMFI5cS1KVGtKWS15TUIzVnBfSExrUmV3azRDb0lGdkd6RjI3MEZMemk5NkhlVmdNY0hzZmEtOEhzaUpuMGdUOENXNExZcmZXVHptNDlDM2VEMGNQYjdoMjlhX3ptcjBaNVlyc3J2Y0kxa19Pd2xsUHNYdVdNdTdZTzIxVEJZMmdKWjFQbF9LaUYwQ3FsaE9YTy1iR1R4cHF4QV9NLWxtbElLZlRxMzI3S1dTZXNxNkxFYWRwLXVmVnI0ejFEWWdJSWc?oc=5,2024
2024-10-11,Tamil,Tamil Nadu cyber scam victims lose over Rs 1000 crore from January to September - India Today,India Today,https://news.google.com/rss/articles/CBMi3wFBVV95cUxOMUt1RTRMLXE0dEZkTVl1SF82OHJjM25ocFh6aGczOUFkTDZFQUIwWmZWenF3cUlFTG14V1ZKQ3g0Y0g5bFdIdGxlMUV5QXFjQjczVEhYM1ZLNjNJSFBhakRIWTZYbHNTUHZLbWFITkdYZnRHT1N2M05NY2FtVmhIYzIyUmxlQXo2R3ZjS1NvR1hsZ0MtcU84VWhObDBIaW9RVWxWd0tZaGJ0MXprSTBOMmRWRXdDZU91bnF2Y21OTXc0azdNSjZJZDlDQjlHaEhqV3hWUk54d3N4enFSZjRR0gHkAUFVX3lxTE1zU3NZRHladk5SQnEzd2hCSC16ZUF4T1I3ZWJXdjM5ODltZDk0d1Y0WXAwQjl3TzJvX0xWcGhRUWwyZEN6ZDNfVjJjRGs4Q09nNzFybEhBNF9QWGNnWGxZcExtc3NDSDBEa2tSWWE0Z1JfMERJUFFWRHFXLXdJcjN1RTVvY1F0aUFjaUY0NFRON1ZCaEZKNGxpYVlJTTBMWEdWNVUzdjltM2MzX3FvNlZ4SHZrUGpidFhLSXdLeWVfY25yMWZzRVZsemdlY1U0Z0ZJMTBkenp3RE5oT05FR1hUMVFjdA?oc=5,2024
2024-10-02,Vague,Vague tip off helps crime branch nab Tamil Nadu murder case accused - The Indian Express,The Indian Express,https://news.google.com/rss/articles/CBMitwFBVV95cUxQQXpjQkhuY3ZaS3I2djBqeG9QMWhRQ1N0ZlJpS2lxOUxHRDZHN2hmX21GRTMxMmtOYnN6X01CUFU0SldnWk51SFVVWlhpWlhpWWFTOFVJc2h2Z2xNdE5YUFoycmRKLXFvRkJsOGpna2cycXdmbDl5UnV6bUV5UFNwVjUyU2FHRVpuY3F0LVlSQ3JicFhkdWgzTFA4bkVaaUpfbkpLX2JkV25DdzJXY2RqY1pvdFFCNm_SAb4BQVVfeXFMTno4akN3UnRhVXVhS2JrbmZyZ3E3RWhHb3ZwRGtIOER2dkFYRVRSdFgwQVl0SkFDaVUtYk0teW5TOXd5ODlMMW9YUU1nRWp3SC1waXZWcmJwQnNZdGk5ODIxY2ZnX1U4Wm1SeVpqTHB5di1jbjdSTzViejRuM01jX25RZEtkWVEzeS0yaU9HenQwQ1E4c1lxczdhZEcwSmNLdUd1Y2pZVHJ0dU04akxtLTV2SkVSTUd4T2xOT3dmQQ?oc=5,2024
2024-06-28,Translating,Translating new criminal laws into Tamil under way as TN trains police and judiciary before July 1 implementation - Deccan Herald,Deccan Herald,https://news.google.com/rss/articles/CBMi6wFBVV95cUxPaDlpSVhMMGoyMV80czZnWkdHRTl5b1I2WUJwUXhGbHNiSTVocFQ5SDBEdUVhM01BbERxY3MxMHNhU1NQMFNveFZrMFB5WXB0Q2JwUFVLdEFHLWxNaE8xbF9sSEItTjRBTDlhSWNEWEE1MGs5N1ZsLWNiZC1nMVZFMmRfLWRlR3M4U0hVMVc3V042NVc2VU8wS0RUODVoWGV1UFR5YklQaVkzM21pa1NISHJWT3pHZzlySENBQVctR1NNNThKUXNFb28zd3JIZWdhSkxxMkI4UERXWGhfVjZrWjhlemlpMkZoWXpR?oc=5,2024
2024-05-18,Notorious,"Notorious criminal from Tamil Nadu, wanted in 53 cases, escapes from Kerala’s Viyyur jail - The Hindu",The Hindu,https://news.google.com/rss/articles/CBMi6AFBVV95cUxQZ3RTdHhfVmxXZWNKQTV6QVAtamJQRTlmejhHUnBPRkJ4M0dJRllkcVllSFE2SkVQd2E4bHVhTjhKSmZpU3d2WjhRbnhFNndVUWJNV2VENXFxZDcwRHItc0Q0alNsSzlOOS1TYkRtTnEzZm9oN2VXNzh0QlNBWVE5aE9NWkRVQllyeHA3Nlhwc1lkbUwzS2pSZGNNTUo4ZTZ0M1czMzYtQm0tZUw1ZU0tclV5bXN4cjRhcXVtSk1MeWMtMXhzdmxaLV9yZnRJdHRadkNMVkdkUFh4c3B3Ul9qUl9UZlNzSVkx0gHvAUFVX3lxTE15NlJmZlNCb3BoSlZTaTM3RDI5RmJFTHJFbkNsLXhybGl2aC1sNUJpWDNmd2k3M2hQX3pxTGJDTlhDUmFvLXFyTndMT1p2cUhnNHlncjRnRHhGcldWaWo0cTVEa2loM29GeVVhaV8wY2F4U2o0bV9nRkVDS25lNjJTUjJzVVJrOUowUk5GOFlaUm41LS03UEd2V3liOHA2Y0JtUWd3Wm9MRmxTR0pxR3ptQVp5VHBrVGY1WE11cTN5ZjlWZzJTSUc5SXYxRFlpOXpxVVZ2dGJ0VkRGOHFoMGdfVmlaT3MzZTNiQXBNaHBF?oc=5,2024
2024-12-07,Cyber,Cyber Crime Wing of Tamil Nadu police warns of new UPI scam - The Hindu,The Hindu,https://news.google.com/rss/articles/CBMiyAFBVV95cUxQdlNuMGlUT1RfLW0zck5rTmUwZ2xWLW5rbW44dXpVV3dvM3J6SG1NZEQ5ckM3OXRmejlQeEROZnlZWkNXbWxselFmYzN4eUNnRWdUSndTYmlaUkVtWXIydHg0QngxV256T0pfOWFIMDhmRXFJYWRUMzRTa0p1N0RheTFTZ1lRYnJua2NteXlxZDd6TlhjQ0xTVlFZMkRhQjNlZEFWQ3NTcUxtXzZGUC1DQzN4RHhudFFDM2t1QTZBWGxPR0ViRG8tbdIBzwFBVV95cUxNZ3dEb3UxcmQxSUJlclZ4bUJ5cnRGTTNGTnlLckxkZVJWbmctYV8wU00xR3Z2ejItNXYtdkMweDBkVmtKNW1nLXNCRVRDVkZybWxkMTB3QU5XN0g1RmZWYlAxZnhwdmNoSHZRdmxSa3BXTkE5bkxUZE5mcEtiSFNaUE1BbVUwTC1kRzFoZEFUbkh4bVU5anZwajIxZTJHdEU0VUVyWXJZRHNnMmROZl9RTzFlZTF5dllsMXA0enJIZkNoNDdxYmprX1dqYkMwLTQ?oc=5,2024
2024-07-22,Hindu,T.N. BJP releases list of people allegedly with crime records and affiliated to DMK - The Hindu,The Hindu,https://news.google.com/rss/articles/CBMi4wFBVV95cUxQYmZUVUZVYVU1OEFoSVRKZ1BseGw2V0VReUZtVXFiNVdLOTlWTmlMY0dnN1lHVlhydWk3NFNINWNkWC0tVURqOVdTeHpXN3J1ZWctTWxzX0s3RjAxTXZXaXROMk5iQnpTenNpMjlmWkNXTzRJYUR0WDZHcnF0RVFoZ0hIM1NmZVRyUjI2VHN6SkU5aEd3SllzV0JzV2hWdVpzTFFlVVA5QVVCdV81MEZ6ckR4Y2ctd0YzSEhkekdlQTZBbFRCQ1NEcVRMbE54dS1uNGZ4ZEFQaDZmQzl6VzZQZ25fd9IB6gFBVV95cUxNVmg1SDRXVzVPS25ETWZiNnR3YldLVjBsbnBqbW5RRnMybzI5UnZncEJ0MG1MZG5EbE90ZzJBMFF5NFhDemtwUzFyT0NWVjVGdkVBbFBJenpXczJKQnpUSDhFUFhDWVZmS0J0dHEtcVpFRUszT1VZaHJzMUhlbzZVbEZRdnc5Ul9PNUpGc2JVZUYxSDNRdkMxVDVzQXl5UENTUzJIYUliZTlCTXhkWlBqbGR1cG50MVlUTm9uaHVoVzd0QWFScXJkVVlBcFBLN3JrRzRmWEVZUWtidnBUT0NZaU9vVlhTVHBNcEE?oc=5,2024
2024-11-23,Cyber,T.N. Cyber Crime Wing cautions public against UPI scam - The Hindu,The Hindu,https://news.google.com/rss/articles/CBMivwFBVV95cUxOOVBtMXBBOXc1SkliWU9JalgxcnE0eWFaRmVVa2lQUFVzS3dXaXdCY1BIVGIyS3lWeFV5YXBGRWhiTzNUd2c0N2R2X29ETVdJbGZ6cHFHdm13b2FaNU5DRG9EZGxxQ21UdkNVcUFhV3V4TGYtbDVJdGVTaXpGY1p2NXByR0RIYzhxS3Jib19WV09hZGwzRm91NEdFZnBpLUl2SW9KRGRSZjZIU2M5a19tc25jQkJkZ2t5RzNBYzNETdIBxgFBVV95cUxPRlRocGdRbFdTSk93ZWROZ0VZRWhNb3pQR195d1daSTB1MDhPT1E5M3VvLXg1a2lKZWpwa09SYVFINjAwdWFyVXdaYXBkWHFXVTF1bV90SVhsZGpZRHY2ODMyWkV4MnhDUDEtLXJ0M05YNEtqLXl4OVF5VlEzdDJRd1k2c1o5X1dWeGU5UHNIZThXelcxbk1JcEhzdk1wZnpJWmdvOTJWRzI3bU9JTGZHeF9RTGl5MGZfdzNDYVB4WXozMmV1Wnc?oc=5,2024
2024-02-16,Total,"Total proceeds of crime in Senthilbalaji’s case is ₹67.75 crore, ED tells Madras High Court - The Hindu",The Hindu,https://news.google.com/rss/articles/CBMi7gFBVV95cUxQdElSYy1SWUFnUTJJdUdLVDd5bTFKc0Q3c1AxR1BGNm5pSFJVc01PamNrcktoaUNtc1J2U0pVdEFWdFl2cmhvOVQ4Q01POUh4QmZ6emdSM2lwSG5IUGN4RGVtSDQ4SW1Nb0k4V3Rma1BiYmozQ2RlN3l5eGJucks0Q3ZReFZqc3phMUFxMy13V3d0Nk1pRnRFQnl4QnVIN3lwcjdoLTcxQThTZlUzZ2NfT2x0Wi1MYUdjYVRlNTlScWVnWHhodUU0VkVFNi1MZUZrSmFtcHVwT3o1dHRDTnZESlBPSHhMMlZ6Q0RmYUdB0gH0AUFVX3lxTE9PRXJzQi1hWml2ZHJsREtjek8zZlo1ZWNRNzR1X0FXRWNrZUYzSjBWSGtIYUJSR0NnUktwYnZySURid0QyZmYweHZqMFBEN3Y2NEdSNy1ESGN0dEQteGZTVTZVTmlORUpOZkVfNmFCZUZDZVpUOXdIQXoxeGN5VWFYSGQ4MUZKczVqYWd0RkY1RG5ZLUZZQUNneW1wTFRDbHlhMnAyQUk1ZC1lMXh4X0NXYkFyRzhHQXY1OHZoTHhsOFd2a0o4bXNzYlF3SjVQNnZKVlJHZXpQaWIxdlotdnFoTEVCd3ZuWUtyYkZtODZzSTlkOVA?oc=5,2024
2024-04-27,Cyber,T.N. Cyber Crime Police issue advisory on new scam involving AI voice cloning - The Hindu,The Hindu,https://news.google.com/rss/articles/CBMi3gFBVV95cUxQWmNoejZTZm5ybHBFRnBPaGRVaEREVVBJQ0thYmREdXZtc3NMQk14SGk5dWYwTFRNY05fMEF2d25DQmg2M2hPajBSMnV0MVBHLVRraHRsN3pzc2pwcDJRa1VrMWtXOExzM0hXMXZVSUNjbExjeGktU3NYOGphMDNhQ3RBUWJLNDROZXlDT2wyOF9WeGlYZ3dJb013SWFtbGF2V2xzdk0tMmNLRU91b1JlVjhQVThLbEhxcEt6c2NqZURBcGkySUhNX1VHUjFQWVo1NDAtMVJiNkFZbjlDVnfSAeQBQVVfeXFMUGtPVzdvbXRXZW1fbElpNEgtWHZTWm1IMHhCLWswY3NfZm1jRlo5OGNtQ2ZOYkZLSHpmQllwNGlzMzI4UWFsOFFxTkI2THdfWjFkTUplUnRDclotblYweDRJSTVhOU1FLTJidFI0dW9DMjN5QmlKazZ0bUV0MXdsNDNCR05rbmxsNmhKb0drMW1TMXllWUZzaC1fb0FDRFFtdVZ4V1d6X01IN3EwdzRTaWVPX3F1SG5VZ1YyVk5qQlAxLTItSkhZb1Bib3JLRXcyX0JHX2tQamQ2RHozU2Q4eVlUU0xn?oc=5,2024
2024-05-04,Police’s,T.N. Police’s facial recognition portal hacked - The Hindu,The Hindu,https://news.google.com/rss/articles/CBMiswFBVV95cUxQSEYwd3EtUVZ0SnUzX2FTSXN1T2t3S0x0RzdVYUpvMGZwRldvVXQ2NmQ3VG5Da3I4T2NzclFrQVZkN21qNmdMMkZrXzJhaEVDTWE1UVFHbE5DSzZkTTV3cnZ5N21ncldidlJITkhXN3ZGcWRTcHZPXzVETndWYXpyLVJUekVtem1IZEFJT2JtVk1LYklDWDhvUGtwLTY5aGkxR2gtYjJWZUxjSWZYMjlXVkt0d9IBugFBVV95cUxQTFR2dFJjMmdCcktnQkZwQ1JJdWdPTUNQQlpERGhkNW83cFNnLUpRNFNnMF9FM0VIVVdDUnF2ZGNfazlfWnk2SGZtYklvdDNhZWRzTWxzYlBlRVZUbUR1YVlHUmI2aXQ4dHJBWHV5dVkzV3Z3T2dpWFZ4RWMxV1VJQmtHWVAzZFVWcnlmOHFteWwycjZyU3otcUZOcGFYR0JRa1Nfbi1GSDdTUWdOY0M4UE5uNVlSZkNzX0E?oc=5,2024
2024-05-05,Tamil,"Tamil Nadu police’s face recognition portal hacked; FIR, personal information up for sale - The New Indian Express",The New Indian Express,https://news.google.com/rss/articles/CBMi4wFBVV95cUxQeC02WkFtVEoyeWFpeDhwS2ptOHdNTG56U3lUYWJBUTllZnAwa1pNY2FiMU1CdFE0Ni02cWRFdVpPQjVjU1hDby1KbFotUVpNUXJvZ1g4VDFMSURPeE9janJQNEhkQjRlZFd0N2U3Z21KNzV3X1hBZUdKMEtDRGZ0RGxnRUM2aUhHRzZTTTV0dnYwZmxYd0Nvb0YxUUxnWG9FXzk5SlpOai1qSUJ2aF8zUURITVNzN1RMZlF5Sl9DenJaWEN5ZURQUVNXVy1CSjFTQ2xVMlJZcDNKTHNsRDBQMEhhWdIB8AFBVV95cUxON3hUZml1V1JmSjRjWWJMZDZyOHVVOVUxLVVVbzY1UHItLWpHY3l2bWlldmR6dzFWZnZxdWU1R25WQXhtV1ktcEpFNkpnek11cTJVcDdZVmcwU1ZWakx4OThYaHBYN2poSDd1V0JULVhlSU05XzZQaEtRSkVoVlhrYWt0NGx4ZFltR040V21HUGgxa2NyOXVUWDY4OU1fZl9wMzZfVFFlbWVPcEFnRHVVRnBMZFZJRHdSTjB3U09nSXJydVZnNlRrSGl3VHpqVGxLYnQzN0dDWlBiZkhNa0JVUmxmWnF1UE1BdzVJbmlSak0?oc=5,2024
2024-03-05,Madras,IFS officer’s sexual assault case: Madras HC directs TN police to file FIR - The News Minute,The News Minute,https://news.google.com/rss/articles/CBMiswFBVV95cUxPZm9ndHdqbDFHaTNDME1uRENFSFk4LUZMYU80OXJzQ2lBRmtEa0lGT0lXTHA5QXRHRUtFejdZMTVkRFp1S0FLLWhYcVJ4WEd6Z2pQMWlSazF0V1ZCN21xemtTa05OWWFENE5VVWlZR1lTbFZ1Q09PR202Yy1EbGxGb29wRFVUaDYydmJEMnhfUW1KTUdFNlRHX0pSd1ZRRGEzbVlQY19jLXJOUWxuZ0JTRVZ5d9IBwAFBVV95cUxOSjhsNlN6YV81ME5XejZ2SGVJNXRNZTdiRHE2cnhNa25neDRWR2pQanYtSFJtZ002OVBiV1VUeUtMeWdNUmRic0NaZVFCRERUMktOeGVvMG5Ybk1iMEtqeG02dXcxVmRpRVBTWDZNUmFydjMzLVFralI0Q0ZFcVNLRXhJX0JzTG8wVHZxVVp2NVprQkNvVFBaNEs1bXNZQUdMWjZYSnVWSzhJb2lFMkNDc1ZVQnVLWkRWRTNUU1RLaUk?oc=5,2024
2024-12-31,Times,"Rape case FIR may have leaked due to ‘technical glitches’, says NIC - The Times of India",The Times of India,https://news.google.com/rss/articles/CBMi1gFBVV95cUxNY3lFNjBDYmdaWXNwc0s3Unh1VlRDQVE4eWh1c3JRd1U1ZEF6MmpfWWNsTUpvUnJjVHcxNGhQUmNaMXhBXzEtcEF1bzl2QjZldzZOTTliRFQ5aGIzdmtvbnk5VExrV1pabm1odDltSjEzTmxjak5GOC15OUE1aUhLd0NaQ2Y1V3Z4MkV4cm9QZW0xTVZ3Q2dxdVFlMmFzUUUxRENVRmpscDFiZGRVSzFMcXdrUFVDREtoSFNUckJQMjlrQVNXNTNrXzZhcmdGV09UMzJ5QVJR0gHbAUFVX3lxTE1qd2pKZ1EwSmhrS2hyYjNjZHFwOTZvUzRYeFl2Y3Q0eG5BbktOQXY3bloyRUlHU0k0LTVDaTJkeVFtMWRtdTJxeHMwVFlyd2NRbXkzRE1DMWRIX0FzSzJ2RUtDaUgxbi1VTnpyd2R0dkpVMXpfbE9JQVZBZnRFMW50eDRkSjVCbjJUdjBhNWRhY0FyODVHZ1pvTTlwelJFWGphbUJhQm81U2FwWWZnUVktM2poajhCWHlwalJKRE9lZnNUU2c3VHZrNzZ4OFdjSnVfSF9pbUZjaV91cw?oc=5,2024
2024-11-11,Chennai,"Cybercrimes on rise: TN Police warns public; Chennai, Coimbatore, 2-tier cities vulnerable - DT Next",DT Next,https://news.google.com/rss/articles/CBMixwFBVV95cUxNeDNaSDlmVGh1MEF3LWk1VkdIM2hzbEZ5S0tWSDlYUkhuZS1Jb2NfakczR25XWmRaYi1pcDM4Qi1KZWZsYURwQlBpN1lvR25SRUllMU0zbkVORUt5Yy1ERGd5Nzl3LVVIVEFBSTY1M3VzOEFhb3VfUEpZUGY1a3dTMl9OXzdUaTFDdjF3ZlNjcUZOOFFWY2gxcm5YRUVobnVGVmFHa09TMFZuYlR4TU1GRGNNTG5JQzN2YzhBMnd5cUdRek1BbG4w0gHUAUFVX3lxTE9YQlFOaXhrOHJSLXhXaF9laWxVNEM4NERzaXZFd1V1ZEpZQ0tVdzdxRjZWZm5oN2xuZTdKY1NtSTBXWmt5YUhkeVJxYkFNVEdvb243aVNuNXJYS0UwSjYxeU1sWHUzWnY1bEF6a0JFUGVGZnF5VlVsTHZzcFlVUXAxY1pPVndzaWVKMkd1cWJFWnFWUlJFVUxfLWdkbzR3c04yRWhlUVFXZ3lCWnhqeWhkakVDcDU1SzgybkQ1aElhS0xjVTh5cVItOWxkbXBUTzdObjZj?oc=5,2024
2024-10-28,Youtuber,Youtuber Felix Gerald moves Delhi HC against T.N. Police over illegal detention - The Hindu,The Hindu,https://news.google.com/rss/articles/CBMi4AFBVV95cUxQS3dKRndTd1Y4ZVZ5aTVjUzhEUTJnTDhiS2xvMVg0WHRQZy1EMUJXNnZXc1FZaElYQ0tPRWsyRkM3QmhTQXZrX0pycWU3cWFsdVNuRXhmZ2J3X1pBbjFuQk5jQVFocTZIczVWTjNFSmZMWnpJUE85TGVqczhHbmhOZjZrRGtTOGdWRWhTRHA2azhCOXpuVWN3XzBpMkxqUzdoQXlybktnVk8wR3VneEZ3RVpTRk5jdmoxSlJVMXJqdFhFYmdseWttaDVwcFNWTHZhNHJOeWlKcElSWVZ0bTJxeNIB5wFBVV95cUxQTnQtbDRvd3VKSzlVY0h2YzdXSjZPSUltcVJ0TTlEamtVMldyNTJvMjdzUHBBdnJZYVhyU1psTnN2TndZUU5jcldXejIyMkJBTzZIQzVQek1FZGZwOUs0Y3dQNk9nR1NQVk8yeG1uM1VFQW0wdjlMRUFXLU84b2kyYnVrS2MxZ2NBclhLbVBLYUxFVzUxc2FhQnNwQThGVjltSXFCbHVzRVBYR3dfN2hhSGFCemNiOF91VDVWZE54VjJrVE4ybmotajhWM0NHdDRMMHI2ekpKTm8wTFhJbzBlckMycW5ybE0?oc=5,2024
2024-04-26,Tamil,"Tamil Nadu: Complaint against Kovilpatti West Station police inspector for not booking erring SI, constable - The New Indian Express",The New Indian Express,https://news.google.com/rss/articles/CBMi_AFBVV95cUxPRy12NE05RHZkMW5PaVlPaFhFMXpJNDhqXzBpZXM0VGExZ1BYbDRpTGdUWkd1a0kyb1Q3NlNpSXU3SlRCcnlQVzJlaW5DTDBFOE52cGp6SjJQUU84bEFTcUpITlN4UGp6ZTRlNlFMd3JDOV9lamFqSk5KR0pYT2xrZEwxalVXXzFqUk5hbWpCemMwTVpma091QTUyeGNnclB6bkZIbnV2MG50aDZ1U2NvWGxnVWFCWmR1eVRqSlJLOFFrcWVENGxweG9lbktqZ2dVOXc5dDFjczRtWU5vSnhTSXNfZDYtNjNjOWkybXZyUFd3TV9NNUpsVVE0MGrSAYoCQVVfeXFMUDVZUXl5cFE3RHlwc3NxZWl4MkY5Mkt2VTFiRFhUYkVRLW45LTdPTGdFbndSZWRFbjhlZnFxbGFKNk12U1JFTnR5Sm1VRFlDdjE0dFN6aFJNV2lNZWdYNnF0eG9EbWJfUUxpZzBFRkk2aGpvaUhOekxuNjMzMjkyUHRYQTNEMmM1dnR6eGRSYmlSc1MxUlVkbEM3Y1NDODdQLUR4STBjRG4xYnduZTRLUGFEZUo2WGlMYy1WV3ZKMlJxN280Qi1Nc0pLTFVWcFZmLXI4YzVLR1FqaEJnZ3ZwalJJMU1iRmdQNDdMRnlLRW1nanE4WEREZnJtOExhMW9adnIwVE82SnlpOUE?oc=5,2024
2024-05-05,Tamil,"Tamil Nadu Police data hacked, for sale on dark web - The Times of India",The Times of India,https://news.google.com/rss/articles/CBMiwwFBVV95cUxQd3JzTFpnMTJYQTVuQW9JbmFNSUQ5VTAxVGd1ZGlGUDBhaExRcWJoT2w5NkZ0NE5oUGgweVhZeU1TU1oxb0ltd0tSZE80NHlTa1h1TW1uN0FSeUxNOXNkbVg5em9YdzlTc0RjQWIzWWZfZTJRUUNYUVl2OElkQW9NV0hTc0xEVXZCTU1RcU9JZU1IM1J5UnhHUWstQXNRSjFsYkgxdmNxR1BuVnRPbm9QWl85c25MYzhWMmFKU3F6UmcwbHfSAcgBQVVfeXFMTmxQUk9sWU8xaXFlVFBKRmpwdElHS3BrcjJINTQwdGx0RndCT0NyZlhUSEM3bjEtMHF4c2R5UTV0MlFOVC14QVM4ekNFdzdQNEVkZnFIRXJ6SWVtbGozWEt6emJfM2ZnWTFMVGM1d1dEYmk4emk2VGZ1VU9LQ0tnbC1na1hBeHdoRlFPZ2NlaGlCWkVfN25fRDRleExmT25IT0RfS3hZcWtoNFRwdzhKNEVaVjdCUGlpODlYa0ZTU0lXTTBmcTNMV2o?oc=5,2024
2024-12-27,Chennai,Anna University sexual assault FIR 'leak': What went wrong with Chennai police - The News Minute,The News Minute,https://news.google.com/rss/articles/CBMitwFBVV95cUxPc3lNVEpkcExTeDRrSXc1XzFXaEFXT0pxWjFwUWRHZWg2QWpvbzRGa2IyWTZfZldSMHRFYWp3T0dBTEdkZ1JqeFlvUFdySEp0MTlPbUE0UW4wSUtrQXZWbWhIT2dSVTItblo4d3VITWVfSnROeWtoaFhlOXpzenJSUkNaYUVKal9CTWR1Q0hpMUtrMFVwMDl0aFZpdUEyNkZrdzZCeVNxSW0xZTFFbUlQMjliNGZyVDDSAcQBQVVfeXFMT0xHUUlyalMtYUlNd2lUVkNqQTE1VVNIYXlnQXQ1eTFrRkVzZjBYZ1huUHEwMDhmRVZEa0hIY1NaZmUzZGh3My04YkZhbzBXWERWZDZZSXZ1N1Z4NWh3NXhhUzlMY2k0LWltallFNmtfdkZvWjJwRk9hN1BnWThCNE1EVmN2VElLWWxMcW5pbUR6cVljajN4RVg2Sl9GWF9GMUE2d0Q1UjdUcENNd0dpQkgwYW5JQ3RNZG04b1paYnNtMmdyWQ?oc=5,2024
2024-10-17,Foundation:,"Isha Foundation: Tamil Nadu police files status report in Supreme Court, gives details of cases registered in 15 years - The Hindu",The Hindu,https://news.google.com/rss/articles/CBMi-wFBVV95cUxPUjh1aUZPeXJFeW11YXdTV1BlcnF3MDZXeGxFX2tPRThTTkxOSjdrYlFwTUJ5RHEwdC1DMXViTW9IZzlRdmo0YWJWZUhueFZzWGFQUXdxejVseU8walpTSDBWaElsSUc3QVM0MzhmZ3Zhd1dTeF8zNnNXWXBkZDY3MkpCbkpzODFNMWlrU1NfUWdTR3lLQ1NoR0d6c3VIY0ZROXpkUW1tS2RLaEpWS3JybTYtZDN4dFJ1XzREMW5BNnl1YmNYN3BHa2ZwZjVldDNSWmZOekoya1RBejdCbGZzM2otRVdmd1lpd01yLWFSUkhjWjBDRm5zeWd4b9IBggJBVV95cUxOb1FiNFJsbnJEUm9JV04xQmNmQXBIVy0wdEJtSEtxRzZ1TVhGZFg0cHdqN0xZaEZtN3BsZGJOVmR0bVRlc2lCbVJ6Z3A2b3BSakNkTlRhSkxPQktRZEpNMFpSUUc0bEM4QzV1ZUZTaE1nUHc2MEoxMW5OVlM5X2tXVlhSeE9ZVDk2SkoxalZDUHUycVhZM0xJNVllRVRnMEJaNjBwTFg5VktDQWhtZnotck03N0prVEhGVUpBXzJqM040R0FBaTdRYWFmUFRFVnk5MHp3a1g2TjZYZkxtajFhN2lTSnN6QVJlRnVLY3doendlUW90MGpKWkFSNlJKSVpXSFE?oc=5,2024
2024-03-20,BJP’s,FIR filed against BJP’s Shobha Karandlaje in Tamil Nadu for promoting enmity - The News Minute,The News Minute,https://news.google.com/rss/articles/CBMirwFBVV95cUxOTkN5T3RkUHJfY1d4LVI3VWhoY01rZmNGTVBUUDVxNkpwaWh3ZEpmVkxnQW1OLUFhT1loRjFPUno3cGVYWnVFQ0FwcmZ6ZThDTHFxblEzV3dXd1o5eXJfM1RCOHZaTXlpbmtnVF9BLXp5ZHJQMG1tOUhzVUE4elhzRUtWYVRvYkVvTzNBRGVJRkVtNWpseTVvSU9uc0R0dzN4bnoxOU1EV1lJTzhDYXlF0gG8AUFVX3lxTE9zR1FIa2d3SlIwblRaN081RWhaUHNLOXVvT0ZNcHdXNnlVYUNabDVQYl9PM3otM2h0djNoejYwTjU2NDBBdmhlT20tZXk4dmgwOV9aQjdBOXJzWmh6SllYS2N0X3dCRmhsWHJWTFRFSVJDWVRIMGMtSHZTMkUtYWE1SVpma1NCSnc3N2dLNmxHbjlrblZvQ2UyLW5oakNXUFMwdDFIblRvTWZ3MmV0bG5URWFFeFZ3NzVqcHVw?oc=5,2024
2024-12-26,University,"Anna University rape case FIR with survivor's details leaked, NCW demands strict action - The New Indian Express",The New Indian Express,https://news.google.com/rss/articles/CBMi3gFBVV95cUxQcmhMd296YkRwZ24yQmprT3VncFoxU1BJbHZROXNoN3J3Y0ZZN2hwaVJibXJFcGJBZDVQWUd6TXVoZjNyT2hfSWEtMVk1T2hxODIxd1RramcyY3p3alY3Nk1OUnpfRFoyNUswNGNUYlN2cGFmNUs0VGFvbjdlX2prbU92c1hvcmhqdjFiV2xESDMzUzBnZTJTbGttWXpoQzBnX3Bza1QxTFVNdmh5X053bFRHU0l0LTJGamdnVnFnUDNLeGg2dDdZdUNGbEJTdWp1Ul84VWhKQW9QOVdmaEHSAesBQVVfeXFMTVpDSC1QaHhRTXhoaFN2ZFdiMlNaRWJOamFnY2xEUHEwNmo0c09VZlItT0xULWR5SThzcHM0anVHWlRTek1vN3FiSEVzeGlVSzFPWDBiS0hmM3EtXzZGRmFOTm02d1hySWxzcjJaWWF4WUFUU01pOWNBcmxsQTluLUxfUlZlSjdDeWFWYVR6TTdDOUpHcE1nWDdiUU5kZUQxUlZkRFUtVGRMRkNiUGZQelBlRThVM0pMTl9sUnZTMlF0M2N1TnFYQ19KR1h6WkJGYkRNZFlJb3RPbGNHZnV2ZWptUVROYXN3dTd3TQ?oc=5,2024
2024-10-02,Chennai,No confidence in Tamil Nadu police: HC sends Chennai child rape case to CBI - The Times of India,The Times of India,https://news.google.com/rss/articles/CBMi4wFBVV95cUxQZm1tSmEwWmFDd2tpcjJBMkxPUlFKY3pRc2RvQXhTVGRzWUNDRGpIN1d6ZGZnaF9pN0Y1V0RtOUxodlhCd091eEo2Sl9WVHdWNkNhRFdEa0pzTjRadjVkWTF5U2VJTEVPMTZQbldDUjBHVHZpOEVKRnNleGdMNEFOaFBZSDVaQ3FnU1hVOGlKY3d0ODVuaF9MYlBNcThrMlV5NWN4ZUZmdnAwaUVkc2FvVmVEc2R1dkpmSXAzY1dxNXlFMlQtRURFZkU5T0QzOFB1Z2dvdW0tSjJnOUZtMmxiNTZTTdIB6AFBVV95cUxNQmV4dDRBOS1JcXV5ZG1heGlIVXYxTHhxVXlHSGhLM0NxTmc3dk53dl92dWVnbEpwcVNkMF9aOG1YbDBxT18tY1V2VUcxZVQ3NDhzeFp0LXhtMmhENURVdzRDWE44LUl3dWtlNnhWTUV1eGtNUWZ5T0tMVkJIcl9WZzRGNDdVb0MtZU00YXZMVERxLU41bEhybHpkZFhwQkhtR1lvWHM0ZUlwZ3RkMi1DUlhiVHJwa0MwbjA5OVFmSjNJLTAyejRjak5FS3JqNEhmeEFsRnpKRHA3dEt2d01hcGNHcnN0VEZt?oc=5,2024
2024-08-08,Madras,Madras High Court refuses to restrain TN police from arresting ‘Savukku’ Shankar in multiple cases - The Hindu,The Hindu,https://news.google.com/rss/articles/CBMiggJBVV95cUxOWDFfcUI5OVgyeDJQTXJhX3NPdThGZEY4VWpVTmJjdjAwU0QtYWxMX25uWUpTRDNVd3JnOWJ5b0pUSUNIM29ub1pMWlVLSlpiUXdHbkNWNUFCWVR6OXBQeHFUNXdNUWhLWHp3ZnNYX0F2ZDJabjZLczh6LXVKZjZSYk5LVVA0Ykl3QjVNbEFWZVFfUnkwUW0tNEdRcE85MGNzSVVkNTN6d1FvcGdSVmxSNy0xU3BBQm13SHFRbVZuT2xWWjJxMWhqZEVoYUp6TG9vc3lkUXA5ZEJtOU83ZG1Pa1lvQXhFSWhJcFI1dlhBeGU3Wnc2TW9nRmRXT2VFSzMzRGfSAYgCQVVfeXFMT1VDbllwb1Q3c2pndWJBTXpTT1ZuMzhUTUpITzRLNkpaU1pDR1ByOUVDbjFlWnFQODMxQTBmbUtxUnhfMTI5NjVoT0U0cS1FamtuNG5oZjVRY25fWWhOZlN0VmtkLXVJOXdxQlI4eVNEVzU2N241QWFzdzY0TWtyZkpLQVFfVmZVaGpEVFRJSzAyR0lRa01XdXJhZG5pWGJZRERwZUFOaXoyLTVpLTVRa3ZPcjZKVGRLNlF4MGhhSkJvd09RTy1YTjBoellRQ3RmWXctMnJxVk16eUctdGRSTG5CVEs0T1ZTa0ZSVDkyTW1yNDdScW4tcDBMYUdUQkRqS1RGdGtUQ1Bh?oc=5,2024
2024-08-17,Sexual,"Sexual harassment: After years of inaction, TN police file FIR against IFS officer - The News Minute",The News Minute,https://news.google.com/rss/articles/CBMivgFBVV95cUxPU0ptWDlNZnB1Wk5PWi0xWmVKZXFrcU1KZlNiR1RTYnVJSm15Vkh1X19Fa0lua05sWlVsaGN1dFhRQ1lZSGNOakkwaUlmV1QxSTlTbDY4bHhWeHBHaUxBVnBKVnJhY2MzSVlnWlktSUZ4MDBTUEJzM21xaS1odXhzWUItOFJWT19BQTh0SVEwV2IxYlZkMHBDYnVpeC1YN3lxNmNralVybnpTTExqWXlyUWhwcU54NDNKRENSSjhR0gHLAUFVX3lxTE1CRXRFTjBMbGtndzJIZTFjalN1c1k4eHRNQ2hKV1VWR3Nwa1RULW1maXlseTdfWU05ajVLOFZJMmQ3VExPaVhjZHZXM0dYTGtGWkR6enJMRzU2REMtX0hNMzBOcDdROF9vLUpJSDktV003ck1yOTItMWwyUGRoWVpaalhOeWE2VTEwVi0wME5SQW82TXlZdk5qVU1Cc09SS0djbllMQUhXYXJ1aHNmMHctVV83YS1CTmhVVEs3SW04X0RYSVNQRjBHT1Zv?oc=5,2024
2024-09-20,Tirupati,Tirupati laddu row: Madras HC lawyer files police complaint in T.N. against former Andhra Pradesh CM Jagan Mohan Reddy - The Hindu,The Hindu,https://news.google.com/rss/articles/CBMikwJBVV95cUxPc1Y5amE5S3pDTXJZSndhZlRFMGFpT3NJR2pVWnFxQmExSUs4bTViNkNTMWYyemtVYnljcGVGMEpoby1Dd1hmRWx2REh2WENnb3lkazJMVy1JRmFwQXhpd29iVmtVNnR3UHB3U1RJU2w3QVFZcGNzVVVEUV9iSjFSZF9qb2dyLXVfbDFSamJEOGJnZFpZMHVsNjBmUVYtMEdJUE54M3R1UGNaU25wQldJNG9MT2ZPa3NYcHJLS1ZyMG1mWWlNWUJuUkZrZlFTZHJHam9ENlQ2SktlWS15cFRWRlIwNUZSVURjeDgtVHM3RWVZRmRFUmxoOEh6M29pMGlZOEhuN0t5ZF9vYmJOWWNnbDVTWdIBmgJBVV95cUxQMGF6SVBmMEVodjRhd2JrV2cySEpCYllUOFJfS0VWYWdfaHc4bUZCZWlyNHZpclBCenVmcXhFLTZNc3dxWnRMdV9MeU5oT1pzRFV1UXNtdnNMVzZFd3BFbmMwc0dDU0MxRUgtME5TM052U242RUxYcXZvd1RtTlhkRFhGSlN3SVN4N0JlUXVtSjZ6dWFNQjRLc19TYXZfOVpkWVBocTBCVnNmUFNVdXB0cEZCOWU4ZlRsdnpad29nQUYwY2tFb2lFR21qMFBXRmRvN2JneFo2dVZxQ2NySDA5SlV3Z2luQ3I0RDRVZzFrVEdFa2c1NVhHQ0pHVlc3djN5dFgtMC04TkZjRnZaYTQ5YlMwYkQ2SVNkOWc?oc=5,2024
2024-01-03,Ennore,Ennore gas leak: Protesting residents allege police lodged FIR to target them - The News Minute,The News Minute,https://news.google.com/rss/articles/CBMisAFBVV95cUxNeUV5TlBfNVlWMV9KTEVsYVdQckZDUXZWdDFLNGZ0ZXI0WjVzb0l4ZXZEbjE1VC1ZMGxuVjBNTlRVWGVnNXlpXzh5TnRxN2oyelUwVE1xV2ZUT3IyS25Bazd2Nm5iRWJkT3hUbmtQZ1VPT2JobGpLdXk2b3VCSnFxaGxQUmlLREZERkNXVVdBNXphQUNfejNGY1RoeTR0cG1NN3JyUDNvN21HS3pxTk9SZ9IBvgFBVV95cUxQZ0k1RWwxbE9oWnpGb1l4RHdQbTVyM05TZE9renphU24zdjQtalQ5TGlRZ3M2U3k2bGE1N0VVbTNtbUw3SUJXTzJOMFNtRmx5WGN4VjB1ejBRRURyeHFWVm84SmhMcDN0X0RmaDlla1kwMjNMY2RQb0hzWFVjM205LTBFbEY4ZEVVN0hIVDJrbERTeXlweHBOMkhXS0lGQWVzV0dicGFzRC1vbG5JLTk3bGtxWlpLRHhyZGc5SnFn?oc=5,2024
2024-03-14,Delhi,Delhi Police register FIR against TN minister for speech against PM Modi - The News Minute,The News Minute,https://news.google.com/rss/articles/CBMiswFBVV95cUxNRFp1RkpmcU14MmpEV0htUnBZaUthYjB4VU90eHAyMlhvMHYxcXVDSy1fRmtPRmw2aXZFdkNwSHBmYV81Qlk1X2ladnpoWnAtRGRhTVJwWThNRmRTM1BHc09uZzVmcnlhTTdsTTZxR3lSUmJnaWpKRHU5bFV2cDQ4WjdsMko0a19PdFBNQmc1cFlaa05TVzVaVERacURoRmxkV3JvakVxOTRTaDl1UHVQSzluONIBwAFBVV95cUxNeU5PMXQ4cDhNbXNIbWM4Sm51SkZFM2RlUDFTbTJDRGEwYmNLWWxsZ3B5V1J1OHVwMzU1R0k0ZllVUXFVckNmTlNZaUVBX05NR0RJVnMtT0U0OUlOOW8tVUFyLW1acFNuR3AxbU1VMnREQnA1dU51T3k4MjFfQmk2YkdsMnhFa0lIbVhDWW1KcnhraE50VTg1RXp5XzJfcVFlS1YySW5NZk5FSTlPR05nbG5YTUpNeUNwZ0QzRlQzSmk?oc=5,2024
2024-03-18,Chennai,Chennai cyber scam victim asked to pay for legal proceedings by another scammer - The News Minute,The News Minute,https://news.google.com/rss/articles/CBMivAFBVV95cUxQVmxpaHFkN044WW9JMXVaaG9BSF9LaEN5LWtXSnFDZW0tb2tCRWpiVlgxb25PNXZYMnJtaFdhcDhXZ052R0QxSzhHSl9pV3JQeElTQnRPeFNlQk1ydzJoaXRUM2s2S3B2VTNNTTM5bkNjUnNYYk1fc1NyZWNOdkVRdzFSMC1XUmQzU1E0ZExYaWRDdlppUjRrdkltdGlINl9NOENaaHRQS0FqSU5XX0tLN1l4V1ZKc3RGWjkwU9IBygFBVV95cUxOOGtheGxRckE2WGg4RXkxRElIQU5qR2ZQbWNxci03aGF5OU10czRKY2s5cVpqaXRfb0Y0OVBsVzVVR3ZVSFZIUUpucV9vX1JwUVdfNDVCZi1QMWJXMC1JV0h3WFZfSjV0cDRiTzBlWGtrZTFBbW5idW9ieUs3QjJ0c0tTbHBnS3lKSGNqLUdyTTU2VUxNVTNWMDRoVmJqSW1fWXF2QkRlYXVFa3R5OThWZTktS1ZsTVlsTHprTDl4M1FxWTI1NjkyV2VR?oc=5,2024
2024-09-19,Chennai,"Woman’s body stuffed in suitcase, man arrested for murder in Chennai - The Hindu",The Hindu,https://news.google.com/rss/articles/CBMi5AFBVV95cUxORFRiU3YybHdGdWdoT0dBY0hPWXVxN29hYTdHd1BCdWNTdUxMVUtJSjJLY1pkWm1EU01NR3R3UU5zcnNmdTVMTVhtcVZMQlZrVGtOa2VuYnhMN2prSTFaTWlleU1hRDNUbTltNm1mWFBCNDJEQ2QybjZ1ZWZsalRIVTBEM1dNWXBtY3VHTURHSGpwNElBN3ZZb2h4TTRoZWlNQnBPTWpMVnpwdXZmU2VFM05nXzhha1VCdng5TUlDcmZvZlQxOHdVUkpvQVlTeXdnUmRSWmxBMElYUnRocHhQZ000NkvSAesBQVVfeXFMT2t3c3pNVkcweVd3MXFuSkRsMGh0eENVdlk4cXhDUi1hT3pHcjBqb2RMOFlXdWo0UzhZLUJoOGZNZTNyNjJHdUFTRkktM1BIMzZOa1hTN1J0LUI3bWtfQ2JMYTQ0aEVCVS1ya3k3N1ZPU0hYeTNrLXBLb2NXNW9rRThUTi1lazMxZDVYMVd3VV9rTlRoeThSZmtjQUVhcmF5WXVBN1Nsek1aMmZNSzZnWWtOMDBZR1ZlSlRGbUZFYjUtRDNDWXloa2RVWEFGaUtDVnhVUWExNk1sekh0dDJHa2Z6LW9WUmhfeGJOdw?oc=5,2024
2024-07-06,Chennai,India: Police arrest 8 for politician's murder in Chennai - dw.com,dw.com,https://news.google.com/rss/articles/CBMikgFBVV95cUxOa2MyZnVwVUwtbU5rWmhxTXFpZnF3dW1tZ2tqQ3BlVkN3d0NYYWJoRnNOUUdnc0xBTkxrWHk0SnhramR2SG9feWRfdzZxcGJzSVV0cnE0eHcxLVUtb0RpdmpMeDVCbndhdVVlMGZHOFpjMXBpT0plOTBzNm9kdnZvM1hMQlU2QWoxZEtURF9QOXBrZ9IBkgFBVV95cUxOM08yVG1yTzFfekU5NWt2X1NkekJLR3EyX0tvcnUyY0dwOW1rRks3Z1FjOHlaVWJzRW1RSTRJTU9HOGdrZEJRZkdfcjlWNFR6eHpwbGdTaGZWRWdGSi1yTFI3N21faDNwdDB0dHlmQmc0dmJmMlV3T1ZRLXFTeWlvTDRQMW1NMDJSMlA4UkpsTXAyQQ?oc=5,2024
2024-06-18,Chennai,Madras High Court grants conditional bail to Chennai temple priest in rape case - The Hindu,The Hindu,https://news.google.com/rss/articles/CBMi4wFBVV95cUxQZHIxVVg4cUIxbGM5Y01MSlFBcWMwTHVycHlxY0N5NkxsV0dkVmRhLXRObUxvc0VOR2pRd2o5UWx4UWNhUGVzVFFaUU02dzF5YWNKTnZPVm9penJJeld5VFF6al9TX2NMOFM3YVlaZks5b0FfMDNPb05MbGZxLWdBQ3NrX2lBV3k1SVNYb0dlNWt5WFJWVlpGV0RZelVIZGpTUTduYVdQUjNWT2xxbEtaLXFxOWpNanRxUWhLc2FBSVhKSzJ4dXBUNkhFOXVpUTBqajVkUXNfMEhVZ1ZrajNyVndPONIB6gFBVV95cUxOX3VMQ1N0M25lRmwzR24yR01NUlhjMkROd1dzUHhZaEp5VW50QWdnOGo5aWRMRFFvYnZWN3FGUGRYQjFyMHdKQzFOX2YtRnk0UzlwTjhSd2gyM1loOGtyaXNLUnl0V1ZHY1B5NHJlV0w5ZElWTnhRWkV4amJpOVRxQkE3c0pyS3AycHFFdGVweEJ0U3hiRmQ0Q0JuTWluSl9fdGlKMGQwaEtiSUZmTFRiSUZUSFVJcl8zQUxTZUFPQ2lxQ3hCSHpOcHBlVTFxd2J2Y3VkYkFBSmtOclEwWlVLaHpVZk1MN0dwRkE?oc=5,2024
2024-11-13,Chennai,Anna Nagar POCSO case | Supreme Court stays order for CBI probe into sexual assault of minor in Chennai - The Hindu,The Hindu,https://news.google.com/rss/articles/CBMigAJBVV95cUxQMTR5TENqSFZaSjFVcmxGUm1UMjZlTzNWU0pzblE0YmxsR1ZSelFDMEpGbXoteFFoN19XQUF6MkFwUzVBMXk3SFN3ZE16VDJpcVdaY0lNV0VUWllRSmVBaWhCTWZZQnFXcTVYRUZFNmVDZV9uenNhVndKb2hHZlN5MkNjVktzb3h5MFl4V0YxNFItTzlscDdPTkxhT3pSdXczLUdoMDRGS2lZNWdQQW1KbkdWdTQ5WkF0OVlXSWhZQzduZmk3b29tZFM4OUVLVFlZTG5ia0FkZk9PUmN4UGg5THhPQ3NIRFFnU0RnQXc3bkN1QlRZdjJiNHAyUGRNT3hY0gGHAkFVX3lxTE9jTVFJUFNpdlliSG5yUDRNS3hhT0JKLW1DYXh1M3ZvR3ZXY3dTT2JaaGZlSE53blF1dkNlcjJIUmdreTllcDdLbkY4R2gyZzBmLWZBY01PcmFKX1d3bGxNN2VCR1lRa0J4d1dzMW5DZnNZdEZJVE9naERDMnNUcVYxLWdERzFUaVhUVTIxLUJJd0p0R2tBMU9xS05LWWRvOUJKMURTeURvYjltazF1d1BacjVGMzRJZ0otcGtVRS1KQ29NN2pnVkRDejNnck1sYWRvNVhrYVhVMUxqRjg4cG45WkZDTFZCN05sMXBTNWFxTnkwdmNQY1o1RTl1LVY3MnczLUpoRDNZ?oc=5,2024
2024-07-06,Chennai,"No political conspiracy behind murder of Armstrong, says Chennai City Police Commissioner Sandeep Rai Rathore - The Hindu",The Hindu,https://news.google.com/rss/articles/CBMiigJBVV95cUxQQzNmLUJIelBvNmR1enYxMEhPdFpvOFhMbnRqRXJMa0VJSUxmYTNsdy1UblVKc19fRFR2S3lXVXNyRVZZNFJmMFFEQkNabzJtT0FibWE5V2ZIc0FrRllxek9YZG4xTjNtME82VU1Da1E1NDJqMzhfM3lzUTdGSGVqX1NqVXZkNlZYbV9XZVd6dFBNVjdlRnI2MHhNTm5BSExRTVZxYl9VcUQyR1VaRzFqUEhiZ0pKcU1mcXFscDVEZXVqTkVJamNEUFEtaWducHl3MzRLQS1MaDZhMkNEd2tyMzZxZjdKdy1pT0NVOFdLemdGaUlTMWZqUDNyWDhZa3J3WVB1MU8tUGtoUdIBkAJBVV95cUxQeEx6MU03VjF2RzRmLTZjNDhOajA4SUs5RzlYb00wNEpqZmZPdkNrV3A3dFMwRmtua0RvcjVQOWNQdHZ3VDE4YldOVDI5bWpEYnQ4SE94djZFaWtON3A3SkFvMzZMcEVDcC05SEZOV3ZpTnpuRUtGeUJWY05wNjZRaFk0QmtXLXIzYTVBWVZxTXp4aVZjV1NMM1hkOUp2TS11ekNSUlJGZ2VuaEVtZ1YyUnF5ZGVXN1VUX0Z5cWg0S1JBczdNVmg0d0VBWm1RVlhmek5YUnNucm1PeW1XNG00NzBxZ3JBSm10ZjY1c0VuSTBsUmN4Q3NXSi1uRURUYXgzemd0ZzNHSTdMZVlqaUE4Sw?oc=5,2024
2024-07-08,Chennai,Seven persons held for murder in separate cases in Chennai - The Hindu,The Hindu,https://news.google.com/rss/articles/CBMiwAFBVV95cUxPY2FJVFg1eHkwaEp4VDJObll3Rl9MS3Y3Rl9PcDFMcHF1MUwxMklkRnNiTGJmUjAyT0JhZkFmZmozYjd6MnNPbjdfNGduRlkwSWwwMEJCSXl2VlBqVFBOcWtVZ2l1RDBjWWZVaU5rd2tqaXk1T1ZjOHl5NlFJSU1fU2d6MXp5dnNWbEdLUXJzdEV1cHdfQ09FZ0IwdDNWZktKVXM4WGVZWHlhNDM0bTNjV0p6MFR1MUU2aTZkaV82dFDSAccBQVVfeXFMUFpGRmVNeV82cFJKQ2NJNjFGU0JpM2hIUF8wd3BtTHo2QnJlMEF6QllxamJDcnp1T0RIbDVEMVNmZkxIU2traXJhMWdDMGtFdzE1NXg1Y2EteGNFTVR4eHdUemxlaDEySkdUTFJTazZlclJqTmRsLUFESUJoMk1Pa1hxS0loREZwTVliajlRTm16MHpEdUIyQWlsUWZCSDI0Q210c1FQT0lNaEVya2FpR2dpaEJaMVgxcHNmcFU4VGYxcFFBeTlGVQ?oc=5,2024
2024-04-26,Taramani,One more suspect held for murder of real estate businessman in Taramani - The Hindu,The Hindu,https://news.google.com/rss/articles/CBMi0gFBVV95cUxNTDBrbWVfNU5DNURfNFlpRmtYVXNpbW1JMkhBeVI5ZUpPWnpmNFA2UEs1anFOMnZpZFNlQWc5N3h3Y19hNklIR19OdHphWWF5amlkVkJESTkwUFZhNlBEVS1pT2Z2bzdveG9zeEVpc2FId29ETmJiTGNZdnFiRTR2R3E4MTJzekhzbkdtRVF4aWJ5MU9hUlBWd2JoOEQ3MnR6cGN2allkMHBjbEwxMnVDRXpmcUlMLTl2ekxEeDZ0b0pPT2E3eGdzNzRKdzhJTkdYbGfSAdgBQVVfeXFMTzBjMFZfV2h3eWlGM0g1d25HUzAzOGNkdEdIYmNxNGFUekk1UzFrTzBOUnpDbWs2Nk5nS0JlZjRuSGhFUnhxZDk5Y0N4eWRpSlpEUERETnZXLUk3UUQ1aDRDMERyVVVmd3RoaldtaUQySlBTOWI5dUZiVDdvdHNRWDRFZVpqcFA0UnJPd29YRUVnRld5STBsZnc5TTVMcXFPZWlGS3JCQUZDVVhTT2dUUkNaaHVuQ0t1R1VkbmhqZGpBZGIwSVlWTjFmQzU5b3NBeGt4OUNrNGcx?oc=5,2024
2024-04-24,Chennai,Chennai’s Kalakshetra Foundation ex-teacher arrested on sexual assault charges - The Hindu,The Hindu,https://news.google.com/rss/articles/CBMi0gFBVV95cUxPZ2NvczM0Ylo3RVQ5SXFybkZLczN4MzRrUEtaa2pQbWNPTXZ1RzUwS251cThhNEY0Qm4zb0ZsU2VNTWpCS2YxazBfWWZOT2pPUUFUUHphV3BKaE9kb3VTZ0xBdVZKT0YzdkRUY3pFVWlockxRNlgwblo2SnEzSEVVQnM4MldRU1hiMWFjZGtTR3o2Z1R3QmZJRndEV3JmbWVnOEVKZ3pWQWQ1QnNoZDFSejNjLS1hSXptcGVDSmNCb3hIMHhyeU9zUXNKTHY5RGJZMkHSAdgBQVVfeXFMTmxDWTlBcEhpc2x6dDlHekZ0OXAxbGtqTVF0S1RoLVJ2SXpqWFNBNjFsNFpGcmZWam9GVFdRdDhTSTNBaUpOWk5xVklnWmJ6T3ZMRFpUUTlGS2I1MmlLSlNHaUpuWGNBRzJ2Njg0UWlkUEpScEotNk1IazNLUXJFcHR6djBNZWtCYkF6bkttck9tMkw3aXcwc0laQ216eWhIRWdWVjByVUdfZjJnd21uVTRoY3VHclZOQXNuTzU3YmZhNGRiV2U5SHRFODU4LUlPZUlCaVFxSUhM?oc=5,2024
2024-12-07,Ayanavaram,Two youth arrested for rape of mentally-challenged girl in Ayanavaram - The Hindu,The Hindu,https://news.google.com/rss/articles/CBMivwFBVV95cUxNMGlQUGJrZGtkVmVUZklmN21DMzRLV2xhQ0tERTFTVVlHdGVUUWRJNmtqc0V1OFpFMzl2cnV6eUVHbDhxaXF3MGt4c1ZHX1RBektSay1fNFBWdzFqOGZGMzdRaUJsdExaWjZxOUNXUEk2UDdJMkpDUWh6WFZEdEt3d09BMnMzd1JpSjREbHlEcEtrRkY0ZDJXT0V0UEotaVctT3prajlsdWFTd21XVVpXa29EZWtaWE1FdjBTMF9WSdIBxgFBVV95cUxNLUNsZDVDb1hoRnJaaGo0WmljM00wXzlVcFFsb3ZCRkZwcWplcjBMcDFrYVVaU1k0ZEZsaENIWEhZbWR4a2Y5Y3d5UjE3eFlWd2xybXJVazRZaVFXREgtWVVfNktiTV85WFNveUZEWnpGbjY0YlBQOUJXSXdDNmxXZ0x0WUZ5OHVQeUo3VVBmY05ETlQtSlRfTWtyTzlndjBtc2RTTDRhRVJtTTFKNko5dW5heTRlUzZzc293NVVEMGxsSXlaTnc?oc=5,2024
2024-08-22,Those,"Those who prevent sexual assault cannot be prosecuted for murder, rules Madras High Court - The Hindu",The Hindu,https://news.google.com/rss/articles/CBMi7wFBVV95cUxPZTl6cExxVzZQUDEzamlEeHppUG9UQjlxN2RLdmFiNlY3dWg5X1JkdXMzckRUVk9GX1NldmQwVlFoTFNjUXoxRm5hY1BuOWhlbEoyUmNfZGx0cTFfZlducE1FMlNiT2oxV1lNOEs4UmthV19fQTNiNEpvRld3c1BSWnI0NFpFMjV3NlF6U21UU2IzZzRad0I4cnVQeEZ3UnN0ajZHVWdCWTAyNzcwS0IyWEFjTHFRMkdDRHpBOXo5YWVpM2JBZkcyV3puUERhOGdUZkc2ZmFScVkwUTd2a0l0ZXBNUUxycC1maDhyRXphONIB9gFBVV95cUxQcEhkSmE4a19wSnREWUhpczdlRmdOT01ZX3hhSXNrRWhKblg0bmNzdTNJYXBvZnRqTUVjRWZfdmp1R00wdWFXODcxUmlTMHk1amVZMTdKR283cmlnbnQ4MHlnNlI2ZDlfb3k1LXlmd3lEbG1aYTRSV0RIMEtqVzJSMTNNZHlQZ3NqT19RN18xNzJBcjFVQl9fZG0wYkVZOW9pNXZUT2FQYWRlU2JDMk93VGxVMU9TT2VmYjl3ZG1fdFZUQkpLZzMzM3RXOHdEYUNuSWliSEhWcjhIT2FYUnpaTlRzeGVDMWc0N0RxNnhRaXI4RVc1bmc?oc=5,2024
2024-06-17,Chennai,Seven surrender in attempt to murder BJP functionary’s husband in Chennai - The Hindu,The Hindu,https://news.google.com/rss/articles/CBMi0wFBVV95cUxNM0N3T052Yzl4RDJYN1J2d0Rub01xLWVuYng2eXFqbkhPMlAyWmRtaGg2MTFQaGJzYlBBQUFQTFh0aUNwbks3TURPb2dVemctdUIzNDhpLUV5dkI5YkZXVHFzYWU3VVhJalM4Z0FJbjJsMnJDUWlvY05GcjZ0X3F3MVJBOVV6dzJldFVoUmlaQ1VtU3J3T01FQVdyY2pyS0xGLUYwazg0UjM4NjRRbEhwZktlNnpqYW9rZnJVRzlSTGNWNnhMSVFZaFo1NWlid0stV0hR0gHaAUFVX3lxTE9pZkdWbTR2ZVI4cTFOZkVfeVMwUkZ5YUdJVkNwcGNaRVo0RHJJN2VLOEpYN2xDS25rY29VSlh1VXNlemtUYnZNZGRwdHB5NnozQUM3OURiZDBOeGdvR2V4TmxsSkNYT3hoVFZSem54dDlsSEZSbUZzZGJTS2I3Q3dSNFNqcXNmQ2xTaGNBeWlhQ1loLS01V3MzYXdIbnVKczMyNk5oMTV4dGxuNVN2UW1rTlJTZFdaRkN3aFRCUTY5U2t3ZGFfaTJJOV9URWYtY2ZaSmEzY05WSzRR?oc=5,2024
2024-11-03,Chennai,Murder of domestic help in Aminjikarai: Chennai Police arrest six persons - The Hindu,The Hindu,https://news.google.com/rss/articles/CBMi0wFBVV95cUxNNTdPcUFCbURMRkZONVpIVW9QenlXQXYzUXlOQWt0WV8tZ1dOUnF5T2ZWOF9ib3RVbmdxcjNLSUsxMVp3WDliM2ZJWmp0NjlnTzVFOG5Xa2lkRE9TeXBDbG9tQkFBVHBTRWJFbk9yMVZIMzh5VHZrSmNaRURjOWx0SklYOWFodGVrNi1sQVpaMEQ2eXc5QU1rbmNPQVlseDVPaHhFYjVFUlVUcTRrblRrMGNZMl9Qc1dZeVBMVEJiNzlOSUNHTHFPOVdHdlFNX1FPX3Yw0gHaAUFVX3lxTE5NdUdxdVhwQ1hMc01Ia3c2cWZLUlh4WVNpdFZDRUg3VmZfZE9HSzV4U2d5WXRBSFY0RlQ2ZktqMThjMDZuTTFFSTdncVA5YlFmT1ZQMDh0eWNGTUxDOVBEaXRicnhRRkMwNEVwM1oxUFB2TXJhQ1FCZzJNNF9qYzZKT1BkakxhYWlpYkpaN2xSeHBXVngxcmNKZklWNkZrUE5XaURTb0JrNlQxTEMyZVNIUjNYc2tHNkpvYnJBZHZsSjktQmdSQ3dsMHZ2YXZYcE1lRm5ydk9fQ1dR?oc=5,2024
2024-07-06,Chennai,Tamil Nadu BSP leader Armstrong death: Tension prevails in north Chennai - The Hindu,The Hindu,https://news.google.com/rss/articles/CBMi3AFBVV95cUxPWXZ0R3JoMHlfRXNVREJ6eS0xV2hkNUExT2JwalBvN0FBWjB2ZU5pWUo1a1RUcGxQcGFSQlpWRExjSV9hTHdwdV84REtOeUVWbUdWbUNOaWVnaTBxa3UxUU54ZGZFSk5Tdlp0WWd1bmhSSnJOUGVWellmaTJlbWF0UVkxV3JpTVFGQ0wxQ3VPYmhLRWhXU09KcFNfSzlaYldvUk95c2NfemJudk5uRUlqTlZScTcwWW9RWHg1R0VENmVsU2dWTlVqM1BBVnBvel9xREJnelpHcG1ncldY0gHjAUFVX3lxTE0zOXQ0dklJR1E0V0ZEZXpPQjNGNWtEcDQ3dl9DYWd1ZUVoMUJKcGdhaHFOQmhrVWlCSjhjYlFjeTFIc0pVYW9BZEplcXNMdUpFU0NOS0FrRS05dk93blp4Yk0xc3VqQzd6Y2hkemcxSEE5eFZQcE9UNmQzSHpqZ1J2SlE2UU9sQWw3Tk5UVjloUTNpMVJTamwxUzVjZzdfMXBWWF83MXQ4Z2JFUWpjSXEzdExHMkVxRTNrclNtQndvUEhLbXRJYjI4Q0c2ZXE2ejk1NFlpZ2FoMG0yLWx5Rjd1WFBv?oc=5,2024
2024-12-10,Three,Three more suspects held for rape of intellectually-challenged student in Ayanavaram - The Hindu,The Hindu,https://news.google.com/rss/articles/CBMi4wFBVV95cUxQa0FCTFh6RWxTbGFCMFFXdHFxVDNQVzNYSTVxX25BSnBmSEdTa29TRkhRRlBWMXhXMUhiUVdjYk1QY0hDT3cxdmpQMm9wUklrLVZXSjVUV0lnVHA4R19ISHc5ZUNaN2JIN2ZiNUNkbUVkZEcwQzNJRUNIa2RCMFVsTjlVRTF0SWhXUnJadmxkdHdudUxTMS1SOE14QWRiX0x2WHVFTGJDNzZhanM0MHRHVGRyWjVjQXhJaGFtVTFnbFZnU21sVkhKSzNKckl6d242SC1CTWVjZmZsa3A1VnBRQ2xYQdIB6gFBVV95cUxNMXo1MFpSQmw4bDAtcGpPUkZTMU1qNUw5ME9tLVc3RmRURHRtT2g5Z2Zma09Zbm5tcEwtR2k0c1hfWHA4ZldlemFSdTlrQzgtalVybEIwWVFiUlJsd3VfZ0o5blFIUFBkQ0s0WWNLNmVaam4zMHhuNG1GRHBFNkljWWFaMGtMd1JrQW1GVWxrODFMYVJQZ1A1OWZqcnhpSTB2QnN4Mnk3QXVVaTNOVnNQM21NYzdpeXFLZ01QcGlUZEIyTTM3ZWNublZGQV91dUFWdS00eUFSWEFVOGdkeTJYRWVndzhLbWxfTlE?oc=5,2024
2024-07-19,Chennai,"Suspect arrested for murder, theft of elderly woman in Chennai - The Hindu",The Hindu,https://news.google.com/rss/articles/CBMixAFBVV95cUxQdFFCMFNoREdmQXUzWEs0Snc4SVp2TUNkSnZMbElaczV5ZXdJNGJhUWE2ek05ZkVId0ZXNVpJd2pfMjEzdDhuWWl2LTJ4WE9wME5VbEM1ZDVNWk92VllVQnBQMng3MDJBQmlzeHo5cDRrWDJBY05pNFNtdGRsVWRGQ1FvWWlvQUFwOHVlM29LZldSYWVHRTFReDRpRS1JZk9rcGwzMjdXRTFUcEJHaUd6U2gyRncwNkJEZ0FTTHlILXZ2djNV0gHLAUFVX3lxTFBXWlMtcE5iYnhzTlhoUGd5REQ1TndWdG12Ymx2T21pR3NmN2M5ek5rS0VZRUI0aG1nblhTaUFxdmFmRUF6NFg2Qy1IMXFUWHg0c0xRa3RqbmVJVXRVSGNoS04wVTh6RVc3QkxVdW45Nmg2N3o2ZkpTZjFwcDV1S01NZmFHM2F2ZUZ1UWxiU0NEazJOMzcwMzZfTWd4ZzF6RVlsblZqV0k0M3hBaUVhMWlQZXB0empLR3ZVSUU4YW1XX09BZmdTUzA2RFAw?oc=5,2024
2024-07-14,Chennai,BSP leader Armstrong murder case: History sheeter Thiruvengadam killed in police encounter at Chennai - The Hindu,The Hindu,https://news.google.com/rss/articles/CBMigAJBVV95cUxPdmRxbmxya2NQUzR0N0d0ZmktLUx6NDFoM3F4OWo5TFlBRTZGaHJKM3oxV0ZCMk95NmQ1Ukw5a0xET2xIZXV3bWtPUG5oV0FkZEoyekdHNDBqOU43bU52OHFTVGVVUThBVXdrNGJiREFfLTBiSkFaZ085TVowWFZ0MkphZl9CXzAxemxxVTZlMF9weVI4SEpoRjJ5WmRTMVJzZGpoWmZfa3RVVG4wNW5kLVlEWFlBX1NQMndTUjMyYkxUb016REtETDJpUWdMMFlnQUpTVWxtT3VaUDRFV2xJX2QwRVJDN2d0WkhOLVFDWlpWQ3NxUnZPVDYtS2h5NzZF0gGHAkFVX3lxTE5kcU05aXJaVzh5RXNCaG00WFN5SjRxVjhadVl3NDJ6VzFlLWxpRWE2ZVd0SjNIdkxEbExueUowdC1LbUR1TDhhNHBVWENSdTlnSVNzdGp2TVl3MHlaV2hnd25sOEI3OTZxbzdwdDJleFhGeV9HV2xLWUZtczQxU2lCUXYta1liV2pqekNYTlJHMzVJLUw1YlFURFhHZ1hOemp1UzJva1I2VnFxVXZQWE0yT1lMRmZKVXhvYnc4WnRQVzgybEltNlRNcnA3M09jWmFUMDY5TkhNRUxxV1h0NGhTZjVETFN4aVVGajVudTluNlNzR3JWQU02MWZLNG5oZTc5SHRsUkQw?oc=5,2024
2024-06-18,Chennai,"Man murdered in group clash in Chennai, six arrested within six hours - The Hindu",The Hindu,https://news.google.com/rss/articles/CBMizgFBVV95cUxNbDdnSUlBbkRSOC15dzUzMl9PWGFsdDh3V1BoTU4wbUZkVGZlTUxCblAzeEFobUpKUW44X0NKVVpwT2U5eFVFZC1Ha1JuX05kLVpCT05ubkNiVmJCWWRIZE9wTlpXaXV4b0lSSXgzOERnUWp5WFIzZ3BKck42MTVYeGNNNjJFeHJ2Ukw2eXFOTkI0aEladlVKbnBXM3Y4WmJLd3RqMXFkYW9lS1pBaDBWMUYtQkNPOXRadndxQzFEN3dSYkJwSmdMWkxFXzFDZ9IB1AFBVV95cUxOX0duNXhMSXBHS3dOSTg1dkQyWWRTbHh4QWRzNlpKN0tZQ3dwNWE0Ukt3azNNT2g1bF82Mkx5cVJmRVp6N3haM3hTSkZRelFpaHktYnVHUlZMMkJzb0p3VnEyaHNuWkJ0Z2FydkNBVDNicGVJZHFobUpyQnFHOU9ha1ZWTFQ5Zk9lbWtQaDJDN1ZKZHhFdElxN3FpZnlmaW1Lbm5rQVVNQ3FuUUhHNEF0MV9pSWpQaTJOWGJYeDB3SUwxdmFtYTBmeHNNNnlUVXJPYVZmRQ?oc=5,2024
2024-06-22,Chennai,"Chennai college student murders mother, brother - The Hindu",The Hindu,https://news.google.com/rss/articles/CBMisAFBVV95cUxNeDlRbWlRTnBRdl84aUJveklPNWR3UU1kNFpuQ3FXX19XYXZ0TDZUb3p6RHhWbE1sSlkyeDJxdTdQR2E4VFRtdkhYS05KZ0NsX0wyejJyOFNSVFdTeFdCOU5WSlNZb1MweFJkQ2NQYzR1QU9ELU1qRnpzT1JqRzJ6SDRoNzU5QkhkTXhsLTRpQ0lpQmpHaVBlMHlOUXVkamRJdjdDanNqX002elo1Uk5oQtIBtwFBVV95cUxQZkdCS1FSeEhiOG1QYlN4dWFRZk5lbi1oZ1lBaUxsS3A2bzZOcEZyZDBTMUxXYVZKaURydDZnRVBSeXF5WEI4MlB0bURrTjQ5TWdLM1lzSlhIZHd0MmZ5SUVkb2NkaExmbmNGRnU4U1FrSV9YWlJBUVI2aWhYejNFSWV2d3JQalNmNUlxcUZhWWplMlowajlWRHItb1Y2R3lxY3FGaGtiVFBYOXFReE16NGJNOS16VW8?oc=5,2024
2024-06-13,Advocate,"Advocate hacked to death in Thiruvanmiyur, three arrested - The Hindu",The Hindu,https://news.google.com/rss/articles/CBMivgFBVV95cUxQcGZsY2RjRmV4WkEzMnpJWktqblJUZ2NhbndtOTJXVzNtSmphVnpDQl9abXY5aHFxRGQwUDB3TGlTYlctSHhzY1Z6S2pEN2JPSEZPb1BrSWs2bTJCYjdfMWhIeFNlOU14NXAwQVZ6cExfZzM5S2VHUXJZOUktbGs3bXhMUlFaeDNjTDhINzNqeHlTWENHRlZ4ZW9Ra0pVR0VzbkhYRHRQalNNSGxSczRxY05PMHF0cWl1cFFJdFhR0gHEAUFVX3lxTE1panZPNzFmMnBlaDRWUl9aZC1CRy1VTk94ZHBuVzVZNThQUkFKelBWWk5IdXlfaGRBYm5hR3lGUi1uVks5RXRidjNMYmQ0NGVURTNYVndUNDIxMzc4N3Z6UXZvQlFOcHNrZTNOeG5wRUdWMUZWTGFaYVFrNWZISnhyVm4tbWtsc2pDVDVqRnFaYTVWNXZWRmh6Ni1nNHFRX0VtVG9NNlljMlR3eWJ4QUlYSk1MQ3FPM1B6UnlGMEpxQVU3V3Q?oc=5,2024
2024-09-06,Thanjavur,Gang Rape in Thanjavur Exposes Systemic Failures in Tamil Nadu’s Justice System - Frontline Magazine,Frontline Magazine,https://news.google.com/rss/articles/CBMi2AFBVV95cUxPUElEcWZGR0Ytelk1elhndXE0ODBfTm42TTJzOTVLQ0c2eWFnSTlkdkw3WkJaWFk1MXBJYzlrWUtOVTliaTlmQ09DcDhORWtUSTA5dlVfQWtqVFBfSzZMRHVJU2pwSE1ubE9aZWNNYzIzaHpDZFZYbW5JV0ZtTkx2ZUZiSXVjQVpjdEc5UEp3Nm5oOUdYRjFhZ0NWSGJyZ2N6WUFXcFVMWm10RmJfTGtDeUt3LUxXaDNhTVZDVlhOTDJuT0t3NU5rVmdUcXdNSzNlSnpiTy1GamfSAd8BQVVfeXFMTWFKb2NtRE91b1g3YlJlcDZEZXZOeTdKRndnSUNzekVLMVBkcVZXdlFYVU9lTHhwQWdZUjYxU2tOVFdOMEhUMHhHY3pRZkJaT1ZIRE92OS14eE1VM2h6TVN2b1ZaOXd5NF9GZUJwUjFVR1BZQ0pacUwxMG5URzhtMW03S1RBZnJoTTdxZDg2ME95THpTUkNidmdidndyNjZvRklpWWVoN0pjMzB6cHJHUzJtM0lab2VNNXU2M2x3N2FZSlVMcENMOFRWMWV1TnotTDhlN3JrYkdkNjRLN2pscw?oc=5,2024
2024-12-30,Tamil,Tamil Nadu: Rape case takes a full political turn - Deccan Chronicle,Deccan Chronicle,https://news.google.com/rss/articles/CBMitgFBVV95cUxOcXRjajNGNGZIT2pRc3hLVzU5TGZ2b05VeERaQUNSeHRmMnZJVVBZNldmQU45Sy1PdzEyWGV0Vk10TmljOGR4QnVsQ2pVQWpyRVVETGJaQWRDeVphVlc1aUdma0hWUjR4OF9HV21SVDBydkUyalpSVmxoNlJsRGtlZ1QtWjhseFpxeFNwS25QTldMN2hLeUt4X21vN2NXZlRsRlNRd0MyU3M5b1B1Vk4zbEVjMXM1UdIBuwFBVV95cUxOYmRjbDF0Zk9mMHc3QnZRa0FrRDdFaFBHaUpNTG1YejVQV1BPeHZhWWJfRUpDekM1QURObWR3amxQbWJDamVzcWgxNFdrdW51Rm41SXg2dUhCYl91aWpmLUhFUlhPbjRXUTJnSXVMNUNYME9uX3FCZ2NVU2JHYTU5ZFkySXFWdnVQdVJzeVBSRmNTanM3VVRoNFV4cTMtSVFkMG5KYVhyLUt1M3hncTBQMHU5QzRNU3dkcDVJ?oc=5,2024
2024-05-06,Minute,"7 years after TN teen was raped and dumped in a well, only one convicted - The News Minute",The News Minute,https://news.google.com/rss/articles/CBMisgFBVV95cUxPYVhJY1ZOZlE0ek1pQktQNzZKMWJOV0RtZWRrWXY1Y3FjMTUyQ3V0N0JiMWJya2JQdTZtNWx4Y0c0SExPWUtIWWE2d2pvejNFSnhRYXVvZ0h4amZSTV9adzk3U3JsYXE0MzBOVjJwNGZ3LXFOZkxDa1BYekJ6d09vM0owUzdEaVhpVW9aRmp6TkhXanpoWmZYMzlwUXNzRzRfeERHRkxDYndKVjJRdlFWLVJn?oc=5,2024
2024-09-08,Chennai,"Minor rape survivor's parents allege assault by Chennai cops, police deny charge - India Today",India Today,https://news.google.com/rss/articles/CBMi7wFBVV95cUxNTm5tdDhlclFGanJSaUFuRVl0cFE4YUQ3S3o1SG9BYndhRl9Jd0J6TGhTWmo1SnN4VzFtVFA2OGtqcnpuTFUxdTNrWnNNV0ljclZhUXQwV1I5ODZtU1R5elZpZXM5Y1JnTlQyMGY0Tml2UG1seFlMVGhyMWJJX3JSLXFtX3VGcmlselFEOENFb2dhMVlBUDByd2VJX3ViMUpBRnBYUVpwRmRKYVVaYWg2ZmpiM1o2X0RuLWg2STVCbUZUZzhoZFJMY0kyMkY4RmdUNXBMc0QtbHY2aG9xaGxDREdHWnlNcG1hRE9FZlNXb9IB9AFBVV95cUxNbTZKbVMteXVqc0JQanF2Zmk1ZVh1aS1vcmsxdnpKQWV3MGRMSXNEWmtSMmo3Xy1VNG03WEFJNWxvYWpacGlUTV9ZRTgzMFhXckstU2Q1WXFPSHR0eEdrQ0ZweXBEMXBhRjZENXBaOVozbzZkbWgxTTlKMzNhMkltQ0txblZabnVYWXV0UEUwa3JpNG5EWkRPR1ltRk5FWGVXdlNlZnRYQWhYdWgwSXFFMm4wQkdSMmFLRFFfcDJKeHVkemZWMmFZNFNkLXhCT0RPMkljSEVubmxyX29qaEdWT0gwcGh1eTdmdm94aldkQmFqY1o5?oc=5,2024
2024-03-30,South,Why is there less heinous crime against women in South India? - The South First,The South First,https://news.google.com/rss/articles/CBMimwFBVV95cUxPNWZ2aWNsLTlDcDBrXzl3VTVfVTNJbHMzQ2xPdkJYMFFLejhJd3hXeFFMSFgtTDNZZXFKVGV2bVhzTi13TmJKZDlsc2p4Rk15RkVBV19MV2UxVnJxNEFUbGxzYVRXZmUtblgzZ1UwZEROemQzVjBuSFNiMTdvb2JibjAtSXNEVEtCeEQ4cldJeEZLM0xMWXJLS09hVQ?oc=5,2024
2024-05-17,Palaniswami,Palaniswami urges T.N. government to punish perpetrators in Udumalpet rape case - The Hindu,The Hindu,https://news.google.com/rss/articles/CBMi4AFBVV95cUxNaVlNb25GclZvbUdqdXdTdnhWcUlyYTd0UTlCVXZaSnlsUVA4amVtWjlrMGw1WFZpWUFJdkNERm1jNFZhR0ZWNnczNGVXV0lmUnV6YnVvNmtXOGF4SldxY2F2VTZRUE12NENlNFhHNEhldURSTjM3aVE1NFlieG12SFNPWGtEbEF1U0JVOU8wclcxZW1NN2hpbmtOQWRkc3VEMnF5QkFpeTY3NUozNkJvZ3diNWVhMGlHVE9iN0FwVU1RUXhoQzA4cmlYdTVCV0lJSjZ0LTRvUlo3SlJsQk9fcdIB5wFBVV95cUxOVlJKVFRlME1pdWNwcHBSUTVMcjEwVUZQOEhpNWZfclVIMzdBVGZjNy1wbjZLT2RpS00ycVZUeWd3VXc1V1lSNnAtejREMG1PQzQ0YjBVUmNfcVN6QS1QYll5a1ZwUlp0VURGOF9Td3FMbjgwbjQ1aV9lR0NVZFJFRUEyMTFjUFhxbGZvejF4QXRHWlVUeFM0U3VzQWRFWGFWcTJEWGdzOE1ZS3NJSUhGTUtqZmJOQ2hfZFZ3S1EwcURReWpZc3o3ejBUV0Y4dkFCU3h3enczT3M3Z1FXcE0zQS1CMVpEWlE?oc=5,2024
2024-07-17,Tamil,15 men get 20-year rigorous imprisonment for rape of two minor sisters in Tamil Nadu - The Times of India,The Times of India,https://news.google.com/rss/articles/CBMi5gFBVV95cUxPa1ZmUWxmUm1VcUp5dk5iRWNsVlZHdmhTZ0VxeVEzUm95T3N2UzV1NFIzUlhRMUZhUHF6MjZGZnp2MTRvZzdKYXVFTkltd0t0NWo3ZDF3cG1SMzJ5NUdNb0t0M0ZJbFBkeUpfSk0zS3c4bHM4VGgtem52bVR2OHY4UnJ3U1VxWmtYWmFNMEtfSkF4YWxZMEFEOTZPMzNzSGt6UkdPSFV0QWtuUDFzdDdrWWEzcjhmWmdDRzhuT0YyMjFoYVZLNW5Ya000MWJmNGtjM0RKUzMzaHdNXzVhWWhMU0NSMDdfZ9IB6wFBVV95cUxQcXhIWnBnZzg4S01rdTJTV2o0ekNHbkVhb0F5bVVyWGVRWWgydENTU3Jib1MtZFVKajB2ZFZiOHJoQmplemdQNlRwMzBSTS1sWDFPS09KcFNHRFlkV0Q1NnZUQjNDVFpjMkxqaHZxSGpMUDZGOUQwYnVuWjNRbUo0ZHhrSngxWXd3dThkcDIwUGMxZVRjWkxqOEtYNEdXcWdUdnQ2VjVaYWpzLUF0ZmpGQXkxamZob2FCTmRoU21YQ1NJTHNEeG03MGJxd2duaTFLMUNDd1k5LUp6WFk4Y2VuTk9rUUhiMkFKRU9J?oc=5,2024
2024-05-12,Chennai,"Tamil Nadu: Woman gangraped and murdered near Chennai, three arrested - The News Minute",The News Minute,https://news.google.com/rss/articles/CBMirAFBVV95cUxOUFFZWVZ2SEhPNHhhMkRIV1N2LW9KSlVYaENnS25lVG0ydHVLeHF0aHo3RDB4OXhwWG5WR1VyeTFzcjROWlJseDZtR19wUlNFZXZZUGlSM0hWWkFBN0RxdF8zSjlPQzZGeWJfZG5NVDBGRTJWUll1RTk1R1p3c1hZOTNmUkRFeWRMWDNVclpncWtHTG5GRzBVWVl4STU0UW9HN1FaekcweFdMYkVO0gG6AUFVX3lxTE1vSjRWeDR0WU1fbXhaSThrNG53Z2tCOUVNRGpPUTRJd2NQOGRQUzF3UkxrdmZqTHlaeWN5dmxBZ2EzLUEyR3VTeUJNakNfcWFpdm0xa0NsNUdVbUEyNXdzUkZ1MnFreGd6ZktqRHlPLTAwSlpMdjZMRlVGZHhPUW5aeU5kdEoyX0tWbmFEbUxmdmFiNWllOXZST1E5M1Z3LW5OQTJjWkxRbWYwamJnQzU1cW1ZVDA4bUNrdw?oc=5,2024
2024-11-22,Teenage,Teenage boy exonerated from 2021 ‘rape and murder’ case in T.N. - The Hindu,The Hindu,https://news.google.com/rss/articles/CBMi0wFBVV95cUxNN1NWRkxMV0xaM2ZBdWdqbGxUa0pxQUw3dGJ2MFkyem8tWjFrWUNrMUhUSkotR29STUMwUHpyZkQ3VWV3amdfUEdfWkxncUZZb2V3X3hJTnBuMEVFRzNnTHZuUzNzXzVOQ2s4bEtzNmx4em84VXB5WkRsQnpqSThuRHZhYUVVWnRKck1mNUpwN3hIeXl0S1ZLbmMtblBpQWJVaWFJWjJmWHJ1MGhYamtPRU0xTFRXSFBrWWZMX2Z6RUdDZC1DYnVtb1lUTFRFNnVJV1Y40gHaAUFVX3lxTE9wdlIxNUJYVmxfejE2cnhnNldOMWk3YVJIQnoxd3NqYWl1bHZQTzBpaVV4OUNSM19QaXFHRWFqN0VWd0kwMm1QT2xjZ19KdVJlMzFFMEhoVkoydG5NYzQzYU53UWNNWXJudGNWdklKZUFKb25IbzMtbFBidzdJWlVlcU43a1ZueVJLc0hHWUJob3diZGZYQUVMdGphSEVxWndrMzB6YWZNR1lhMmNIYmV6VTFqdUFnVWdoVFAzSEpCTXlmX05KcnpMOXZaQmoyeWR6YnVmOVZNTnRn?oc=5,2024
2024-12-28,Tamil,High court chides Tamil Nadu government for seeking credit for arrest in rape case - The Times of India,The Times of India,https://news.google.com/rss/articles/CBMi5AFBVV95cUxNVXg1TU5VbHExWDhNd3ljQVpqNHJXQWxYUGVUSVI5V19iT3dNU0M5aFMwTDBYVHBMWDEwUFpNU1UxdjFDejhHQVRSV0pvZ3pHOE9LTUhOV0R1Ti01eTRHdEdOcjY5WHBGVzUwanNpNkVLaWFEZ1ljRW4zOERsZVVxTTU3ZDNQczRVTHZOaHFrT3BjbnBJTHBjV1RYSl9NWGJUS29FVFJxeWRpWG1CeU1rMkF0S3ljNmZLVEVnY2VscENHc2VzMEkxSE40cHQ5MEdXNS1JRFV4dXNlVDJFUDdWTzRJdlHSAeoBQVVfeXFMUGJ2LTJ5YU5uRTZQSEZXVTlCQXhiU3lyOHpTamVsdW5ZVktrd3kwOTJhdDNuZmN4WmVmdG5wT05Vc1RvanpJYVZDLWxhMHZGWFA5SWkyaXAybmJQb0F5SXItcDZkbDFtdFdlRlUwMGNEeWo1MnZsT0w5ODRvdnE4SXJ3R1BJamJweXJmT3dTaURVY1FZNmJkNWo4OS1LTHh0cnhIOUZzQXJnYlFLYVJQQmdhWF81alpTWDI3UE9uVUYwYk11dTV4cW5wV1pCWXpMRHhGMnVrTUJIb3lFZnFMRkhJdnlrTkxqMGdn?oc=5,2024
2024-08-23,Tamil,Tamil Nadu: Accused in fake NCC camp rape case succumbs after suicide attempt - The News Minute,The News Minute,https://news.google.com/rss/articles/CBMiuAFBVV95cUxQdVJpb05uOHZCX29QWjQ0UjNINlNFdmVNN3VRdk9VUzZ5N0xRR2tGekEwbHo5ZnprTFZLeTlqbDZ3bmVQVUdIQXVkSkcteEc0S3BtU0NYOUZGNGlYY21NaWtDcDQ2Z2NUMHdKdGEyZVphWHFtTnBGTDJsVlB4SURGZllRampXTUhUY2pMZEZBRFdpMS13Ri1Eb2dfOUVsY3JacmpqbW05MXZJdFQyOXhBdFFqZEJqLXpN0gHGAUFVX3lxTFBiMFJuM2x3Z2Z5Rk0zUkNsNTRxd3hzYzQ2aVAxb3pkVmNDYTVDVkhqMGRiZWE3alNTSC1kcXptUHYzeVZjeUlmcUpuSzcxTFJvTkMwRjc5a3B1allxNUNQNlVRWm9kV01rS3h5YkxmTjhva0ZlaEVZLTFibzFjRFNka0R1WHFtVnJtZjZHUFZnaER4Rm11a2xiTHRCRjJXWVZoTWR5UUpBWGVWejg4NjI3Qk5DbjBRdHJESGV1UEFPcUNlR254Zw?oc=5,2024
2024-12-27,Crimes,Crimes against women on the rise after DMK came to power: Palaniswami - The Hindu,The Hindu,https://news.google.com/rss/articles/CBMi1AFBVV95cUxPdnk2cktyMHdJNTFiV3NNellKdU8yYnQxaWRhaHZhbVVxN3h2RV92TmU3Unp2YjQwUFI1NDN5a1ZMaHltanV4ZVZKLWZpb3BCWm5BX1lrcW1xUkRiTmZwNEEwVnhZTFdjMXZTRy1Ya2tabkdwaGFHN0dBV0w4YU5rb2x0UTNXbW8zNGF0TU9wT1JvWXhOZ05acmFlcTFWQ21kMHpTZzRrSmRJSVhfTUxEYUJqNy1CTW41U0dxcHp1YS0zcW9XQ284bE1PYUFKNjZRSzBPTdIB2wFBVV95cUxOMUhWVm95ejNGbnBaMTRLb1lsd1JXS3d3aTl0Ull2bG8wdHVfWjExYXZtc001Q3k0ZXpzeXhSZnU5UjJZQmhBeWV6dVJsNkdHd2xZaVBnUjlXZmxxYmJxeGJyVmJHcjlockU0MG5aQTRzSWt0aUdpNnJMdllTanh1X3Vsc3ppUjdtTDV4OVlBelNNenQ3dVNQS1VZOEw2dWk5S3VaZndaay1tdUpITUFsR1pCd25WNFYwWUZpRk9GWjMzazNMeU9jb2x1UzNNRURGU2c2NFNtZTQzek0?oc=5,2024
2024-12-29,Tamil,High court sets up all-woman SIT to probe Tamil Nadu univ rape case - The Times of India,The Times of India,https://news.google.com/rss/articles/CBMi0AFBVV95cUxQd3hBVERkVm90SXhiU1JkZlJOd1lpamtISE5Pa3MteGExejBtR0EzamFSMVpNWks1NV9lR0lmME4zMF8taHNoLVRYb2NmQnZmcWFQaWExaUpZTEc4M0FpSnJodXljd0ItdFEtb1BURWdpdG5vNEE2LW1UNWxEblo5dGxCdFRRZ3AzOTBEaXUzMWl6V1FBWU9QMEZfb3k0R2JJVld6VGkzRmF5Y28yNWVTZkdicWgtSmJkamJVWTIwTlMxQ0R0SDd5UlR0akM4eVNp0gHWAUFVX3lxTFByOC1OaVhWcWhzdHlYUEN5ckhJd3JYbDJqYVQwQkl3NjItbUk3RlZYUmthbXlwWnV5ejE2THFZUTREUXVoekgzRnozVTZjTTZvVU9iUHFFb0RHUzQ5NGs1eUFYTXEyLUdyMjBKWk9IN0ZPWktrM1BQbVotWWt5M2xFUzZnei1RRGhEWXEtQnRCcGdVZExZbGdlams0MWRNODVITTVnbjdJR0pQam1VTEphYndWYlBvMEU5YmxJUXp5NllXd2R0TjFMME0ybUJfTHF0RmxNdHc?oc=5,2024
2024-02-14,Dharmapuri,Three sentenced to life imprisonment for gang-rape of Dalit girl in Dharmapuri - The Hindu,The Hindu,https://news.google.com/rss/articles/CBMi3wFBVV95cUxNOFVQZWpxTnpjVUt1TjQyRXZEMjlZSlU3MXVFZ3RVZnA5MHQ1SS13WkNSQmhwTUpwVW9hamNzZDJYNU5UQU05dmxqRFl0b2djcWlyRDRBbGt0TnJJTU1HRlRyVVUtdUVxZnVZMVMtS0NlX1pzLXJlcTJlVV9sX1ZWOTRMenNMdWdzdE14dGRTNEVzTDVDNE1WNW9zbzVhSEVuek1ONFVQWkhFdFl5enpGTS1mVzg1dnFHSzY3LXZEQlhQYlI2bFZJcjFlOGJBT25nM0hzeXc3SWluTkhKZ0NF0gHmAUFVX3lxTE56TmF3QVZleWJsYWplcHl1TW5JWjlYVEZfdFVjSkFKWmxudzdoZlc0UnJHNFNlQ3lRdGtVN3FtcUZUMFBHeVRFc2FDUXd1SEZ2eWphTjFtZjRsU2Y2Xzh0NGJqcjc2M3lZWHBCdTlGSWZmTHJId29rUC1lVW9IOTNBczJVZzVHWjlQQnptZHpzVmQzVVZVcHp6YVJTNFZ5d3VEcEd2aEMtbXUzanhLa0ptYnhKVEdUR1NveDdHXzhkSm05ZXUyMlBTd1lsSmxrY1FoZ1JPNExUZXh4b2FIQkwwcjBsYTRn?oc=5,2024
2024-08-23,Tamil,Tamil Nadu NCC camp rape accused Sivaraman dies during treatment after suicide attempt - The Times of India,The Times of India,https://news.google.com/rss/articles/CBMi2gFBVV95cUxOX21FX2dudlUyLTRRRFVyeHl4NlA2cHIteWhDU2kyS2RtZUUzQ25fYTF3dlBDUnlDTWZKbkxpYktpVXlFWnBzeU5TX2VZT1UxblhRSWFRb3JVTTZMa0JUWkFpZ3V0SDl1VlA2a3dqWml0Ukg4TVBzR2NHWVFuQ3hsdFdDTkppQ2pRWkVzVEI3QkJxdXY3dXFHWUVGQTFldFBaYnAzbGFPQ2UzaUxCU0J6bWVKN1pibXZ5X0NVTUNUR0lYc2xScUNyTlRUM3lJVVN4dm1QbTlzNmMzUdIB3wFBVV95cUxNcFAzMHpNbHY1ZHJZdjVOZ3dqN1JGbXBHVnloZnl5UXhhcVJGSEJzRXp1eFBOVnJGMlV1VFJLY0RncG5TTERvT3Bjb3NRaFIySzVmZV9ON0N0OXQ3aUs3eVZCU1lvYTNRMWxyR0sydGhBRHZXTUM1bTVvOTg2VmI3d0tuSmxTSFpIQ1U1VXlURnVoNzNVZDIyMDR2aDVqdTYxT3J5bW50aDFpSnpYelBNYWpGSk1PcjA5MDFEdzRFNTNqeVRiUktORzd4TExpZlN4dmszZ0phR2lUdGZYVzRj?oc=5,2024
2024-08-23,Hindu,Fake NCC camp rape case: Main accused dies in hospital days after suicide attempt - The Hindu,The Hindu,https://news.google.com/rss/articles/CBMi5AFBVV95cUxPX01DeldfSndfZmN1cTdoZ3FUOVRiWDJIVkNxTlRrQV9vT0lQa240SW1Wakk5YkJ1ZmZtNUlqM3dJR0JRYnRZQm1aYVVUYjRodmNFVFRNVHJDWklsUE1zWkZMWHdQOWdPbktYNkUzTDR1MTlUU0pfNUd2amxNY1A2czJpNi1GLWMzUlB2Um9Fb29XRnhUVHZwQUE2NUFNdGNUdDA0OEZZMkY3NVUySy1xNkhpWGVFMGkzMlRUNUdIZXVmMkhjVU51VWw4eTd2cE1pNnpHR0k2Y3NZSkl2MjdrOXFGekLSAesBQVVfeXFMT0k0Y01xQ29SN1ZuZng0bEptWWZOMF93bXQtNkZQc0NWMmFfVGZQUTNmYjBHMXY2NFYzaU5vLXlpQkJYMXR5dzM2dmtadFJjelZSSnNFTU5id3A0Ym10N1M0MjRuUGxOOVlpVU5LdE5oQXI3UWsxT0pXNG83MzQxVWFzRDVnYTlHcEhHRnM3Q2VYMWxLdnVWQkxVTjNYSFpFTVpnVFlKd3VTOEtvSldaV19wUVg2T25LSnVBZjRWUGNUejY3LVBKMlBLazZ3YUZsQm1sc28yYnZ2dmJtQWpfNGoydXpoMXdhdGh2VQ?oc=5,2024
2024-12-27,Tamil,Tamil Nadu BJP chief Annamalai whips himself in vow to seek justice in Anna University rape case - The Times of India,The Times of India,https://news.google.com/rss/articles/CBMiiAJBVV95cUxOeTBIcjZabEtndjE3WGJSVFBSRDVpaGJsYUlKcFl0czZyZl9qUXloazljemRKSGZ5LVJack90a3FqSS1WaG13cnEwNzF1MlhZdTc3VkJHeVRLbzdKTzUteGRkUkhpc0ZWQ0FDTmlaenYydk9qUUp0Sl81bGFFODlkUjBjRFVScW5CNW44S0pzWjJBYWpHNnlYLTMzVEkwMWJjYXVmRzVqc0dLRjEwRkNMcUZ4ajB4TEo4NUNVWG93a21HUFRxOXR4aGdJdHAtcDd6MWJLdVdETllnVVVkUUVUenEtcGVUTDZkT29uNmh4bEJ0WTV6dHA5aVdqSU44WUVpY2V5aFVfai3SAY4CQVVfeXFMTmEwSDVCQ0tMOWdNWHRJNGZ6N28tOUxOWDEzaS00X193RFFFMEJ6ZllhTWQzbG94WmJ5dmxNaGh5NTdpYWNjMjdTdWkwS0ltRHlnZ3RUdndkTEZnT0NvazRjNmZmTGZKOUdkN2dIZE1ES1picVlGQkR2ZGYwRndRWWtrVUhqZDJteFhobEtoS1BMSHNjM3VTb1h3ZXphN0JuOG1ReGhaQjMtaUMySlpVMGZEdTJtVnN2cjBfNnVJRFEtcWh5YlBCYjVpLWk5akkydENWMG1EeWYyTFBnYlVVQXVBb2NXVFVvYkxzekQwVlZzV1FUckM1bUVPdlhSR3FDb0RSNnI2Nld6cHJrN013?oc=5,2024
2024-12-07,Dalit,Rate of conviction in cases of rape of Dalit women in TN is below national average: Governor R.N. Ravi - The Hindu,The Hindu,https://news.google.com/rss/articles/CBMi_gFBVV95cUxPSDVPdWxRN0tBOXozUW5nNUhuMEg3VkFTajNjVEZRVTU4OEVEZXF3TmtKS1ZoS05LYUstRmt2bHlIVGJJRk1LbWdPNzVmcWY5VTVPMG1yTkZteVNWeEN3eU5veF93QlRQVmRXWTc2SUVQWGdaWjc4Z21oUWQ1MmJEN0hnZTVCQUZGVXVvaEFEUl9pWHVYMGozVWNwa0d3VzN1OHRCdGViN0NBTHVwZHdsRTZaQy1felI3VE1mZFIyTlRremNxaXVfVGlCRlV2eUFvVlphOXcySmJXQ050TnNnZnMxQmtvSnVBTE9ybE5QRVE5UzhVRDFVZ2Q3LVJoQdIBhAJBVV95cUxNUFViYjlXLWxxemM3cC1xV1RBRW84S0wyOGVOUjVkWGZIdktCam5OcGQyQUkyT0ZRdnR4TEFSNGsxN3o4Wk1iNWxMUzVSMXlUOHc4UkRTdGI0N3NsS09MVUZIQXBKYUltcHZCY2lhV1JjTzhzYVJrNU1MRFJ3QU0zWGg5SDFsVmdBTXZzc2dCUUFOSnBYQTVOUXczT0pnaWk0djhndkhURkxjTUxfMXRYSlI2T050OTk4UFFnUC15NDVPOHdkcEpySHczSU9POGdEWFJFMHF2cG52N1VyUDJwZENnSWloSzNyT0tPZk1ZeXl1VzZoSEZEb2JiQmhRUHlIekNzZg?oc=5,2024
2024-02-25,Horror,Horror in custody: murder and rape at the hands of ‘protectors’ - The Hindu,The Hindu,https://news.google.com/rss/articles/CBMiygFBVV95cUxNcHlvVlo0V0lObEtmbHFDaWhsZlJUdXFGZUU1TUs1bEZxRXVnTkdiR0VaVXRzSWZLU3FyME9nWDJ5WHBQVS13UTFCUWQtWDNINzFTbnZjNi1aWUlPS3g4OWtkVkkxZ0VWNFo2QVJHMnhQUVJFQ2MtNEFHNUFpdmpPb01sQ0cyNlJnS2RpOGM1RnlpdFJiTzBiQnRsRzAwTWFfSjNVZUdOMksxUUI4S0FJSzNXbFhOb3dwLXlHYjE1d2Y2Rl9wMW9sMmhB0gHQAUFVX3lxTFA1REROdXVqQWkxZkZmOFpJR3g3dHRrWXJTeF95aFRCM19jUFpjV3pscFFWTVpVYTktbS01RjdmcWY2R0Y5UnNIbGtMamk5RjFFaVdWMVNxNlNfMDZYY3dSLWF2VkxlRWpRbDlvMUkwWlM3aW9IemRYdGVlTUlDLWYzR2VXV044UFJsbUU5YS1yT3lBd016UDZ6bFZpZDgwWkszRzR1LVVZRnJqa1pQMVRvVzhUNml5UzRYYkVtUjFvTXNfSUFHcjVEc3NNeGZpei0?oc=5,2024
2024-07-11,Watch:,Watch: Armstrong’s murder and unanswered questions | Focus Tamil Nadu - The Hindu,The Hindu,https://news.google.com/rss/articles/CBMiugFBVV95cUxPbW5KYklWVjJaOWtBNzVWTWVBVkl0eE1TMl9NYlU1X3lfMjdjMEo4ei1LN09oTHVZRHBjSWt5NlZoeUw4R3hvWi1NUURxY2s0aThtNEZpckdhLWdtaFFQSV9mbmRJN3B2U184ZWxBemhvMW9xNVZ6QVd0SWJsNjRBel9oNUdNblFmUDFpNVZyNlhOMkxrMVNRN2pxekpXdnFwS3F1bWhMbnlPNTBOOEtCaWZ6WjNmQzlNNGfSAcABQVVfeXFMTUlhZUN4MzNGZkpnOWpaS2FyRzVLR0JHaUp4bG1iN0FQQzN5YkJTb01jTGVncU9lN0lYOHdQVHktdFZoSzZLNjVHS2F2VzdUZ1ZjTzdDclJQeVBFdnhldXp6SktTQnVpQmdMYjV3c3pLcHJDOW01ajV5U1dDUmQ1ZFduWTcwVXJPTk9PclNHYkh4TzRFc0d6aEJPUnBTanZLaTM5Q2pFNHduYTdlVjZuT3VkLUwxX3hVLWo1SUJBZmlq?oc=5,2024
2024-07-14,Tamil,Tamil Nadu BSP Chief K Armstrong's Murder Accused Killed In Police Encounter - NDTV,NDTV,https://news.google.com/rss/articles/CBMiwgFBVV95cUxQSWUyXzltMmpiZFZxSkpfN1JhbEJtRmJOWV80MzFkNnJXY1F4aUVIRnVYelhadWZVZkFhMWZBT3VNRW5UcHJrS0JnaEhZa2R0NGc1ZGtSdDZEUkc1dDNMLUhaYkkweEtQZDZ0Skx3RkNWSUR3NlZmZkxvZWtLc19xb09idEZPendGY04yOXhra1RQaXZjbHNfOVFndTRLNGhOMHJNdGs1UEhQek1uVUxkOThTUkgwaFh1SEg3eVBSZnppUdIBygFBVV95cUxPV0dZLV9HSFMtNjJjcEdHSk96dzRtR3hWdjBRU1Y4cVZMT2tyeGFTTGc5cUN2ZWcycnVMSlJXWm5FVzJuQXRuTkNGLUZOUlpSTzU3Yml4N0dPNnFldXNTUHhOUFk1S3k0cXFvdF9XMW91LWdJLV85QlI2d2toVWJkclk4VTNvQkFlYnZaY1RCcTNhSGRhLTRnUmJoY0xFZUNjVm9zNThSRzNFSEhVQ1g1cm9Oa0JrU0k5Y1ZwQzJFRVlHNHhnMWNlTF9B?oc=5,2024
2024-10-03,Three,Three gangs and three motives? The murder of BSP leader Armstrong in Tamil Nadu - Newslaundry,Newslaundry,https://news.google.com/rss/articles/CBMiuAFBVV95cUxNU3QwOFVCNFNMdExyeVBRd1VPTzVhQlFZaFlIN05YY2dnaVk5Q2dZT3V4Qk1BWWdPRkpQdl9ScC1YR0huTVBfbm5uZnFfRjA2aWwwZ0t5c0VoQWxuSnlzZWMxTkxvZS1tRkpxaTRLWnlSMUpIVkZNcG9jN3o4TDdWdFBaZThzYmhDdTcyYThNNURONnN3R0dPWG5kZ3ZOZFBRZTdySjc4VUxGR2JUOXhUMGk4VURLMHRk0gHOAUFVX3lxTE5ZVU1Yd0xyNmVxZVMzSjI3RVlTejhnOWNrNi16MGRZZjNUcnJxVUxEc1Vrejdtd0Y5ejEzSGJ3V3A0UlJZazFlVF9IeU8wTjJVZlZfWXpoQktiMkhsa1dfRkhKV0VqSmxaNnJLX21xN1ZVcmxPREs5MVhJakFIUnBwcVo1bXdNSmdNbGRZOVNtV3htdlFUYkFVN3hxUmRmZlNqVnlLMnpYajloQVR1YW9rYzg4cDRXZzFEb3V4UW8zSXFfbGF5UHFxN3NUeVB3?oc=5,2024
2024-07-06,Chennai,Tamil Nadu BSP leader Armstrong murder: 8 suspects arrested in Chennai - The News Minute,The News Minute,https://news.google.com/rss/articles/CBMirwFBVV95cUxPR3d6eXczdmk3QnU4cE9aVFJ0VnVkZFNmRXdkRG9jNnVPclk1TnYza0FIME9kaW9ob25WNi1rWTlfRm5feEJ2YnRiN2lwdkhOU0IzOGdmRTVXWVNjUUlsTVliamJJSkxBSmwydGRsSjUyOHdTaU9rYW1BUEszbUNIejdfWWVfYmMwUkZYVlB1M2Y2YXoxNjBZTHJPS2NNdnpyeXBPbW5jd0U2WXlldTI40gG8AUFVX3lxTFBOeHdHdzM5MHlBTVJoOGlnX1hjNlg1SllVUlMzZzdxODBJdVozZFdXRHFzeHFOeFlzWi1qZjVsNVJZaXktNUZTMUJOX2duekZCUlI2Zk43RHNOc2l2OXNhQ0J2U0tHdUNoVTJWTDF1RnV0U19sN2t0ZjBNUzBMSlRIV2tLT01OUnZ2eHpxNFkwNF82X0N4MW1NX1QtWHREbGJQNVRVd1BhMUdmSHhlZFdNcEpjNGZQaUp0cDBz?oc=5,2024
2024-07-14,Tamil,Tamil Nadu BSP chief K Armstrong's murder accused killed in police encounter - India Today,India Today,https://news.google.com/rss/articles/CBMi0gFBVV95cUxNdi1nU3l3WFJ4V2lWM3htanQxOXd3dnpBT09IT191WUhvSFhteFhhcGs1VjJXUHU0RnlZNTF3R1VMcTZueFBZMmNVT3FQZ1ljNi16d2lXMkM5MHJNcE8ySEN4U2lFV0NWYWZpTG03bmk1LUpIQklUSF9KSHQxbFNESlpLa3lWSi0zZzB4cGZaZEpGbDF4V0NuelZ0UFRhSENhX2hvbEZLdkQzY011Nmw0RlZfVkQtek9XMzR0OVZqNE5zMV9EV1hHWUtuRXVZTllCWEHSAdcBQVVfeXFMTkwxSTFyTTVldXBxY19MQmNtMi1HU1BjRnVQWUotVXhWYzU4VWFXd0l3N2Q3cVhJbjdiaGdfeHdRZHBLSERCb2RFYlZTNEVSLVpqR1l6SGxQckRMR1c1TlFTTG9UczFOdHVoZFZrRnQxRHgtSkFDaHBCb21wWlh5MG1wUGVhRXR6eGlrcmNjNXRSN3RFRTFkeTNUR0VxLVdFYjA5YjdpS0Q2bzctRGI3bUFZelk3d3pESTFvT3h3cXI2WmcwX3RwNjYwNUNpQ2p2Zmp1b1lrQUE?oc=5,2024
2024-07-06,Chennai,Bahujan Samaj Party’s Tamil Nadu chief K Armstrong murdered in Chennai - Scroll.in,Scroll.in,https://news.google.com/rss/articles/CBMipAFBVV95cUxQZFRhU1J6VzlQOHJWdG1xZzdVVjA0NlgyZkxXLWtOX2IwWTc2eXJaQWtiWklqTkdCRjN1RlpxODduVm1Iak5WVGR2Ym1ndTdDOUt4ZE1rTUFCUXFpb29sNWpJbUhabDFucmtTLXVCY2F5eXl2SXh6eXAwekNrbFlzdnNPMzJfdlRnMFd1VFhrZlhPS1FVWDRpZXVTaHpOSFdBN0VHWdIBqgFBVV95cUxOTG1LRzEtVEMwTEF4LUdOQV9sYWtNS0FOZno3Rjg5WWs5MC1GOURVeXFoaEoyZ0dkS2pibjBqYkttMmFUTFQ4UFNURVpQQS1OVzBramUzMXNuN0I3TEdpbzdURlNpcUFCWDU1QlBoeHhVaFhKVjF0NkhhTmlMUjNCMHJGOGpvRndGLUFlSGxaZFZvOHhhblk1dE9iWmliQXZCZG5CQWYyX1p6Zw?oc=5,2024
2024-07-07,Leader,BSP Leader Armstrong Killing Case: Tamil Nadu Police Links Murder To Gangster's Financial Scam - Swarajya,Swarajya,https://news.google.com/rss/articles/CBMixgFBVV95cUxQTFNUSjg4eU5acFFIS250ekJlUlhsZk1MNFdjTzJVWFEtQXhPdDFNRlFqV0hvSlBqNWZyOHBTQThaWEcwT2ZQQ2xhaUhCLW5ZTEhUb2MyOTlwN2tJMlAwQzJybGV1SDVDX2drNWpwT29tVHk1YTEwSHFBWWxRU05fSlhlb2ZwUlljamxlMUNkUXhuOUk5S19ER0VZcy11WVRrcVg5QVFHM1NxeGEzVGp0MUxFdXl4UG1iX2JXX0RoNHFCbU44aVHSAdYBQVVfeXFMUGFUX3hWeU4xTEhjeTc0REhWT3RFWnpuXzNKVlRBWUJISVhyTVRXNUp1bjZOclRxWGNOYWl2RnBReE95d2VVdGdXeXlibWppT0JzMkZNd0Q5NHkzVUo5bURIMVJmd3hFZjlUNzRENHVSSGhGOFpTZnRKWUhIX25zZ1Axelh3RWdJMkxmYUktbjdZVC15YWgzS283Q0NxMG9ZXzhaNjdzSU1iRjRFVG1ZbVVzZEtvTlE5QkZZYnl2U2pVUHB2UWIzZ0FOX0R1R2t6QjFDV01Hdw?oc=5,2024
2024-11-04,Armstrong,How the plan to murder Armstrong was executed - The Hindu,The Hindu,https://news.google.com/rss/articles/CBMitgFBVV95cUxNWGxQWTByRzcxVjh4UW50NnNaM09UNEQ2b01LVXlKSWI3UHY5dzJWd0JPdmNia0VEVmZrazU4QXhKYlJuc3hWNldwRHd5SUtaMnZ3ZFJxd1ZySDVnZlB5SDZwdVNLcTgydmdYQWQwa0lMdWpFMTJIcHlpeDJPZ3pNbWRTRzU3WEpYRG1SXzF3YUR1Y3RFbWYtRzF5ajJzZEVnRjFva1VnNzlBc3ZxMy1OcTZDejBNUdIBvAFBVV95cUxOV3hUR2g4RVQyaXlCSHNRa0RMQWFjS2NBUXctZV9NdXQwRmx2OXZZSTZEbXRZcTVITmtZaVM5ajM4R0tnU0ZhQXh4TzJsR1E3OTBzVVJVd25YNUFGSTY4MHNWTVoyVG5KWGhobUkxT0pLNkIxNkJLc0s1ck9XXy1zTkYzaHBnYURyVlpXdXVkOWgwY193eW5kX0RvQW1uRTg2LVNrX0NFMWNURGY5VUpzZ1Y2UWV0eGljRXN4OA?oc=5,2024
2024-07-28,Opposition,DMK vs Opposition As Two More Political Workers From Tamil Nadu Killed - NDTV,NDTV,https://news.google.com/rss/articles/CBMirwFBVV95cUxOaEgyOFlaSUt2XzRTS1JkNWtwV0oyQllablgxblJwRERXQVlxajJUSEplWDJjOEFPYVF0SGNyTHFqenZrN1hyNVdxNXRJWnZNbGQ4VklCNjJNdDVpUTJjbXlkWmI4M2xrUFNrRTNFaHE3TmxQODVHeEFETzB6S1VKM3VYMS1mRHNseTc0TkUtZDJxVXNSczJNVjV3S1pIT043Z2g1TWpRNFpoTEhSLUZF0gG3AUFVX3lxTFBWbWhsLTdPOURnZDFpUXVZZGZpOEdlQTFiaFVmMzd0akpTRWx1MEFBWmRsa1RZb2xnWjZLNHk5MW5vMzhUOThjOC0xb2V0X1k2Y3dsXzFfZkxoTS0ycy1DN3dfazlLcW05b3lXTEg3SXZFRjRwRGRZdzhSZHNpSUx1Yjd2OUJTTEM1MnQzOTcyWWoyT3FBdzZpZldPcTZXUmFjUmNFRnNJSUdVUDI5dUtSd1dOd2gwSQ?oc=5,2024
2024-07-06,Tamil,"Tamil Nadu BSP chief K Armstrong murder case: Eight arrested, CM Stalin expressed condolences - The Hindu",The Hindu,https://news.google.com/rss/articles/CBMi6AFBVV95cUxONmlVall4THNwMDVsMEk0VUExYTltQ2tVbmQ3YnRNR216Z25zcThFNjZ1YmtVLUY1UjNBaDFzczFwbGxfcWkteHBPa3E3dXVSN29ZNnBiWUdBQ1hYaFEyU3F3VE5LTHdScldCdDNNR21ZS3VBTVJraEpyYktZZUVfNi1iQm5ieG9UbzAxeDBnSnp2bFBWQVdRaFV2SXI1ZWR5RjdXb1B1T29EbDJqUUdqQjh6T1hFZmtGeG9fdFV6YVJ0RHFRZmJDT1YyS2wwNjNVUXhxN1VldnFUemwxcjFyc1BDT1NMeDZu0gHvAUFVX3lxTFB4TEtIQmR3MzNPRkk2QWVpMGtnekJrT0ZzeXFRUEQxWGlfX2x3Ukc4TFZOaDZfMVVNZkRqNGVMUVJ3cWoxUTBPTHJVbkVHeXEtNmhQeF9QUEQyc2NyM0lIMEFTYlJpUmtOMVZzYnhOMlY2S1NXMUI0dzlSTzN3TkNlVTcwREM3LXJ3ZGFrREhKazhGby1TbVJJZXppTDFLMkdNZXJlY0Q1OGVBeTMyYlZEZGJ2eVF1UlBFemJ3VmRMUkV5ZDdBdGFQckc2X2k2cGliM2t5VWwzaTRnQnJiVFBrTmFlRDRBa256VHVobTlF?oc=5,2024
2024-09-23,Suspect,Key Suspect In Tamil Nadu BSP Leader's Murder Case Killed In Encounter - NDTV,NDTV,https://news.google.com/rss/articles/CBMisAFBVV95cUxNVGk4WFl6Y3Z5dVZiQUE3dGtLMDkwcE1sZmJqRTV3Z0tnSElsLUs5SXJfZEFrcGR5ZzN5dDdBb1dyTnZsdF92Rm91NnR4VllBSHZmcVczaDJ3dmRaQ0s3dWhoSjFKYVgwVGJfcEJaZU9VUkRHOXRHMWNnXzdyNTdpU0oyVVk2NW13WllHUjR6UEg1SnI2ZTVDZ3hHeXZva1ZtWEVZeGdFNnE5dG8yeFdlbNIBuAFBVV95cUxNeXptaGVYNEZOYkZuWG5seTRKWk9BMGR2WVZmREEtUTU3enJXbUJOODVUczUzaEozMmRVRFF1U2JySGIySnA5YXU0U0VlZUhvMVlZc1QtQnBvTnNXY2M2WnZlMTc3djJUOW02NzZPYnNGUzRMMXBNZUMzcVlTT1FEdzlrM0RER01rLVlWdkQtc1kxR3dQeW15OWJwTjFodkd4cHQtNXYxTXV5b1lYZWhPd3BnZ0NaeFVU?oc=5,2024
2024-11-03,Armstrong,The unravelling of the plot to murder K. Armstrong - The Hindu,The Hindu,https://news.google.com/rss/articles/CBMiuwFBVV95cUxPdXFuMC00LUVWb2wzNkxVeHlBcXd4Umh2TmYtT3RWRWlEUTUwZmxoZmdERFpiSjBiUU14Sk55bUZkbGZZdzFOQUg1VjB1RG5JWk82dkRGU09ldVVYTXNJcUlhaXlxSXlTRGxBZTc3SWdNcF82WHltMF9XakVmMUtvOW83eXJFWHl4eU9pVFV4cG1OY194aWJEcmhyZlJzaEFXdTFXZ2ZvcTZRRk5uUXZvT3BDbkF2OXVmWmJF0gHCAUFVX3lxTFBTT25DX1BxNnUxbTVrZnJHQjdTVnFUTkh3cUlNOFRaLXhZb050V3BKeERSR2MtVUwwWHNNb0hRb0Etd0lldUZ5enI1RGR3NHJBakVNanZQTW51MnIyRGJsb2YzSzdNekZWOVF6dkNuSmlFQW9vTjhybTQ4bk9QMmd4Tmt4WmIyTHpmdDA2QnVKcGNVNGtnRjFFTTloeEptWHpTWVhFZDJFUzFXLWNVZWNUU1dmRXZLUE5UdVZmVVExVDRn?oc=5,2024
2024-07-06,Mayawati,"Mayawati Calls BSP Tamil Nadu Chief Murder ""Brutal"", Appeals For Peace - NDTV",NDTV,https://news.google.com/rss/articles/CBMiqwFBVV95cUxQZk0xclM4b3dFM2VrZHc2blYyV3hTOVk0Y1V4U3RoYWJSX2RtLVc5UWlzMVplS2JhMEVuazBTSkszb0J1ek5oX1Nkb0dBQnJJdDVZSzVBaDI3VTBKMHI2WGR0elRRbWZWNWdYM2hVdHdCTFU4elNJOTM2d1M2S3JEVHBpTEZwa21SX0pYZzVlMDNBd1FuSExVUU1YMDFNZU5wU3cwX05UV1MzTGvSAbMBQVVfeXFMTVJZMnRpQnU1aS1QN0JOSk9DZ2NjTVNjSm5kWlpnQ2dzdGFMOGZoSE9LRnhEbzExNEZTNnM3eXFWU2lzSUVqR205NG1yOFJLNEpIUmJ5YkZ0SUNUcEtseEdSM2ZUd2JiSGJrd1lyVHdUalNOU2ZHbWI4OGdVN2hJSGJ5NTIxRUs5eUIycW5GZnVJdGRlY3JKYVBTaFFMeDNNdmVGMG1CSkF1NTdWMUhxNUFtdEU?oc=5,2024
2024-12-01,Murder-for-gain,Murder-for-gain case of elderly couple in Tamil Nadu’s Rajapalayam cracked after two years - The Hindu,The Hindu,https://news.google.com/rss/articles/CBMi2gFBVV95cUxQYUNvczB3dnhTWmw5ZVlUSWFtbFdmWnQ4V25vSUdldGhTMVVIUEhBUzMtNGxWVVpMWkdTeWxtcnQ2ZlpVcXVwV1ZOQnU3el9iZDNxaTVCYlRJS2hfMUhiRjlNSmdXeFplLXQ1bUo4dzBHdmJqd1d5NFV6VE1HTVlfcDk1RVFnS3NSVGtfVmZ2em02YlQxOV9KSmhEaWtTb3lKRlRFcTdGODdZMWIxeW1OMXJESTgxSEFTemZZYXVoTjJHVmVSWUFSazdCUkY1R3dkZENWWkxxVEFEZ9IB4AFBVV95cUxPVldMQUxLSEtVeWdxbHVYN1UwRV9vaVFPODdfYlBEMnBkcHN3MVZYTUpnVlV6WTh1SEpsNHRhQUJvLU1WZnBZUXFJcXBGS1puYWdkU0YzVEpoR3dvaEoybWU0WURwQXFEZzJTb0RtdFR1M2Y1VzExNnRyVkp6RW5MNHJsZ0hpdERQRVBRajdpVERHTlhZQ2JCQndJT0d0QndHSThFcDlJMHFfWENwZWxpYU04MkgxV1FXLUdFM1BVWV9idWdEa1doNTZWVUFRLVduUFhSXzFHSDJNTjVGSm5EMg?oc=5,2024
2024-02-29,Watch,Watch | Tamil Nadu’s dark history of caste-based murder - The Hindu,The Hindu,https://news.google.com/rss/articles/CBMivwFBVV95cUxQVTFPRnR4RjM3OHVYNlU5VTFGYTBkWW82SzJfVXYzczdDdWxGWlZtR0k3cDZvdFRKdTNOb01zQ1BCRDZ5aFlVUllwdkpZZ3BvSmk3NHg1QmtLZlVLeEZpU3AyeDBiR2VsWk1QcWxqRnlvNk5pVXZOZDVFVGFjeE1VX3Jsb3pHa2pOcDVKTUlHNERJTUxPWFBYUEs1bjlfMTVEMUZSWTlGQ1U1VFlncXhNWTZreVFwY1R3UEpEV0h3NNIBxgFBVV95cUxOWm9hQjIwcFkzWFpQLXJGN25ScV92b2tSbVJoeS0wMGMyOTNQcUItREFZeHRremdndTFsa3I4VUJBZXRoeko1SmFPRnR1dnpyWGljSkExdVVZdGlXbUc2WGhTUXo5YjVZa1NQU1FORTM3Umwzdk14TkMtT0RhdHhNdFBLSkNSUDhHQ1piOFY1MTVHemkzakRmRWlYRi0yWTZpTHQwMm5TUjlVSWZEaHowekU4VzB3TFZUREd4VFM5RHJBSzI0ZlE?oc=5,2024
2024-07-09,Tamil,"When a sensational murder shook Tamil Nadu on July 5, another Friday - The Hindu",The Hindu,https://news.google.com/rss/articles/CBMi0wFBVV95cUxOWHA5RVFnVWY4eFFxbFNLUEFqdFc0WGtuMXhqaEFDbGduVWl5YTg0YlhTRWxZck9ZUlRSNFVCQUhTZ09LWEdNbVVFSjBlZUgzZE43MXRtNXdLdE0yMUxOcTN1d3lqV0FUWVlNVjFtQnhqLVI0WjJuYTV0UmlDdk1oMVJJb2VLRmpPZW9Kd3daNURjaFJTVHJJSm5zd2pJVHZXUUtBeXdpbFN5ZFc4QTJPRnFRa0NMWlp6VzYxMXFmM2thUDZuakRUYmF4OWN6ZjNBMGhj0gHaAUFVX3lxTE50c3FOUi1qaUgwQ3c4Y2ZzTlBHNkJOdWxDTmhPOTFNVVdCV1RHWUpMWHUtbzF5YkVycEpTVlVodUFkREUyYzEydUxwNlZnZHFPZl9IN1ZZdFo2VXp3VnprMHlrV1dIMUZ4amlFa1NXQ18tMGdLcElMd3cyLW9KbXlHMkd3Q0NRUXRGV1d4U21obTRDWWZvYl8zamdTUnp6cWlpWWRCeUZyUHJFaW4zWU9XemE1SUVxNzF4eXBQMW9kZzNrUHVYTEsyRVFaYW44WG84MzBnVms5bzNR?oc=5,2024
2024-07-10,Armstrong’s,BSP leader K. Armstrong’s murder sets off revival of Dalit protests in T.N.’s political arena - The Hindu,The Hindu,https://news.google.com/rss/articles/CBMi7wFBVV95cUxNYmVBRDZLOThjMVJnbkU4cGJOT3lzOW1tRm5fZnAwdkhMWV9EbUJIS0tSVXVaLXNZY3d1YlBjUFRrQklkNEVtWE5GMWkxVnhLemlNeDI2NlhQdld0bDJQNWNMZGs2SzZvZldzUURFN1ZKMjlEN29UYXNTNEloUExvekxmRjRPYkZaSXdMeTA2YWVfclRES3pwMjZSOTc2bW9tLXNIX1JMQ08zUXlVRTNPZ3NGS2JPenBiRTlZWl9waEFOVzFoU0RVTkJEOHEzaFhpVzdXdTd0MEJpclcxWnZHMVdQMGVFQjc1VDBSLWJqTdIB9gFBVV95cUxOaEo3MlZXVFk3emNhV1JoZlFOclMxNG5ld2UtMGsyWkRGaGVjam92NVY1NE1fN1JKUGw4UVd3V1M3ZWVKNE5IbjFCNnc2dFlITXJtSmFUT1lqUW5odnZ1UVA2b25iMEl2WThDMXp1a2FWSjBDczhoaU1qVkM2bnNXVUtaN3g1cEx0VHdlTWVYbmczdlpGQUYxNGVVX3FkMnJrRmc2amdZMzZJb3dkWDcyd2hXRTRMS0Y3OW0tZTVjTWpXV1FGRmVOTUxQUy05SzR3R0pXcjNfbWVrZXRFSVVuM1Bhd2paekFMR1hOWjNpWHBjQmhFSUE?oc=5,2024
2024-05-15,Coimbatore,Coimbatore City Crime Branch arrests Malayalam film producer Johny Sagariga in cheating case - The Hindu,The Hindu,https://news.google.com/rss/articles/CBMi9AFBVV95cUxQWE9lYTh1UXBpTGdrSVZMenZjcVZuYVhHVURqWUxPajY4T0o2eVNuaWNmNVVYRi1jRGFocUFDWk9CNDNsSEFFX0hkWkdBUVYxOGxGQ3VVRmNjc1I5LTZXaWdLRHk5MWI3V1pyU3RSblhySTVMQVA5UnB2ZFRrXzdpSHllS1hYU1hrMUt4UXVLa3pxeHR5YzBnZmF6NS0wek9wZ3V4N3RBYWh1RE9tcmxHUjZoOEExb01zWUtUeE8zNW1FaUQ1RXRTeVNBS3hWclNlUll2M2ZsQ0xnRGRUc2owdnAxUVFGbFNZQ1pkSmRiS0NIOU5F0gH7AUFVX3lxTE11X3NwMk8yVEZOTmdPX3JjYk1xbjNyakt5dnlSc2lsYWJlclh2dWwtWEtVQUhWX1h0N2g2RDlmYWJzS0k0ZEw5VVJ5bk9ycWtlS0RWQ0N4cDRvY1owT1pVVU5pd1M3X1hTSVhPVVI4c2NEZEE1Um9FV1NtOVlZekFYS1NhN3owX2kyZTFrZ0tudHIzUmV0T20xNG10d3pZNjQ1X21UTEFOWkVnTllzaS0tb0ZKNDZzN1hSX1pWYTRGNllURVNIR3J2Z3ZWYnpIMmlJeWdmdXJORW5VcWd0VDZfRl9aZVlQUDVuM1FyRXBDQ3lwS0VYN1NrckpF?oc=5,2024
2024-12-08,Coimbatore,"City Police Commissioner V. Balakrishnan inaugurated a smart crime portal kiosk at the Cyber Crime Police Station in Coimbatore on Saturday. The ₹1.7 lakh kiosk allows users to register complaints, track phishing links, verify phone numbers and vehicle regi - instagram.com",instagram.com,https://news.google.com/rss/articles/CBMiUkFVX3lxTE96V01Vc08xZ1pDSHpXbzFfOFJqNmY1dVhaVy11Zk4wV21pV2g0dTlEbmdmaWpMektjM01vVmVZaEUwVHo0V2JmZV9LUVY1TEtGb0E?oc=5,2024
2024-10-17,Tiruchirappalli,"Notorious criminal, aide and 13 supporters arrested by Trichy police - The Times of India",The Times of India,https://news.google.com/rss/articles/CBMi4wFBVV95cUxNeWFzZGg1dmI4MWNBZWRuLWJIdUJEVzIyV0V0eVF3dTQ1aWFQaVFaWFNndkJHbk5CQlZhV25QZ1NTRjNaaWxvaGIyVW9ONVFuVHdiaXJjNzQwMm1BRzI4Y2o4U1d5NUY3cXFxeldpTG9KUHpzZlYyN25uYXp2djA0emh2RDd3eF9qbzg0SDJoTmdYa0h3cmpmZ0ZNbm5OM0FBVUxaSVQyZUkyOHU2aUtmdkZ0UHhRLWRrQ2dxNzFyX3NQSkYxOWQ2SnJ6cWI1YThXVDlub1lwYVZ4Z0h0aThHSnVVVdIB6AFBVV95cUxPXzB5M3hPOG5CVTFNbTFpT3FSaFpMbW5scVYtV3MzX08zT1JPMGYzWkRSWlNJTGpnRWQyeDNSMmxDQnF5M3I2MndRRUVxTGZ4ZW81RkRKQlgyUjNqSEMxSDRmbWpqbU4yQndXMHB0dHBPdjZ6dkFnWWlLdWVOcXdQcUdOUEE5dDZRVUptcUtZNWF3OGJNYkxEcTk5TmdTMXVlY0I3QW1aU2ZOV0dFbjM3a3JUazBleGNVOHBDSExoQ1M5QVlGNlEzOUY2alIyNWRjYUFuZG5ZellmT3VSSS13d3VqbXlaRFRv?oc=5,2024
2024-04-09,Crime,Crime in India’s largest cities: An analysis - orfonline.org,orfonline.org,https://news.google.com/rss/articles/CBMiigFBVV95cUxOTW84dm9pYVZlZjlLQzlaT21YZ3NNSmRpcVpGOTBwZ2FiR0FrSmNieHBHa0FNM1puSUxtZTNZUHh0WEhtSlBvVjVvTGdGQ2pMd3dtYnpLbE9BX1kzbGtNbkNGNncza2J4cmYxNXllQ3FxZFY3Qjg3cUJtY2RnYTJ2MTdlVlBOOTU3OVE?oc=5,2024
2024-07-04,Salem,Gangster Abu Salem moved out of Taloja prison in Navi Mumbai for transfer to Nashik jail - Deccan Chronicle,Deccan Chronicle,https://news.google.com/rss/articles/CBMi2AFBVV95cUxQdXRjQUd6RlN4WWlxY1NqZ1VzVXRVbkc5Z285ckNDaDhIci02YWtSRXZBYmtzUEtXQmNSRjFLVTh6cmVZWEs3aFpvSTVqaGtOelRWczB1REt5c3p1RjBXMXlyV1l1c3p4OUkyOEpJX285azd5ektQUkljdmw4My1mR2hLVUgyS3pValUxZVRXWUVwVlQ2LWoteHRjVEd6RkRLQkdvT3RQSVhuUER5M2Fsb0FocUdZV2k0UDlkS0EyMG5XdVJYUm1kTnVMNEJtQWVSSFp2Z0p0bGbSAd4BQVVfeXFMUHpYUGc1RlRNWkRrbGlIcWVsY0NjLS1kWWs2anFwYzhMWFMwQjk5Z1lYQWJBbndweVlpcTJKdFhLR2V6dGJqVXZYZm81N3dRSnpmZ29nekxwWU5YUTNDUGJhNnE3d0lDUlRybzEyVlkyRWIxMUQ0bWZlNTFTb2ZSY1piLXFweVlqdHMwM3pnRDh0TFI1a1d3YVpNempVdEtNdzd2ejFjVFUycDh1TWkyazJkQm9iTTBJTjE3bU9wN3V3MUtDWmMwUHhGSmt0WFBLeXM0LU5SNFgxZDNWcTNR?oc=5,2024
2024-05-16,Coimbatore,Coimbatore police arrest Malayalam film producer Johny Sagariga in cheating case - The New Indian Express,The New Indian Express,https://news.google.com/rss/articles/CBMi1gFBVV95cUxNS1VaRFRocjJ1aGR5SEtkRW9UbzRqNTF0MzRuM3NaZDFWSG45UjZVUkhnaDc3TmtSeXNXVTNCYXF1T1pMTnYtWUVDdTlLX182OGp3OUlBbEZnX3hMVHhoOVUwNUJIVGcwMDdzNzVKdWZKTmM4QU5xcGQ3TE5YYW1yM0QzRVlucDNDcXJxNEE5TVoyai1GLUJacXJXNUlzMl9RdjhYMEt4UndobHl1TzdsVEJ1RUNMdFkyZDlDR0tFREZJLUM0SVhDYkVBbW9UM2VhS0tncVJ30gHjAUFVX3lxTFBiOGw3dEhKUENoVUhtUkhlNVlzandjTm9OQm9MZG9NM2xpX19nTEVLN1FEaVhQUkhYblBwVU1pOUxkMGFGcm1NWkpUb1M4X21Jc2ZXNDhzdXhVWlBuSkVwNm0zZlRMdmtpdFlmX3NIT3BydEpLRWtJT2NoUmNYWDZ4c0stSFAwMjh4NmtJNmlDZ1BMblBhMUZnOTkyWkNBUlhLbVJzZnl6X3c4ZDhpTUE5c25fUFJ3YUJfVkJvaFlldTRqV2QxckU2MzJldE9iY19KZGkyeThKWGNueXVPX2JfUmgw?oc=5,2024
2024-07-08,Coimbatore,Coimbatore cybercrime police bust Madhya Pradesh-based group involved in courier scam; three held - The Hindu,The Hindu,https://news.google.com/rss/articles/CBMi9wFBVV95cUxNbHlocUkzTWlLb0xzajAwZUhudXhFc0RzaXlKNGt3emh2emFTbXlPdnNKRWFxdmJFLUdqOGNHY09Cby1TdUVYZ0hDZnBJVFNXcHMwVWl0cF9ldmNDYVFtV0NKT0xiNmN2c2h1OGdnWlB4TXVRcmFxa1ZaaUUyajBpSVBXaVFuMUlqY2Q2M3pZT1hZWTRpSE9TcmhuYl85dVduUktYTWtPQ0I0elZvSGFwWEk2U3dFc3daS09Hcl9YdFN2MWJCVUxZQkpGZUpCVi1sTG1aWkRjWGZsVWROelp4MjBERmFhVzBDb3NIbHVJXzJOdE5Fdzdn0gH-AUFVX3lxTE1Ed2hzS0xCTzNwMklXV1FwZ2p5dHY0WjJCTjQwNEN0RFNyTlVKc3BZRGJQZnNSZUJuczNrU3p0MUFLb0VVQTNRMEhELWZOakR5X3pYUmNCanE3d2xvYzlaaHZoNDRYMDZZN0RxUjBKOElrM0JJTGJadHhrTEVndmNFMUJWd0syY1kzRnpMXzlKc1IwX1hjaEl6RUJxRmpseUtqVTZJQUgzOUxUUjdQajJROF82VUxhOVhvVEhwTmRSeTM1UTZDcnk0ek00WVlfa3QxdWFZMzI5d2VKTTBJOEVlS21iWjdObmVZZl9wTUd6aVl3ZEx2Y0ZSa2p2MVFR?oc=5,2024
2024-04-18,Three,Three of family arrested for duping bizman of over 15cr - The Times of India,The Times of India,https://news.google.com/rss/articles/CBMizgFBVV95cUxOaTNMZjFBRUtJR05nMjdXY3dKZXlBaDVBNVIyeEZOSG9mV2tpWjA0ck5NR1ZqbzkyZmNGNXNaODQ4ZFN4N3VBVEQxRThaeGFSVFlEOGYxV1liUVh1SUlETU0zVWp6OF9HaWJHVW5vbmEwWndWTHlvMWRHME80ZV9mTFBhV0phYmdtOWhET2JrM3hMRjVTcWtnLVR1b2xobml6eUpTS1lhSUpXTm5rRVNuaUswclFpeDNIWVJ4U0VPeVZIMWdNRVNKb2REVlBDUdIB0wFBVV95cUxNNm54YWZoNnBXSmRDMF9OYndTV29tdTdvVFJGU0RhQk53eUZjMVVNZHd4RERzb05tbUJEUVlEY2EwZS00MnRxRms0eE1seElJa2JBZmUwcWFkdW92SUVieWxYeUs2ZERHdkNPYU92a01acENnTWU5Rnc4WDFkM01oa2diblJ2MDVkT2g2alpHTlV5cUgwbTBoR0ZzV3BVOE9fZ3Z0dmhRT1drYU1od3BiVHZqNFRuOFZ1MlNPdXBHTmFBckhvRV9RZlNRd2ZZTUh4SHkw?oc=5,2024
2024-12-20,Tirunelveli,Man hacked to death near Tirunelveli court - The Hindu,The Hindu,https://news.google.com/rss/articles/CBMisgFBVV95cUxNTWJXNHlkcWNlWElYYmxiT3F5UU0tM3JVN2NLdWJHUDYzU3kxYnZYTzVQVVk3anVRdW0yZXlVTFlySWs3UVh5SkVMMHpiV3J0YjJubVZOUFllZVRNTzR3aENkZDVxZUFZMnZwVWl5QkVVWnduWFk5WEh2aEs4M2Q4S1RpbFFmUlNHNGJYZDNfRjRLc202QWhJWjhUVElidjV6VTMwNVQwLXlUeDhCMGthLWVB0gG4AUFVX3lxTFA4eGUzdmNsVjg4dUNSeU9oMUJsTW1lUzFlYUZheVhCS1ZGeDlZa3dDYV9ubUR2Tk9LOTY3eWdMVEMtcGRSckdFX2ZZZU1MQmVoeXlPTEJhRk9PQXIyVjk5YU5KVUZ1SXk2UlJTN2NTajhOSlRyWk5HRDV1WnpjMmdHS29zR0h6TlJEd1RES1ZSYVNEV2htV1pVSkNqVVNXR2VQVG5UNVlJaWhtQk1EOVpuSkFoMnpIekM?oc=5,2024
2024-07-02,Coimbatore,New criminal laws: Coimbatore lawyers continue court boycott and protest - The Times of India,The Times of India,https://news.google.com/rss/articles/CBMi4wFBVV95cUxQY2VXN1dGY0c4aTZTMm13RGp5Wm92MEJ1dms3REl1NEo3dDUxN0NjUi1LVEhld2R2OS1uQzd5X2g5UUVkMHB1MjY1enIxS2pHX3dCQkFZbVMwMzhMQUtUS3VxUnI3bnJhcGgtTS02amlHaXZPTjhHTnlJWlROTVJjMEp5YllDa1cwMGFOd0Z6S2hkLWdMdTZiRWtuV2dBOWNkSDJ2WFllTW56U0h6TWlxSHNkZTJIOEhrQVVKb3RJY1ZzbFVvRHFDclpMSHg2T2FETlZpdFI5aEdwQzBSUzlRREVKVdIB6AFBVV95cUxNc2RMV1ViYy00ZlZnZEpOZ0kwQzFyaFUtNjJVX3BvbWNKY29pX2dLWXlLZldUZ0V2cGlOVVp6ZGxYWHhMaktQVDJvMnJTLUdFRFpvZWptU2FRUDk4ZVBaSEdHanZwTkFyRUI1UjJMY2p4WENNUlFELTJMclg5LXU2bHVua09iZFZpTkd6bnNrbndsNDEzZHNia0FrUFdFSEVZX19uZEttNXpzMFV5QWlqT0xobjhEZ0hXbjJVY0tycV9ILW10MDRkcUIxb21zR3U5QVNvZDBXTFJxUnd6bnk2aFBNaldkQzRI?oc=5,2024
2024-07-28,Chennai,"Coimbatore police arrest Chennai woman posed as ex-IPS officer, aide for cheating job aspirants of over ₹ 2 crore - The Hindu",The Hindu,https://news.google.com/rss/articles/CBMiigJBVV95cUxPOE9rYTBDNWdkcl9iaEc5dEpqdUtmYmJXOFp5U1lqRzgwSW12R3owZUhreU9FV01ndVQ1alkxMnZPNk1hRFIxSU5jY0NtQzBpY0dDQm9JNU9CUUZzdDZVSUIxZGlaMm5OMUJ6NnVtYTg4aV9Qbmk4aC0yNjZaMk5jbWtGVVJ3eFczMXZ6OXU3TnJRVExYUnVEbWdRNURoY2hGWlhIY0tFckc4dTB0TG9UcE5hTVpaMGlwb19DY09vNV80WDNJTjFHRnhwOFBUeVd0Sk0zTnJFVU1rX081Z1NVNmxKeXdWWW1IcEpFZVByTDRiWnRoeGl4RjdvM1NFOGNrdzRDWDBtdEZEQdIBkAJBVV95cUxPR1hfS2tjcUVwTzdVQ3JMc0plZmFJdDZVV0kwTXgtaXotTTdwejdWc054SGMwWG5ValNjSC1lQWFfZUNDRERGQjJuV3hfOTIyWnViQzhZaGtJQmZoemtsNlVlOEFmWEIzY1BhRWRNek9fdDBzMTBHU0NvZ1FFdUpSa3EtRjFZTU1xWnZPbzRzTjBQRl9FTXpWOExNc0l5X2VTdVpULVFWaWFvQzd5TktDYTBXc1M5dXcyZEhoZE5QbGtzMm9tYXB4YkFuWlBRMi12YVJqbDFlWFBmaWxBRy1adldYODdhRHJ1aHBWZlRHWVdxWVBCalNPU2ZZb0JTc3dDajJpWHFoZ09maF9panNUZg?oc=5,2024
2024-05-13,Coimbatore,‘Savukku’ Shakar claims threat to life in Coimbatore Central Prison; cybercrime police granted one day custody - The Hindu,The Hindu,https://news.google.com/rss/articles/CBMiiAJBVV95cUxOeXJ2VlRxUzJTRm9wcTNYNGJ1M3RwNG8tY3B2Z1o1RDBCeVBWUUlQdVZsRHdRNm1tLXdrNzRMdHowMG5FTUoxTW5TTVNGbkktYUM5Y0poNm52ejc0THlJX1ZHVHo4amlORUN5NkhHd05VZzVSS24wUlJKcHV0OS1MdXV2TWJ2YjZUS2YtaW1mQ1ZjQzlPQ2pvc0J6MG9nTFFSc1B4NlhxU0tVSXJUMUJTcEVzQjVhYjZudi1NN0xqelZzR3RCbXpSTWF0R1Q0WVVZcTR5allGZTdUMUN0aXk5TUl3S0pldTNUQ1JZQnJCazJWVnF5UlNEZFhpZXNRRGpfVWtrS1l3a0jSAY8CQVVfeXFMT1djSFdCOUQzeXRwcENjWXBlT2IweEVBMzZkR09Dbjhpc3REOHB0cHdKMXJRdGV4eE5kTjgxUXQtelBfS0FJWFVvd0l6d1dNVHp4WWRVU0t3YWJxTFNTeHo3S1ZkZE9HYnpZQ19GNXYtMVc4XzdpYmV0Mk9IanFSNlJReTFqanlTNGIwaGRZNkh5VW1iUkxLczIzR2VEeWJtN3pCOW5ZTzRZVTNHTEpWZHU1bVh5WkJJcFlrT185ZDUwbndJanBaWEw4dkcwSmRsWFVqMWFqYllpUEc4cXduMWxDYjVXbnRpY3l6c0RGb3d3Tjd0eWhJUzRaa0twR0RFWnZtT29QcUZiMnhDc2c5SQ?oc=5,2024
2024-07-25,Coimbatore,"Coimbatore youth arrested for abducting, sexually assaulting minor girl - The Hindu",The Hindu,https://news.google.com/rss/articles/CBMi1AFBVV95cUxOWEw2bEVYc09Ea3dhR3A1YUZkejRQbkUyT2U1UnpDOUFnenJJTndmTk9ucDdRZ3Vkc1VaMU50VTB0b0JqTTJmQ1B2a3hZQTNheGRzR0pSVmJMZGRjSWNLTWpqNEV5aEEwdXNqcUxMSDY3RmZhWXd3TEZBaXQ0RTBCaVUzT2Qtc0FOV3ctenAzcEFsNFFiaWtaakNiOC1TTzRhVmduQWdHOEVrRUoxN2ZBWTNCdE9UeXF3TDdJLU1LRDlBSXlxQ1RtOUlMMkozOE85Vy1xZNIB2wFBVV95cUxPN24zQmV2d1lDc1J4U0wtODlOZlB5ay1mZmFaSXJYOUFLamR1bXFUUnVmcWwzWXc4RFV3QmRtekdGRlBiY0JIRzJzRWVBYjl6R0F5LWYyRjhyS1pPV0d5c0hsSDhtZWFpWmlWb2pQWjZjY1VONUtnQUp0bXZWak1QZlhIRGxfY3N0bU4yeFhVZXFIeVpoTzBUUGlqSktLN3I0LXBDeFp2RmQzWVFiYk1uMWZMTVFrMXRBS244UDdzTjZmaExpYkc0YVpMUXZ4T3k0UmFPVE16Yi13UG8?oc=5,2024
2024-05-03,Pollachi,Drug peddler arrested near Pollachi - The Hindu,The Hindu,https://news.google.com/rss/articles/CBMipgFBVV95cUxPcjR3S2FDWFRJQU95TnFTZGluakNMWGYtMk5qNGJ3UU1yZ3JiZlVaV0dSQ3VtTW9idW5IZmwzeTFncHp6eERrbGlMc21ZdVZKWlQtQmNvSkRmQVFELUZBZUxDZFMyTGVOenBETXBzWHItYWZLTlFFZ2NyVGlZWFJYcHI1eFlkMHA5RG85NTJhVUhvYUc4MzYzemhvZk5oS3piSGhtYThB0gGsAUFVX3lxTE92OXg2NHo1ZHlEVm5INzRkWHpmQkVNQ3A3UHF1TlR1b0U0YVZtRnZtX3hDT0FRX1NDWUFTeFFRT1FwUS16WjFmVmJFcUJlaDN0a3NpVUtjRHVUWlhqSU1sQ2xHTEg0cXZtTVVSMXhlSnEtZk1DOEZzNXN2NTU4S3BpUmVZRzF3NTlYOWh3dUozdEE4OE04b3FzTWU2Tk84c2pnT1QzSXotNU11REM?oc=5,2024
2024-12-13,Cyber,Cyber Crime Cell warns of ‘digital arrest’ scams - The Hindu,The Hindu,https://news.google.com/rss/articles/CBMitAFBVV95cUxPWEFVVTZmelNxd1VBU1ZiYlhXTndLSFhTODlXZUFWdEZWR3g4cU0tNDBZaWlRMXdzVXM4M3hta0NxcS1YMkNrYm01Y25YNVhGRGN5NzlETkRTSXdiQTl5T1dEdjNwZDBZb3FqSHFnbldsbGVfeFpWOXNxVWFNMDRDNlRJa3Y1Y2paejRXQk1HTnhEQzJJOVZYLUVSeUt6a0FaZkRXM19EelpOXzh2UVV2UHpLQlnSAbsBQVVfeXFMTThRaTRmVWpEMWpYamdSYWdRQ0o1Qkp6eXFWYmFzclZrV1VyV28tTGZHeHZVV1VLbU83b0xvV3ZQNXdOdFJRTWE0WDhqN2lrNFZrXzlMYk9pZDQ5bmdPbEJCNnVvSW1yM255c1NHZnVmMDNzLU92c2JXWVdBTDRCejlOb3ZCSUliUWpzanprVl81VGU4QjhmNWRiMThrNzdjdFNCT2hKU0Uzc2ZsX3RNUThxcjVmUFgwdGtJcw?oc=5,2024
2025-01-01,Coimbatore,Fatal accidents decline in Coimbatore district - The Hindu,The Hindu,https://news.google.com/rss/articles/CBMitAFBVV95cUxPR08yVUh2dVhWcUZvSHBLVmFPU3doSGJtVkJtLWFsMjZmWXB0S0JtTTdzWnkwc3VLZGljUC1MNVZZeURmNUhSdU9BTFlwS3paNWx0VjR4djhKal9xVVJTTF9TUmZYUlE0M1NwUi0tQnM5azQ3WnFGREN3dVBrWGE3VDVGYjRzTGlQX084Q29OSlNsSEREWlptZmpwVWpzYWlOd0xQanhLd0E0WDdDNGwxVlRKa2rSAbsBQVVfeXFMTktYT3dyT3Z5WHBEd01jal9MbVBIRWNBand2b2dSeFNpV0tVSGZINEViMU1GbzBCNEM5ZDRFY2ZhYlZFekU0YzJKTC1DWmxkWXVaZTk1NWVPMWVPVkhQU0VxRlVnVDNvNjJlcVRuaE1YajNoUGJrTTROQm1MdU1aRTlWdzBiclBCU1JXRFRveFJCa05hcmdlUjRLOUxULUJwejdDcVdvbEhBUElTRV82eUVpVmpxck5xRHVaaw?oc=5,2024
2024-08-02,Coimbatore,"Lawyer hacked to death in Coimbatore, six teams formed to nab assailants - The Hindu",The Hindu,https://news.google.com/rss/articles/CBMi1gFBVV95cUxOMFlDT2xTTjYybVh0b3pQUHpJWFlaUy1GeHVvY0pYVDRZZi1VMk1nVVJBbG5OOHdXM3Bsc1Q3ckEyV3BGM2hRd1cteG9iQi12NzE1YmIybFh4S2NwUTRnWlBsNV83eFgySFk1b2tBMDh2c0VvRjc0NnM1Ml9FdzlFaTFNQ1dFTkhaOTl3SWxWR09OTzNGMUdCMmJuX3NLbm9oVkNHMFNucVlyMEViWGU5QjhRWUQwRm1aa3U3dE5jNFFyR1d2dUZ1VV9TTFlFZmZOOVQzZi1B0gHcAUFVX3lxTE9famtqUTBkOHJqeDV6bUVaYV8yOVB1QUdqWG9JbWxLcGFmZTl3a3hOaXBMeFQwbzdTa2NXbmVHaFVQN2p2Sms4NHlsZktmWVhhTHkwaXI3ZnhGYVJhUm5nWTh4UkM1MkQ0TWNueXdYY1JNWG5ybjhNenpRYTAyeS1UQ3lpajUxYmhpWXc3RGltNDdYQ2ZhYTFQR2Q3dENkRl9pYm1BSHRpTmY2Vm8zRnNjRXFybk4xSHdnQXhETEY0SzdKVlBSdmhIbFpmc0daUlBmUFVVNlIwS3dDQk8?oc=5,2024
2024-08-28,Coimbatore,Lawyers stage protest in Coimbatore seeking withdrawal of new criminal laws - The Hindu,The Hindu,https://news.google.com/rss/articles/CBMi2wFBVV95cUxPRVFGNjhxb3ZkR20xQkRTbXVGeC1yWFpuQ0FaVXhwTjdJemsyaVZZSGVlUlVRbUo4VU5ScUN2MllralVUMnFra1h0eTJ1MjJpYmo4S01YdHpjakJLczBULUs3ei1XRk1Vd3ExNi1Jb1paNU45NF8wcm1MTjNzS2lqTGpDazlmQ1NsYjE1d2cyel95X1lHODJzVEVWNXdZeEZXa3h5TnZLeENNTl9WQmJXalFfanM0LVl6TEswal9fcURGV3BGRFZadjk1Ry0xUVU4dWtuS2NjNVU1eDDSAeIBQVVfeXFMTkdUWlFHWHU0eG1COGdMOG5QZDBlVDZkcElsR1dCSDJuVGNhVjg2SE12OXVOWnVKVmJQa1pTN1p4T1ZsNFY1YXIycjM5UDlaamxqUVg5dk5uaEY3bkFNcVBaVzBldy1DaEhFaTQtUlpkWE9hakFlTkc4amQ0WDNydHZKdmFZaDBFdjV5bXZVZWktdWlQLXZuV2Q1OThiRTZ2U056ZEtRVUJwd2dtZVhUUGVEa0QtcWhCUFdxb2JOM2lpdmRNbV8xOHdqUzQwa3NlNktfWU1uVjA4UkdRekpDdkw2QQ?oc=5,2024
2024-12-07,Coimbatore,Coimbatore City Police launch smart crime portal kiosk as part of moving towards paperless cybercrime services - The Hindu,The Hindu,https://news.google.com/rss/articles/CBMiigJBVV95cUxQRXVlMzItRmpzaWM2R0JEUEhWMVp5dDUwWlFUR28zYmtLSUFkdkYwUmhDSEdocGhNc0NmYTdFZnk0RklnWC1PaVFnS0JUU1JPQ2tQSEpXRmtOeFJ2WUhJdkdtZkFOamtWRGRLZ0MtWVpQTFd1M2t0UDJiREE0eS1BYnFZb09Vd3ZCc3V4SmV0T1dYd1hFY0R3QkhrNWpOS1pSOHZqN1BIdVFvN0F1T21rakhxakVGUTF3Mlkzb2daMi1uZEY5WnhtQjVDeGNFak9vSkRqLWVKVWdfUDdTYmxOWV9VNkxVZ2F1a0hsUFR6OFN0R0RBWW9pUGVBWWYxaHRJTHVmcWcwU3dwQdIBkAJBVV95cUxPTlRQMmEzR1pWeGRIY0NMdm54eUdCQmdiVVFra0lvTnJlMGNNVFdLRW5mYnN2T0lmNWVDb1FFYjJrUGpJWEsyaTVNaS1KWWRtcGZ3Y25yS2FzcVZPRzM2cEU5TWRLaVVlQWdEczlIcDlhYWFxUlBoYUp2SU9WX2xGTWI2ZnUtOW13SFRJOG52ZlNKcUNsdHpPWE1iaFJCdktrM0JkOUNMeWRyRmpJbVlmN3pSV1A4MDd4Tjc1V2RqOG4zR0Z5LWNYS1UyRUV4bkZrSWlwaFJuSTJmeE9QcnpiN1pHYmt3TkFPV3NxWGduNWtqU3UwRG14Rk5HTWV0ZklpQ0lMSThTWkllVWF6M0FSXw?oc=5,2024
2024-12-16,Coimbatore,Coimbatore serial blast mastermind S.A. Basha dies - The Hindu,The Hindu,https://news.google.com/rss/articles/CBMiugFBVV95cUxQUDNTbUF4WHR3dUpKNVp4VUNfY0dndmtDeUNBVV9fRWJmTzVyb1NfQzdVTThLT21ac3hlc2U2ZWlxeHpnREVxRm1RUUJIdnpEUElHS3Q2aXIwa0o0NjZzSXFPdUU2UU1DTkJlUm00RnBsb0Z3ZVhPekptU0loUVhiVnBiWm9ReUFIbmRRTmg4NU8zdURZekpEci1JTUlOQlJsV3VORmxNa012R1gtNU5CRGFfVzl6dXpacVHSAcABQVVfeXFMTnhDQXN6am9TS1hLRlVGUmFvWDh4ck1iakp2eUtKb1VzTHR4RzZqX0d1dW4yWVlMNUp5bUJaN2VTa1psMnBZR0JNTjNzSEpLUlU5Y3NCRVp2b0dkc3dRUmFHS3lWVzZCMHNVTUpFa1FnZDAxODlSWXJ3dC1kdG9lc3VHbVFQQ2c5c1BMZ0FvTXh1aVZFZlZKdlRoTFRrTEpjdkk5TzBsZGZSUWJtZ1ptcGRIckFQNEUtYVY2MDc2Q0lo?oc=5,2024
2024-10-06,Robbery,Robbery gangs from North India that struck terror on Tamil Nadu highways - The Hindu,The Hindu,https://news.google.com/rss/articles/CBMiyAFBVV95cUxOVlpRNGxpcDFQLXBXNE5mQmtRTGZici1ESUo5bTZhUGZ4QzZfdTJPbFpQNVQ2ZDVEeHNJQlBuX0ptenVPZGp0QnhTekRoTk03YUZDODVHZFdkOXRPeGtjTzVib3FlSDh0TWdVNFlmTlZ6T3JaZERUVnplT000OTBfYTNMZlNFemRGNGpKUVg3OXloNFZuMHk1bFJGeWpjWTBzVG80b0tTYWNsX3NvUTFqVmFvc2VCUHRESXpiRDNoNWg1NXlkRTlvdtIBzwFBVV95cUxPLW1LU3pNZHhCS0N2X21JZ2RhekYyQVdLTUFMWF9WcEFmY3VQbmpMLXRJQ1hzNUxWcDQxSXhJS2k1Nnl3MXQyZ1JqYWxCTExqbVZQMzVqZjh1Z0s4SHlKMnJlSmltZXk3VEhjaDFtVXhSWUtzUy1jdmtmZU1UaVp5aHBKMmxZVGRMN3F1SWtUTXk2VTNUVi1iU0F0anlJaG1tazFNazNQZDVDa25ROUpOTkdfU1JXRVpmekZyNkwzeUw2QjFhblk1dWhUMmZvOFU?oc=5,2024
2024-02-23,CB-CID,CB-CID solves 12-year-old murder case - The Hindu,The Hindu,https://news.google.com/rss/articles/CBMiqwFBVV95cUxOMUNaYmZ4anpqS2Z4V3YtSmdMNE53TWlLTmhSdGMwMXZWVXRkWWpYOF84dVhaQTcwaGtGbkJNZmpLOFJPSlF2dVM4ZWxtZmtuX1A2OXFBd0s4c0lPOEVhQWxLQlN5bmJEZ25EN0J6XzcxLVNVRTlTLVBTbjRpc2hWd1g4V3N4QUxGVkxGQmVKYmVoQV83ZEhqM0F0Y1hIdzdqaVY5OFp4UmVMSkHSAbIBQVVfeXFMTUNrbUhFcTdGOXFPTkdKNlVLTVRYY211VzlfSW5ObU4xdEpkWlVyTVFieDMwaXphaFRXc3hscmNyZnhOZkdSb1ZSel9MVTVNOUNnSjdRV1AyTkFSbkFsM0swMzB6YUFoY2E1SkhPZWdWcXczNEZ6a19HdUtfcFhad3l4MUxta2poT3NSRXY1cHVhVU51MkNKejRkYzdqc2VpTS1FY19yNF9iLTkwSGFpY3hXQQ?oc=5,2024
2024-02-13,Tamil,Out for a walk and gone forever: examining cases of some high-profile murders in Tamil Nadu - The Hindu,The Hindu,https://news.google.com/rss/articles/CBMi8gFBVV95cUxPb0JTdmlZdUszSXlmQXJPTTVhLVBGaG41SFAtS0dITlFPdUxLbHBwRHE4TmVMWks4NnBuMGs0eTdkNG5XQTl1UXljTHo4X3Y5WktfcWxEcHEyWFNyUlpvblVRcGw0NjNMR3p0dV9MSFVNMk9HTjh0LTc3WE9GbDRsN2pINW9qUGliRDhYMUtvaUF2eEdpY1RwOEdUUzNnU3pzVEZRcldya2MtaFZOT0hPdXlFZV9fdElkNFlxeGtnRWtyNlkwaEJFM0N0VnNjN1VWcURJX2liVjlrOF85Q3FCXzZ1c1hWRS1XYWhpczRTSnhtZ9IB-AFBVV95cUxNRGZacFdNaW9lOVlTaHY4UTVtMnNfcVdaYkRfdDFoUXM4aDhpZjVJMDM0X1ctTmxxTDNBZ19BaGZsTUtyMTQ3UXlwXzNRcUhJd0NrUGFDRVFYNENsenBqRU5SQW5MMEhDUHdyd2t4QjlNdnVZZkRHOGxPZ1dDem1ZeW9vQ0JQN1oxek9qWXg0NURZV2l3NEhzQXQzVnNCd3FxYzlLTHR0ZDhnQ1p1TjVTemtyWmFxYWdJcXg3cUotS2JjSHQ2Ym9QVUhad0dpeWxBdlRWTnNwemdHUGlfR3hFSm4tY2czRll5UUlhNUczSFhRQVJxOE0wSA?oc=5,2024
2024-12-20,Tamil,When Tamil Nadu police rescued over 900 victims of forced prostitution in Bombay - The Hindu,The Hindu,https://news.google.com/rss/articles/CBMiiAJBVV95cUxQeHZyWWVGajlwTUpfbEJ5ZVdUUkxfUWFUSVB1cFBNbFpCVm1wd2d5cm12ZFc0aGp2ZHg2U3A3eWMxbEVCZVFJVHZYU3NoMTViODRSSll6b3VodDdnNjRMc0ZjMG1yZjJxNlNpQjlqbWNpUU1rblRudnlJcVVfMmVFd1Npb3JVQkhKQ3Njd3BERDRrOFVpQ3hpc3lwZGwxTExHdVJMYTJaVmFYenBMbFg1Rm5hVVFmcWR5ZGo4amxBakw1cDFIU3M2UVJ4TzZaYlBwdHNJaGNNa0Y2YW05NEhrVUNzNzdJbnE2aEkwNjE2MFRyUll0cE5CSTlVR04yZndLMHdoUW44NXHSAY8CQVVfeXFMT2wtM0pNMDhPN2E3VUhvamRBbHNadl9GRmRsUmlTUUxBenp4bnF4S3hvamNJTzFHdndMTjJ1amdfa0hhWWJoUXR5VFJYOWdIY2VqZlRqbUxSOEEyY0RzVFNzQTc1cW91LUpDOEw4NmRJMmJHYjB1UXZkRUNUU2gySF9GcGowa0xzZV9GcXBYaGhQWlZBT1M1VVJvSFAwOGFOTzdfMzhyUWxsNVYtbjBxb3FiblB3MkczYnZockZvbXZlRkgwaXgwa3JLMjNOdXJ5aFRLQ2VhWFlSYndLNEZoOEhTMVhMYTZGemNsaW04V3ktSHRKSUd1LWVaOGJNN0FzVzU2ZjZUbmZqX1FBNmtVMA?oc=5,2024
2024-10-18,Hindu,T.N. DGP flags frequent meetings of advocates with undertrials in jails - The Hindu,The Hindu,https://news.google.com/rss/articles/CBMi1gFBVV95cUxPNlNEaU5aSnRBam05eWdLU2k5RXJOcW1kZHM1MmtVRUZWNkRyMlZTMEZzZDlvQm5OYWJVYUFtaU1TaXl5enRwc3VsOXZiejR4eDM2djRyejJVTFVGYXg3TUVuZTlKSl81OGhYUW1CZ0NGWEc3R055aUN1YVVyTWRoNkpTNFcwcV90MTF3bm5jVjd0V05tRGgtdzJQWTEydEliY1Z6aEFPZjVQek53cjFwd2JBX1pGdy1aWXI4ZXBoR0NVRmNhODJmU1BJVVZkYXpBaEt3djdn0gHcAUFVX3lxTE9ESXl2M29YWnlXSm1tR1U4VXowNThGTU5CQkFvM1BLdmdmQVM4UkcxbGZHMlNEQ0VZZ1pJTVozTnlJMXgtcHJlcXkzbnVuSEFaX2otdFBVdDFuQ0VTV3JSeTMzU3JWaFRGOWxPYm5WS0pHS2FWMjhCM3d6TXphTFBVNWN6blhvMnh4V0NxSExmcE9acXdGZXVaTE1vbGxoZjhBNGFnNmZIX21UOFZyUmZ2Y0ppbmRZa2plWWRkZ1IxRUN6TklzR3FISW15NmhBT0cyV0pQUllLQU14YU8?oc=5,2024
2024-12-29,Annual,Annual report: Crime in Telangana jumps by 22% in 2024 - The Hindu,The Hindu,https://news.google.com/rss/articles/CBMivgFBVV95cUxPSWpsalBWeUdsM2J0bDJtNm1OQ1FGMDY3UmtqNVd6aGhjTzMwSTJ1SU1BdTU4ckpPeVlBMVFjNDQ5OWdTdmVpWGRucDQ5WW1lQjk2ZU5LRGd6YjRib1k5UnRIbjRaUlpKSlZaNERTS3Z3LTJvZ201YmkzSGRxMHVlUlliZ2hQUmp0d0ZrNHRWeTZSOHl1RTBMRjBYdUN3RmZhWU5fSlNrTnlaOTVsSjNXYktuVXZUbWZ4ZUJKZzFn0gHEAUFVX3lxTFBLc3gxdmZKcmdMNmFPUVg3eVpiTTg0VDV4RHFXcDU0WW90TEYwSDJSUUhSS3ByZEkwa2Zpc2ktRUtrNVJqdkV5Ujd1RzFsQjFOQlVDNThHTnY5S19YNVY3bElfUVJSZHNxVjJGTXVRUnBmb0JoNEJRUmdTMmhsRHhVaVlOeEFzd2cwbVA1Sll6TTZRcDk4UHZxZGtDTHpNTERfVlczeDkyQ05BMXdreEQwY2tyTFFDbi1wSmx4MWc2Q1dUU2s?oc=5,2024
2024-01-27,Tamil,"Law and order situation in Tamil Nadu is deteriorating, says Palaniswami - The Hindu",The Hindu,https://news.google.com/rss/articles/CBMi2AFBVV95cUxNN2FoZzRMZHk3OVltbUtPa0RYN29EVXp2WFg4ZHgtaldHOGg3SGt6TVdiTHhfVnllWmJsRktvOHJoNnFNQk51MWZCYzJydHZuWEpvTndXdkh6ZHIwRjd5X3RPb25QZkltdU9aWTBLR3JQaldzOGNPUE9WUVlYay1QTFpPUFJtRHUtblg3OG5kY0IyeDY0a0FHOXh5RTNpOEpxYnEzemEzY3hNMlhBSnVkTEx5U0tWanJWcDdsY24xLTRzY3FQLVk3Z2VRcDBWemlpcDBKUjFndWnSAd8BQVVfeXFMTWpteVQ2TjhCTE9lUjVnSU9pY0VNRzJ5Y084dE4zSFlpQTRMbXo0MTdXbzBrX0Rpb3NJZGFnQXVMaDZpT2xYWERieWVJT2h2MkFaNXhiX21MS012V3B6RTJVQkJfdExkVTdncUNKM29tVm9JV1VTbTNOc2FyWTMxcHRKNEpPNEJuZEZSRG9NaWNWMjJBNFNPa1cxckU3djJqQk5FU2lNQ3kxR3hOZEY1VTFVVXBpS0swQkpuUWlaa3RaZlAxblZIeTRfcV9sVE91eU5ZME9LU0lNTHdKX242dw?oc=5,2024
2024-07-14,Passion,Passion and murder that led to the downfall of Hotel Saravana Bhavan owner - The Hindu,The Hindu,https://news.google.com/rss/articles/CBMi1AFBVV95cUxNNHJzV3EyaWxpRjFQMnJvVWNUZFlPYlBLay0tMTM3elp3akhxNk4wcGgyRW5kNG9BT3V6TVgyN1RuQlg3WDNaOUh4dl9mTFVfemVadFdYV0lzdGIwRndHb3pXdjNCUzIyS2dfOVVfSVJXLXEtZk1HUHN4LW95ejctYTUxbGcxV1VLcGJKdTM4TmdWOWlMVl9PV2w5TUdzT1dQX1REaDFUWjFONUhVUGpfQXRmR1NHaTlnWFNGcXJtUkxqa2xJUGtySmtJTWI0WkhGdC1vTtIB2wFBVV95cUxPOWxtdDdpbzdsQWx2T0EwS1pZYlk3bjdXUGZBVXN1TGhBWGJKWUNiUXZYd2c3cjBQVlE2Ti1wRVJESkpfS3hBbW1fUTRBbmZadm0xTzBEODUtSlZoRkpHNUVRU1RxejdwN3BDbTQwQUVfOFViV3hnajh1VGZuTXhyYmNPTlNOZXF4UkJXX3paX2MyQVpxVHhfcnIwUzVjdzd3bjE5VW5obkdkNkgyYng2Z04wNnF2VHZnY01DbVVLamdIaF9mWVloeWlEUC00WW04VXdTMk1JY1RyQUk?oc=5,2024
2024-01-02,Madras,When Madras repealed Criminal Tribes Act in 1947 and showed the way for the country - The Hindu,The Hindu,https://news.google.com/rss/articles/CBMi6AFBVV95cUxQUk51R0t1WFYzV1JWSmczU0ZWa3F0SEtaVUt1V2JtQm5FdTdtbDd2UGRiakppVXFmSHQ3c3IwWUphRUhmNVhkVzhBTmNlT0lkbllocDZyRlZURDZJNUU0V2JkR25scjJ5cFJvQUd3OUVHT2dubGJ4d25peGtfRTFkOHBUUUZZaVhtZlJhRFZoRGhWQnFYd2J4UFpDcFd4MzRQb3JSSDluMnhraGVVb0REb1hmZGRMRi02R3NpTDkxMDVSZmhxWjBwdUY2czZZcVRvcW5na3BzdV94ckNtTmpmX3EyV3lvQnBE0gHvAUFVX3lxTFA0UE1tUTR5bU9HOFFJaXVqRlRmMkZWa1NnVnZsX0Y4VGZjVVZPcExTcnUwdl9nMk5fbGpHYVJzTVRtVkd2OXExU3pvc2FleEhkd0dSNWNsdTJmRXJPaHJoaEgySmZYYTBmMDBnTF9RUnFkZ0JpTEJTVGZYcTZfbnRIbEZlWGJXQkJhQVFKamp3S1JqYXBxNmVVUkZpNXFBLTNkUlBzZl9qSFE0dWJtUHNxX3hHN3ZQU0RDYmFDODlPN1Z1TTI4SnVyRmlOWmJFbzVSY3lYeGtPbU52eDdPOHE0M2Vqc0ZycXBJcklSbjBR?oc=5,2024
2024-08-02,Adyar,Body on Adyar river shore: Youth arrested for minor boy's murder - DT Next,DT Next,https://news.google.com/rss/articles/CBMipwFBVV95cUxOenVfRXlSWnJVWndsTEZHTjZxUDRYaVBOQ3V5b0VYbm9NNGFRcy1lbWhKRnpFX2FwY3pDdnpYcU5mbUlLenVLR2VnT2p6aUlaczU1eG8zTjVIdGRHeFkzNGpSRWRQall5MXdZLWlWZ3RGMzlsbzdyOTZ3MlFtQktGMm1vTFB1Mzc3NTBSRGR4VzFlZFpFUU9rQl9VRjJjM3FCTC1kS3ZuNNIBtAFBVV95cUxOXzB1T3cyQ1l5SWpCV3FpN19kSHpydDNPemR4T3ZtQ0x1ek5nRTAwU1IxNS1Da1ZySEVSS3FVM0JsSjRwS3ZmaGoyVVdFdFQ4TWl6WU90djJXWVBFSmcyRWVrMTFGQ0tyT3dVci0tQTBVOWF5eTN3VlJQaVhCVm1veFpCWFpyaXZReEx0SFp0VlViVVRnc3g5UnQxUXJ3dlVIeUV0WUJ2TTk4UkN5LUx5ZkJpN2E?oc=5,2024
2024-02-23,Court,Court allows probe at crime spot in Kodanad - DT Next,DT Next,https://news.google.com/rss/articles/CBMikAFBVV95cUxOWW5SQ29ZTGZZZkFUeXZqZTJDSEZfd3F1YlhFT0hNZnBVREJzbjBYOEZUQ0JIN3VjdENXdF9pZzhwbkwzUktYS0QtZzhNVVFuTGhFVjQzZWNrZXRTMUZLNFR5cm8tYXdacXZyd0gxR0dYVlEyZzlla2dpcXoydmF0bUZ4aHdNdGJjUVhzSGVKSHrSAZ4BQVVfeXFMT2lpeWNKRjRGbnQ0REc0aWJnVGg2RGluN19xM2VuYmdvZ25SVTlDbU5Ja21ZVDR4Z2UzN240ZHlSSXU5eE9aaDU0cHZYaXVYcV80V3J2aGZfOWM4SEdpQjRGallua0Jqc0ZQcXp5aS1QLWQwWGRvNDJ5blVSZ1ZGeG5EU2NqQmI0Vm1JZ1BTLVl5VVVuTlVESFJLcldwVnc?oc=5,2024
2024-07-09,Chennai,"Chennai police top brass revamp continues; Tambaram, Salem, Tirupur gets new Commissioners - DT Next",DT Next,https://news.google.com/rss/articles/CBMiywFBVV95cUxNX1hmNlc5bmI4R3FkSEY1bW54WU9HRWVUdHRrc2k4bEFyNXVNVnc0cUpaWWNWQjlKbFl5T2Q3ZFlzYTNFbnh1MDRhRWozR0xJNWx1UUJWUDJNclFUcUUxa01uNnpHWEx0MVJfeURVUGZHNk45TzVJdnZkbm9QQ1JlSzlrU2VidGZ6dFVIbmw2U3JNSnJDSl9wbDVrN1hnRWRyNVktdFV3RXZwbW5QUmV2MWlSR1N0VHJqQkQxR2pWSkMyRFF5VkRqQnFKY9IB2AFBVV95cUxNdF8tQVUwUXFaaVRkQ1EyZTJqMUdyRXpVYldCNHdOcDlFeU1MYkFtV3VpOGtnNHViWFozTGZkYzBmc3N2SGdOV2JibnRqckNPY0huV01YallVMGE2TmoxVWNYYXFLa05aQzlSN2ZHWnFtcE9hX180dHk2blAtMkY1WjJMbUZRWFJMYU9DLWFKWlpXSlFfZ2FoWFFBM0VCWl9MZzhwMFR4RU9hOEs5cDVEVnB4YUQwZlJVT1JYM29WUlAzaEdrTDBGNnlwVWdTczA3cWhaZ25EUnE?oc=5,2024
2024-07-05,Chennai,Tamil Nadu BSP president Armstrong hacked to death in Chennai - DT Next,DT Next,https://news.google.com/rss/articles/CBMingFBVV95cUxON182cW5YQkRmSjR3dUFPU1J1aVdyUW9wTGhKUlpvdUJqdTFwY2g5QmhLbVhxOTlHOEFfQzZXMmFNRTB0bDYtdWxaNWRNQ3hGb0QyXzBsa3JxVmNIWXNTVVhTM3FmV1MtQU5zTUFValZYTDFITGhsN21sTHB2ek1iaWxsY1NWbVZJLXd5bVpaNF9UcHJJT0VHaHJmZTNOd9IBqwFBVV95cUxOblZzM2ljNmRUQUJrSmd2b2Z3UjRWZEp4eHNpcGNYWGh1NXRJWmhUNDNXclZ2S3ozM0h2ak9qMDhvR3lDUVJVRlVLSEMxQW5KUmMxRG5BLTFuNzNtQXl2QUZGd2FKanVnczI1Q2x5ei1YS0RBeDRqbWdCamp5dFZ2U0VkVTZQTU9selJfbG1ZNGRCYVYwWVJNYzhDR2g2QWxVUTlBekF3VHVwSkk?oc=5,2024
2024-07-09,Chennai,"Disorder in the Capital: Days before being shunted out, Chennai Commissioner Sandeep Rathore denied intel failure, revenge motive in Armstrong's murder - DT Next",DT Next,https://news.google.com/rss/articles/CBMimAJBVV95cUxNdHR6ZzNRVm11WUpqcXFuWTlJQllMTjI1MzVGc0Q2ZGFqS2JEUmE2OHM1SW9KeDlQZlNtNnlMZ0E2ak5teU41X0JkT0pZUWZpLVhiMjZNanJHUkFMWU03c3lxWG16MVMxa0hPc2d0ZVBCOG02WjVWdXlrWlVFX1RvQVNOc3NSX3VvS0pzY2piMUJTR3E0eUU0YjJnV2pDRFBHRUFQUHFPTFhMODVWc0hFakp3REZVRWR0LWRDdVBGem5aSU5nY21ycDZybk5SU3p3d3VUMzdGdnNSUUNRQzh6UmVJSF95TlpRUjlBbl9hckZmS21xUDFJU2YwNzdreWVCRjJtdktXWk15cG1HdjlZT0VrUFpSN3k30gGmAkFVX3lxTE16eWRNZWNBdUtBZmFFOGRhdzRCR0tKUjJpYTVDQnRzWVVTSXkzeTFwVVJyWVZrcDJFb3dGcDU0TTREc3VwN04xd1IzdzJhTkJBSnd5RU81Q2FRU3NJXy1Xd094R29QeVA1am1XZ2M0czg0M25xZFcwYVN4X1NPTlpFWjZFLUFaSWd2c2RNUUNKVE9fdTh5QUhBYmhXSEFhaHp5dVZXWUI4SnJHcy1ycUF5cEViekdDSTZucVR1NWxTdGdfSjhWZjdxd1NvQnY3ZnRtM3hWaHd4V1Bka1RLbzB3anN5WmliQm5tNExhMVJqVEt0cU55ZFprQ3VJaklId2g1Sjdfd2RGQ0VNTUxCQzQ2cTZVa29EdVZlbnFBc2RJMzRzaE9LZw?oc=5,2024
2024-07-03,Double,Double murder near Tambaram over ganja turf war; 3 arrested - DT Next,DT Next,https://news.google.com/rss/articles/CBMiogFBVV95cUxOVHR4QWZlcFNsbHhqem5aQjdhYjRoeFZSS1A2MDI0YTF0YU9MajVxRjI3S0M0ZW8zaEhLeDhNOUNabkxXcGJma0NwTHJUUEttU2NORFQtNXJIZDZiWDRiZGNLb3NEVjV0cmc4aU9QVVFKYlNlVG5aS2FlWEV1dktrVzJwZC11TDlyOWppcVNjY3p3ejZaR3dNZjNhLU5NcDJOMGfSAa8BQVVfeXFMTkZwcFdIRXpHaTZYdmNaMTJIMWRGdUdWUlc4ZjdXSm0tYmt1dFhEYkxHWjZERDBHRXRvUXVMaUR6dEY5SFh1RDFVRUJBOGloT2ttSkxFOVhRVWh3RENtYnFoUkRWRi0xYzJwa3dCR2RkNkRoOS1Ka3E4Y1VwbHVpcHI4Z0s3Z2ZCNXo4QU8zaURnZUpoVVpweHdGTnlPM0p3aGVFeDI3d1MtQXM4dnY0OA?oc=5,2024
2024-07-06,Udhayanidhi,"""Armstrong's death great loss to political platform for oppressed"": Udhayanidhi Stalin on BSP leader's murder - DT Next",DT Next,https://news.google.com/rss/articles/CBMi4gFBVV95cUxOZF9RSkxWWUJyNHk1LUhFTlExUVg0QWtCeE1VSkpMWDUtenRYLUpkZ19Md1pfQUZoV1hCbUlDZE5wSEJhNnNvSnhiYmg5bkFVbGtUTF9iYVYyNS1Gb3o5Y1JIdXczb0FjZzluSjU0TGtONFVLOTZkQ0RSaGVXNlk0Y2tWNWhWQmRTNEZLeEd6THJtYmVBNDY3OHpNRUlmYXNaSnlENkI3ZGlUcVdId24yZTZBVWVaT0ZZTU9pLXI1azR3bUlHczN2UkNNdjVWd3ZOakhYRHNQMG1zN2NDWTZ4ZDNn0gHvAUFVX3lxTE11SlRrSk1WYmIySmthOGhyQnZtQWFub2MyQUp0SnkyTEFCZ0l5UW40WHdrM1ZfcEVrWF9IM0ZOLWI4bWduQ0ZCR1kwVVc4eDRCUTRPaDlNblU4MEc3T2hWUWxPMERzbVNyWndFZ3p3dEVodDFXcE5lYkVsdm1lbk9SSk5zbERlNGJtRlQtczZ6el9hRWNERmlGUEtKVWxVdjRoZUtsZDNBdldtdzVQc0JvRzFGNVdBT3Q5R0pMSE1ieGlRVVg5WjdrOE55VVZ4eEJnWEF2ZHV6SmdqNUtCc2pfNjBmMmdNY25VTWZzUUM0?oc=5,2024
2024-07-06,Chennai,"BSP Tamil Nadu unit chief murder: Rahul expresses shock, Mayawati to visit Chennai tomorrow - DT Next",DT Next,https://news.google.com/rss/articles/CBMiywFBVV95cUxPVnowbGhtcURDWW5fWk0yOVZXX2NES3NYYnkzYkhla25kUVExQ1hLTzdRNE9jVFNHTzdVUC1ndThXWUE4Z05BY1R5YW41QnR3Qm93TkhPcWk3dFptOW13OEVXbHp1WVRXUTdzM1F4R3pxUXVLYzNXMXYyN1p4VTh1aGRXaXFSNVR3ZDdRZVRBUXlIQnF0dkVrdWltbE0yNUY0NVJwMTIxNjc2UmQyNXNhSnZsd1dHN01ZOFVaSEpoQTVLc2NFdE5GbXlKQdIB2AFBVV95cUxPdnlfdnlDdEM5VXhiSENVYVZJNFR5MUk2NW5FT29vNmdyQTRIODNOd1lfVUZiMFhSRWZfTFdoMHN3MFpTWkFvakI2a0JNQTVOenhvVEFvVU1tQ1E1RGIzRERVNFVhMzJoQUp4cmF4ZG55UEVGcU41Si1nMWNvcHZTcmhZZU1hTW1ScWFzVVZFVWhuc2c4RjFfbHNxSG85YUlkV3ptdUc0VkVfR1NqRUlqaXBBRUZneG5pUVJUcnV6Q1hhX2Y2ejNTTlNWemIyWVZPX0stU0FCU1I?oc=5,2024
2024-07-07,Emotional,"Emotional scenes as leaders, public pay final respects to slain BSP leader Armstrong at Perambur school - DT Next",DT Next,https://news.google.com/rss/articles/CBMi1AFBVV95cUxOcnVuam8ySXotWVRYUUtDc2FsNDFobUU2Wnl5YnozRG4taEVreFRMVVphM0s2dGRhVE9taGZwZDFMOTJhSHEzaVNUc0JOM1ZpQ2VVYUs5Rko5elp2eVVDUGR0SmxETkMxZ05yR0FiRWVsa3pfUEQ3M1ZQWTFJZzRQSVhkZEdGUzY4ajUwSXV6VVQ4WUVJYU4wTzN5M2tTY0lmZVlVQUhUa3BZeFMzdDJORTBkd3VPMDFrOTFWVHNfVTV5WVZPNW9NVWlUUUV3SGdYdDgxQ9IB4gFBVV95cUxQbV9la2doMzdocHNKc0pEcXJzQ2FSS09FVGs5d1RWQ2d4eVpzaXF1VVk2cU9SUTVzNy1XZU5qNVVXOXlqVVdueG1CU01lOTVOakppcmlIZnNNWnZMNUVuMmpZOHVBZ2p0d2RnLWhKc185ZUQ5WThLM3Zqcm8tUl94ODBCV3VYMTZuZGpJZ1hqQ2phRkJPdFhiZnVMVjB5dWMyQmtBZ0NRR3IwNXlWYllMalhaMEZtaTlkT242dXNKakVBeEtPUHJ5QWdfU3UzNUhITGJaejE1Rm5BeXU4NVAzUnJR?oc=5,2024
2024-06-09,Sriperumbudur,Man arrested for pregnant woman's murder in Sriperumbudur - DT Next,DT Next,https://news.google.com/rss/articles/CBMinwFBVV95cUxQdEFGTmVvZ2I5NEpHc3poUkZiYjl5aS1PTnV4QWhPQ05pSVY3eHBQaFpham5ISkNKbk90QVZFNnN4WGdEMjRjMEpER29XTENlTnR2WVBhQ2p6WTlVcUlWbmd3VGhDX2k1ZEE2YURlZzFCRmJObVFrVTRGSzRWcTQ5MEFEUWRrcXEzQXRUeGZsaDlkUzg4ZGd4MDI3RFdGdnfSAawBQVVfeXFMTlF5bnNWZHEwUndaR2xiVEstaHFYMmNWSWYzcUpoYWs2S244Tm1MVE5MdHhUbmdQSW4zTVRxdGU2MzRvaHBSeExsTjdTZHg2czRCU090TkVjdTZ5RUQxN2gzYWR0aEVETHF6NV8yVllLSFNSWWJaNE5FcUZYSWR0Rm5MWkhWbDZ5czhqVHV0LUJ1MnZQc0ZRRHR1dkRScjJmWFdpSGI5ZnZpckotTg?oc=5,2024
2024-08-06,Nagar,Two history sheeters sentenced to life for 2019 murder in J J Nagar - DT Next,DT Next,https://news.google.com/rss/articles/CBMirgFBVV95cUxQREEteWpQUlpwOGxlQXRSMG9qMElTWTlZdUVVN3h1Vl80czhyR0czWFpSbjB3LTV4SEJ1Wmc2ZW9Ldm1iTmc1MG1yd2Z4dkRGeFN4cTFKYzR0b0hzUHV5QnA5aHQ1bjFzWkRiOFJVZU1zNFExQUNEUmg3NHFJdTcxMXZKaUNTZ21iRGJqZFhnZGVHMXQ5SlJNQUJxWXlFWmVKU0RiTGk3NFJqQW9QalHSAbsBQVVfeXFMTXlzdlludmRRUzBqY0k0WTYzVmM3UmlWMmJXU0xJejY2eFBQTVpqTkxlaFNmMjJnMEszTjNjMGZscHJWVWhrYzRNTEY3enItZ0ZmUERrdUxYUzVTbFJwenM3QUtPbW5kSEtXZnhPY0oxUFAyT1FjeHlHako5bXJPMkFnUktzRktlRGUxVExPeWpUWTNmU1hLbjktYW45ZXE4eldSR1pZVjd1MTJGSENyWUtXci1UNWZQbXhzWQ?oc=5,2024
2024-04-23,Chennai,"Honour killing: Two months after husband hacked to death, wife ends life in Chennai - DT Next",DT Next,https://news.google.com/rss/articles/CBMirAFBVV95cUxQTnY0QnJSdXR6TVJBWjVodG1TNFJ0R3pEb2lFbnpYY3FXSl9iQnM3eDd3cGp3enJwM3JqRUtTeHgzMXRHVWRpUVJJM3VZN1NPalk2a0VIMkhoX25jby1QN05za2w5YWRUNWRPd2t2Z2pPZkMtcW1ZZVpvb2Zaa2lWSlRjT3pkNGwxQ19OYU9UZFlHMjdDLWVhc2ZLZF91ZjlUekhxemQwejcwNV9f0gG6AUFVX3lxTE13TlYtc0lzcThhNDFzcDJCNFdyRnRvQWFyMDVmQl9YNVZXNVZHaWZGdGxBcUJuXzhKZmhoUGM2Q0dRODdPa25aazYwanEwaGk2T2FiMlNtVHp5VnFFVnZrZkJYY1BveGhSTmtVZ2lLeE5IeG5OOTJBRDlDSmlpX2k4bUE1cEVNQm5vVi1fZ3NpdmN4WjNBMjNtTG9ER0dIcUpUazJ1QnhGTkNjc3o4OE5WNXFUYlV6a0RMQQ?oc=5,2024
2024-11-21,Santhome,Man held for killing platform dweller near Santhome - DT Next,DT Next,https://news.google.com/rss/articles/CBMimAFBVV95cUxNUklJYXE1VDlVWVh1bk4yMmd6ZVRUVGxQZ19MV0wtbDRFWk84aXpFUFViNFRlMVp5OTNWQnhoQks4OUp4TXVGcExBN1ozcWhocGpmUEFOX3A1bTE4QUZhbTlMTXZhdXhkNUN0NHpQTGJocnNhdkp2cVdqTVpKQ1QxOGRIaXdHQk5UQVR5cXh0RTM3VjZkcVlDMNIBpgFBVV95cUxPRk9wNElZZkVKY2dqUTVYZkRWelFmMV9KRXRMOVNUSXppQ1ptV3UxYmxzalRjS3JYWUVVak5TeF9hS0xzVEJmQjlmOTRFYm1fR25SdzBIek11Y1FsbmdiRlIweGNhZy1Bajk4aDRDT2p0aklkSWFidTZreF9hTlcxcHduMEVZLVhNNG9SVGpJNHpMM25HUnhhUFpjVF9jYWJnWHRERVZ3?oc=5,2024
2024-07-18,Tamil,Tamil Maanila Congress member Hariharan removed from party after being arrested in Armstrong murder case - DT Next,DT Next,https://news.google.com/rss/articles/CBMi4gFBVV95cUxOVlFEZE9kTTRHQmQ5ZmNxbDFUOTZlVVdZWVZRT0kyX0l4LUhzcFZhNmdtQ1cyOFBReE4wMkNydTItRThxTjc1dU1YTi1Da2FCM3NTT21Wa0hFSWxsVW1PMS1ycFNUYzAwWGVwSkZwcGY3aC1UNHlaLUVXSTVKUUt0MVJkS1ZSVmR2cG1UWjl3VnB6S3lDd05hQm56UFBmakl4bXg5R3oxY3lWeGhJMzZuUXptMFRjaWt0dERZU0VfSThId0NTenlXc3Bmb29ydTRpd3pxZzJxdE5JWTNCemJiVkRn0gHvAUFVX3lxTE5pU3p1TTM1cXNYdEhPQ0tfbVZvbWVYeGd4T194VUwzY25EMnd0QkhJWE9UV0ZGOUJiMGNuZFVON25FOW9sZk1ta2htY0lrUUYtLTd0UGUtNGtURkpIbmt3WFJ0NDRMSU1xY0ZKaGhhUkZ3S0NwTFhnd1N3WW1xeFVtNVBKUU80S1hucEVuTThCVWFpbmZycTUtNVQ2dE9pWUlQdzJDY0NPS1VvclZHSlV5VVF2eXZacGJWY3N3OUpKWXFoeGltQmt1amdlNFVhbXlndk5vcXhQaklNTnoweUZvUkJDN3FzUElza2FQeXlJ?oc=5,2024
2024-07-06,Armstrong’s,"Armstrong’s murder: Cops rule out political motive, suspect revenge killing - DT Next",DT Next,https://news.google.com/rss/articles/CBMitwFBVV95cUxQSjVwZUlvYjVONUllMEp1enBWMzJWbWd0aHh5cmpaSTBwOFVaa2pjcTYyVldRVzgwRXRUY3QycGliM2o4Ukd0c0VVM2lndHJMNHl4eFEyaWVqNnFoN0tITEIwb05QQWpHaW5NQjdSOTlQeVpfY3lNSmxtcEN1WmNsRFEzeU5SdTRVbDVaUk5oTWFYZWpEazNlbDNJeVZiMWxfeEh5al9JQS1vSWhhX2hOek5uOXFWaDjSAcQBQVVfeXFMTmFuaUdSZjUzNmp5a3NROWlYb3psRTFBLWNKQzdxTWk4MnAyd1BBUjFPc3lGRmdjdWJUZFpER2JWTkxXeDdLb3NYZ01Pc2h2eUJCQVNjRWIxVVhya1JmWU1wNEZ6SFdSdDZKc0NHeTMxLVp1Znc4dWJEVElBcGtIRzV3d2dzbjZRcTlvd1NLTDVNTXJCWkpPME5saHB2OFBBaEZ0cUhSdFZEYXhsTTc5THRMWFZfREgwWHNqemFXTm0yd0c3Sw?oc=5,2024
2024-07-07,Dalit,Real culprits behind Dalit leader Armstrong's murder not yet arrested: VCK chief Thiruma - DT Next,DT Next,https://news.google.com/rss/articles/CBMiygFBVV95cUxNeXRoVEJncFNaSjlSRE9XMWVScklpQWh0elRXSjhIbExjUXhGWjE5cEZwaTRJQXBQS2hPcm1FYzNGQW50UWFaNWx1WmctRklHWTQxcVB3U2VNS3htNjJVczd6VGtWQ3NlaUVwaXNoVFpDT3dRX0xlSmxoZHpILTduMFpJaVR2b1NCY0ptZ2FZUXg5Ty1vNDcwYWFvb1Z5a0VxSTZaX1BjdVFlLWxfRk9oNExVejV2c2VQWXVNS2VjZU0yZzFudld0NDR30gHXAUFVX3lxTE1EaHMwNjhSRW01bVpuZHpmb1lsLVgyRk53V2l6WkNQYTFSQVdWdUVoMGowZ3E2dk43Ry1wdnZPLVh0V0lEdHhiNDVqTEUxem9IN3pBc25hdHJEUUR6SHNNX09GVURvOFFqZEJ1R1g5b0hhNHZDdzQyazFnODltWXF2ZXZUcWZLWWV5U1FxQ3VHb2RnbXQ1cGtGemlNVEtqTGlhbzBFQnM3STdHZkJwakMyMFVBSG1SQ1pPcnY5T1JHTGpJSWI5ZVpZMjFrSVZ4bGFXZzN0elY0?oc=5,2024
2024-07-12,Suspect,Suspect political action plan in Armstrong’s murder; says Thiruma after meeting CM Stalin - DT Next,DT Next,https://news.google.com/rss/articles/CBMipAFBVV95cUxNRzN4WUg0NGZYblF6ZklOak82UjJqUHY1cWQ2d3dqYmdaS2FmTGNlV2dpRTkycGx2NnRXVU1ueFRIS2J6aUZMNEJEbVdINTB5NjVocEZPSktiZ2tGdG1peF95dVo2QnRLTkxyc2RveTQ5QUtBZ2hzS3pGV0FwMkFMSHhWTXZKclBTTzBwZjNPN2Fab3FwdU01cFQwUU5oRThrME1xatIBsgFBVV95cUxOdHh3OXN2akpFMHBZN3Nyb281RVN1a3hhYVhlYlBaWGZMQXM2SUMtcE9uYmRKSzdZZ1lGb1VYLUxLMG1LeDV0cW5xSzlfMlhSX1lsVmhoRWZxcFU0bkc5NklTVEYzYi1VYkhHNHAxOUUyZGwtbWZ2Y3dpQ3pkZ0Z2VkZlbGRrekQtdThmdjkwTlpJVkZkMnpFLTJETkZJYmR0NnEwc0ctU0VMZmxBRWM3VHF3?oc=5,2024
2024-03-15,Other / Statewide,6 get life for killing panchayat prez - DT Next,DT Next,https://news.google.com/rss/articles/CBMiiAFBVV95cUxPNzNRSUNzeHVIX24wdHlhR3VTMzRXd0s4dWRyTm43LW5jak9jaGNqQlEwZWVIR01HUVB5UHFBeEpjYnZ2OHNWQnJYQTdSTlA3aVVULURHTC1JUTJhUVpZRENrX09ScmxmRTVWd0x3WUF0NXY4RTZfNlhRYThhMkNlaDBteUwyU1NX0gGWAUFVX3lxTFBWMEY3YXVZaVpsSVFHc3ZEQUR3NjlZcTdoXzIwQWNkcnU4LVRLNXdBcUlEMVQxVHJIcDJ0MC1wcWdkMEFkSUJialIwYWtTYUpaU0RLXzE1QVNSU2FVeXRSOU9hanJUb3ptS3RPTTZwekpvY1VTdU9qM1FJNU94emJBVEZKclo1eHZXTzgwb2ZEaDhINnBsdw?oc=5,2024
2024-07-09,Tamil,Tamil Nadu CM Stalin visits slain BSP leader Armstrong's house - DT Next,DT Next,https://news.google.com/rss/articles/CBMiqAFBVV95cUxNVWN5X2ZPc2cyazltRVA1bldXcFJ3cnVEZ2NqX2N1cUdZRkpaTjJXSmIwM1dnNnBOa25tN2R0T3R0dE1hU21mWUxEZnBHRjFCZXVnaF9hckUyZ0hmY0JHUDNvYUdSejN6MVBYQjJjbVhiV1huV2JiNDJoVWNVcXFKQ19FVy0zd0Q0ZGhUenhaTGZBbHBicXpzdF9wR3VTU1ZEcUl3aExGTjbSAbYBQVVfeXFMUHhwczVlX19TUWI3WkJ5OXMwQW44UTgzVlZSYkhSUkQtTlctWE1oOHRxLWNaWTlfb3VZTWxpakRDQjZaM2dnMGNMQ0tjall6aDBSTk0yUUh4VUJrd2ZuSUdVUmZKbkJBb21rN1YydER5NVo1czFSRDJuQ09yT19FUi1HenZpdjJFSWswZ1IzRHhEUk9JTnhDVndvNWw1OTVIWjlmSm5fQ3l4WVMyQ3NuQVhzZ0lTZlE?oc=5,2024
2024-01-03,Other / Statewide,"Man sets friend afire, fakes death to claim insurance - DT Next",DT Next,https://news.google.com/rss/articles/CBMimgFBVV95cUxPX2l0ZEU1UktsVWFnRVVMM016SmhBWkJNY2hyQ2tGNEoxR1NOX0tzQVlaT3pJLXFoeUQ3WHBpcXlKUzNMUGNwa1VVeEI3anZCX1pRaW9WYmVyVjAyLXhURFpROHhNYXJWNV9LYlhIOTJwVng4eWpyRlZoZ3NBd21QR2JrRGNnaFEtQVVsZ01QZjM3QUc0SHNDMmFB0gGnAUFVX3lxTE12WlJRaUFac3ZiV1VJUnZOV2Q2VmpuekdvS1YxaUh4dHpiR3lMaUJOUmk2SVlDMUNNY3V2U3NWU08xVDk0azZ3VEdfQkoxS2ZZeWlyZnZHMW13Sjc3TV9DY0NpM3c4M0FYS0NLbVZmd0ZyWWlqblREcjJ5TTJhaTVVMUdWczlIQnc5aWJDUVF4SXpGbDdWaWZuWTZ5OUN3U0RUbnhQVWh3?oc=5,2024
2024-05-09,Binge,Binge watching crime content triggers fear in youth: Report - The Times of India,The Times of India,https://news.google.com/rss/articles/CBMi2gFBVV95cUxQVkU2WWlrT3Y5OTNfWW9hQ1c1eFdlcG1Ld28zcjZkVlVJUmNGMGJnNGttbmNYWUlYc0dTU09rYmVqQ0hfQmVjeVNJaDdoMjRBbGRUaER4aHg1azdSWDZRSFQ2UFZqZHN5UVpZeVVjQkNqcjRoSGMtUWV3STI2TUZUeVpOdzdlbmFhWThGN3QxWTh2bFpheXlfVjQ4czEwZGNFLVBBdEV1aDN3dFc1b1FSZ1N6YXZLZHJLeTdGeDEzZkxERHV4dFpZVHVBYXAxazI3UXFUVG9TM3ZLQdIB3wFBVV95cUxNR1NkdVZDVE9TaC1LY1ROd09YcWNvUWxJNFR4Sl9GT3NxbldGbHpPck1fQXZ3UUJyNGZtNW1SZ09MMHVlZkoyajY2Q0syWG01Q0UyWjAtWjJES3g2dnpnak15bXFyb3Q3UUVSZElHbTFWMHlvTVBJUnNQem93ZXVUOU1xSlFaVWtILXJDS3pZQmNqZF9xSHNMR21MTTY5XzlSZWJod1ktejVuQ0FhdGs1eHZLekw0TWdIN1ptUHVqc1dKYmYydFJyU3BXOXNpdVVaaVBHcDZsMnJiZU11M0ZF?oc=5,2024
2024-01-25,Mobile,"Mobile apps to safeguard seniors, enhance crime prevention efforts - The Times of India",The Times of India,https://news.google.com/rss/articles/CBMi1wFBVV95cUxOSk9WV1JEdFB4X0ttOXhiaGlndlB4aUlzeVZoTG05M0hHS0NnZUVBT2I1UFZiLWx4UGpuQWFvWEdnYlZWODRSWE1OakV1dXpyRkpQRHRNRklsbGd3Q1BlUk5LaDFCX2cxZGhqb3QtZWkxa0FQN0xIeHlJR0hnVldydjFBY0FOSS0xcVNHdmhSbzU2VkNVY2V1NE5JUkhVTW00WU4wUlhSWEx2UWV4b1liaktkb0pUZFFMazJPZGZ6SjRIaHZ0RnNLZjZoU1hBWE80UGJwVnNsc9IB3AFBVV95cUxNWnVaZUx2M2pfN0VlQnlvTnk0VGRGaktnYlIzZ3VjY0ZPMXNwYXVLWDBVY295bWZ5WERJM2toQVM2allzS1dfc21UWjNoOU5CTFF1cmRFcnBNb0dZc3BFT1dpMUxVTmtVRDdSOVFIaUtBVkFCNC1UN01qTVo4cnRra0p3aTdkRUJPYU5JQmpfSnNyUDJiT3ExWG9KNWlKb2pCNm1ONERIb3VVTFlnVFVSZXh2Y0h3aGhnQjQyZVpKVjN4d3g3UlNZZDVxVlcyYWNiNXRVTkVtUFExNllM?oc=5,2024
2024-01-11,Chennai,"Techie murders gay partner in Chennai, dies by suicide - The Times of India",The Times of India,https://news.google.com/rss/articles/CBMixwFBVV95cUxPMkllMEs4VUNFenczR3NFcmNPYkZ0ZWNXTVpKUmxHdVROV1E2T3hlVVcxUEE1bXJPZ094OTdKYlA0MUxJaUhlM19tcHk2YnJxWW15MXlsdnlBemZPbk9mbTd3QTZNN0RTWFcwYzFsamtSdy1ZbGY2SGVpOW9pVkp0ZkpadUVJWUNXcXV4UE1sQmtFblQ3dFRqQURFUHFtMGtONHE1OWZRbkNIZXU2OEJGa21zV01Xck56WXJvXzBtU2VEUzhtV3Vn0gHMAUFVX3lxTE1UZWJUVUNtSXFuOWk1X1VxM2taNWtvV2tEMzJDSklUZUt5ZktkOVVvS1JKdkhuaFZ4dVBYMjdqaFhMLWptSjhxOGpGd2VlTVB4Z0JIeXNkYTVOWjkyVVYtR0Fqa2RNbi0wOGtpLUdOWWc5QmowZy1neFZaMmdINXMwbEdMNlVzTXFWalQ4TkJ0NThmQ0ZxZjZNeXZzNm5sVkJtTWo1ejlkSG5QdjVJUHVHQnZ3RkdnT25GY2tzM2ZkTWNNd1FUQUJ5c0NjNQ?oc=5,2024
2024-09-24,Gangster,Gangster ‘Seizing’ Raja gunned down: A look at his modus operandi involving juveniles - The Times of India,The Times of India,https://news.google.com/rss/articles/CBMi6wFBVV95cUxQcGhXNEl5d2E1UHpuZzRWMkxfVi1DcTFENVVGdklVTWNzN0lHalFLRWgwaUVENUdDM3h6aUJzSFVVck1lb0MzMzkzLXJiRVRoVjlRYy0zMUN4bmdmYThZeWRXRXpkNGpHWUdsOTdjZ0Vxb3pkbldFM3Bfb1R2X2pUM1prX3laZndFWG9jZW1BSEpKQklhWTJObUFxNVR2Q2dTanowWlpBakpEV1A5ZEEwWjNkcXo3cHJKRkhsNnlqV0x4dzF6MUEwN05ZbnpOZnlweWV0QmVxT2t2Si1TQzVYZWRfaDBBcFZBSHBz0gHwAUFVX3lxTE5LaGY0Rnc3RDYyNVRtam9VV2FaZDluTW1yYTdJUXlyU1plNTIzMVdSYWRqcXhsOWdfbHdiWEd5dkJWcVBfR2pNUFZUaS1ERmpyVnY5bkl5eVZfY0VFekl6QzBqanpid1AwZWFkbjhQeTh3d0V2RFR1MnY1cnNnRVU1Q1NGdWNGZFlrLUVLdGY2VjBxWVFTNFRDeGpPY3dqS203X2NBcWtQWmpFNnRIQmNGS21IanZDN2F0dGFRUmRVYWY4YTYzWHRIMFVVUVBEb1Q4ZWdiTVpDaGg4bWVwMTN0RDlYQXFRQVR5ZFJEV0VlUg?oc=5,2024
2024-06-07,Times,6 executives booked for fraud - The Times of India,The Times of India,https://news.google.com/rss/articles/CBMipwFBVV95cUxPUlQzb3hfQVI3UTFtS21PZWVMZzBvbUVWSDMyU3A5TEgzdjVCMTNOdGVHSGhMeWR5ZWJZNWJha2dMWm52eC04TVM0S2lfbzBlZjBpbEc4TnRiTHdCallvY29nNHZIa3JzbE9ad1Y1UTRsYS1OMmxKV1hlTHRyaWV5aTZFc2ZSZGQxSEJ6V1dnem9leDl6clNDMmxwRVJjQXdNVEMyVnc4WdIBrAFBVV95cUxQT1h3QkJrZThqdEpTa1FDV3Q2VHNhem5vQ25sdHZkZlpoOFdRX2FrVDlHa3JWNjQ4c2dBOVBiRjZlZC1iZllDb2ExVkd2TV9Mbl9GamQ2d1RQUTUzd1dVM1NJYjE5bXBSQ2FBTG9oSkNXd2lhNlJaajZ4RDRPaUhGYmpGV1Z6TWpUd1Y3SEdrRjBvYU1JVmFPaERmNzBTMjJqZnhDRWdGb2dkR2c0?oc=5,2024
2024-06-14,Angadia,Angadia worker rescued - The Times of India,The Times of India,https://news.google.com/rss/articles/CBMioAFBVV95cUxNWlJqanFUTkVQT1JzVVNnSFBiNHM1dHVZaWpIcHZQXzVFckNyelZGQ3VoWmd3dWFGU0Q1SDZYOExUZDFYWjE4clFiTjFMZFBjRTZtMkhIb2VUaG8tcHljdWtza2dMVGxKbzhpbFg1S3otVnowWGVKaDl1bzVacUU2cHh0dUtQSmZUMlFnUURFVkNfSWNJU2lFb2NBekdHZXIw0gGmAUFVX3lxTE9ZV2U2YWxIUlZpZzJlY3ZGSUtnX2tOVHVTZVRtMGdDUjFpTmJlSFlBVzltZVAtRlY3UXBwbDQycjEycTNud0drSGFQaTBKcFpONW5tR1hJVFBoRUpCYW9fdWprSVplckRqNk5HNldXX0hlTmVGbmxuc2dkZm5sdl9iT1VoMHlTOTRGbDhOcjVWdHh1MGxBX3UyVm1jSEJHRWNjMWRseUE?oc=5,2024
2024-11-08,Chennai,"‘Half of Chennai’s transgenders involved in theft, violence due to lack of jobs’ - The Times of India",The Times of India,https://news.google.com/rss/articles/CBMi9AFBVV95cUxNMVRwRGUyVU5qZ3pfX0JzS1hfZVNKWGMxS3BqcHk4YnFEcmJJOVNVa2lOaHRHMGlzV3I3X3VhTmRCenZoamhGYzRWMC1YdjE2NVNoVjR1VEdIWTFZSE9DOHhCR1ZGRS1TdVFlRnhEUElCTVEyemN2cFY1QTc2OF9uYnUtWEFhSzhoZVQ2ZWNubkpXZTkwSTR2QXVjRExzb1pWOVp3WS1heGRaNDA3U29hbkRQSFJWTWZIS19FcERyX0cxX3BiYTZtX3ZSOWVLQVNlY3NydDVRcmt6dU1vSU9ZU19UczJWaERpd0podUtSZUxRN01q0gH6AUFVX3lxTE15dzAtcFlDYl9SbGRIX1hNME03TVlORU90azEwZDNUVHJtNnh3UUtyaVlDV1Q0bFhVTmtrd3A5OTNCOGtzRnhDei1TZFBWRlBMQklsUXBTMHFteS1CM3ZDOFBtWmZwbXpSdzluaVJhNjdfSlVHLUxibHRrUmhLRWdxRUw0QVJRVEx1bEthR1FqdnFDbjdxRlVZTzRJSWVqWmE3SElfalZZanJ5VHE5OW13TDNKR0JVdVRXbnRiZ3Fzb2pFZUN3cW9WUGJ2ZnZhX3kydFB1c0UtcEhhOGxLWXp5dUNqUnQwZzJyYjg4bnc3d1c2dUlqMWQzRmc?oc=5,2024
2024-09-19,Chennai,Notorious criminal Kakkathope balaji shot dead in police encounter in Chennai - The Times of India,The Times of India,https://news.google.com/rss/articles/CBMi4wFBVV95cUxNZTc1QmU0aEZvYkVuVDNnNm9VU0k1S3dCOWJWRGlfTzhKWEhXcDUwR042Z3UwcEM1YVVvRHZIbmtVek9XWDRvY0N2Z0xSMmRYWXV6V3lRN2Y2TTJvVlBxZFBwVVpRYkRYX21ZZ3Jnb05ESDFmSEphRG5Ub2dXM1lwLVNLaURFSXU0N05qdDFPWTdGMkI2M3laY1BGdURjeG8xcm5jVGV3Y0hpdlpxNi1Hc0lqSTFDOERDWXV5ck1maDB4aWY2cDNPaFYxbDBzMUhraG9zZnQyYlZ5TTA5d0ZHRUxmTdIB6AFBVV95cUxNTlpVZkgzbThCZGxCZFpLNTR6RnBqSDVBZlhVLXJwamRSOE80aW81WDdySlZSVTAxdFhvbHhrc2x3MmZMOWdhVDhnS0ZwV2g1bzFEMXVXN2xjNDFrMFJ5SWh2b0laWEtnTDBPR3FBVVR3Y0RwRzVFNlc3cVAtUWdWQ2JkWmFnNlpNVF9jalhfTFYzSXhBVUpmcTR0Vld3N0NuS2tHeEtfNmRWbzRmYWtrLVc2Vk0wYndaVDZ0ajJlWlBnY0I0VHc4Ujk4VTFpOC1SUUVKSVBJck5RLWptNUxFNmpkMVZwTUVQ?oc=5,2024
2024-09-06,Times,How far do criminals travel to strike - The Times of India,The Times of India,https://news.google.com/rss/articles/CBMisgFBVV95cUxNV0hrM3JTNVlpU1Ntb2tER1J1UXIwWVpQMXRsWm9RSzJaWVNtUjc5MWNxZzhQT2NCdVJaeExSZmhjTmZGc3gwSXJsWlJ4YVRaLXppVlpiVUVMQU1jWS1rUUtaSll4bTJ2QVVMYlhHSThsVTA0a2FiT3QyRUVNRS1aVnU2MXJyVHhDZkM3UEJjZGlpLWl5dEQ1M21hUmswWVoxb0RheVhVcHU5UHFuU2NiM2Z30gG3AUFVX3lxTE52TGxMS3d6Wm55eV9vQU9Pb09nb0NCRkRLa25kanJZQUdsbjA3clhySVJJTEtpUmhXZFdvQTh2djdLX1U3ZDhTTGo0bVZrLUVYSDZqQkdweTFsX1FwaTEtaEpQY1hzTXdJTXV5QjlLOUdQN0loRkNLNnVJaGtmMDVBd1VxT1NWcWpuRVk2ekRCVGlqMXdUOU83WFotamx6WTNZcFFaMjREWDhoZzE2YkVnMVRtd1Rkbw?oc=5,2024
2024-03-13,Times,Four held for grabbing land worth `6.5cr - The Times of India,The Times of India,https://news.google.com/rss/articles/CBMiygFBVV95cUxOSFFhME10QlFfSjdsdEd3a3hmdjEzN2kydzlEeXNKUW4wcEFWbFgyZ3NDcmNkTmZXTVNmSnN0QWJjSUJaMVNmN3o2MWpxVXhTN3FzeFQ0X0V3Yy1ielRhZjBlaWlmczlSY3lLZVdXN04wUkV6WkJIUEdkam9YYTBib1ZpeWxjVTZJeV9xVGUzcWFvWl9jU3dwTzFCMlF5TzFUbmZYam9lNm9kQURxUHlzaGpyM2tSZWc0MWdoWFNWaHp5QXAyWktzaU530gHPAUFVX3lxTE4xbm5DUzBKUXpCblZ6Z2lWQWlYeEprSnZ0RVlNVzhzbFRPUGNvMWYxVk12Rlljelh4V0o4cFcySHhyRFc2a0R2S3JudURfN1pTcEhXWTVyeWhyU20yRDZrZU1hdkpJQWpsdUxtbHJ6QmlHNXVKWUNBNmd4SzRHSWo1cmE5WW1yU0JBOE14eFowMVYxSHFLYmh4OXkyWEwtMVZxMDV6RFpXcE5LN1p6eFNsdzBiaUVQTFR5bzRKYmc1ajF4WkZxYjVDUzZoaEZFaw?oc=5,2024
2024-07-14,Armstrong,TN BSP chief Armstrong murder: Chilling CCTV visuals show brutality of the crime - The Times of India,The Times of India,https://news.google.com/rss/articles/CBMi6gFBVV95cUxNSGFraWRpODNRQXZpOW1FWTM2dUctdkZ6VkVPbkRWRnZ6eFFQVHMtajZhNFdXRU85NzFudm9PbGJ5dDBjZTY1YUxScm1mbnpPMzJoeUtJTk90b2xBOHByNy1TWXdrMDQ5Q1NpV254TDhIdGdsUVZxazFKcWF0WTRBQUNVYVF2djdmcldWeU8xZFQxTE1GMUZjVkFZTmQxd1FUNTN6eDNxUjlYOVZyTEhMYzJLUGZ6YTBVaU85Tk55WXN1eURjU2lyN3A1Nmg3ODNXWmJrSnpSWWl5Vy1wc2wtcGdjSFZocVZvMnfSAe8BQVVfeXFMTmJxcE96MDZXd2lGdEVHY2FlYmZPQm9NMGQ0ZG1kWkNoYU9ObzRaTGowNy1VQ1hpc2pNVHNjNTFRV0plbWgybGRGVFc5Y0k4clBud2dFRnZ5Yk56Q19YNVFQUS1OblJQMmZrbXFobzlETWZEQktFTmh3X2VPaUtPLUVTeUluRzdYTG9WZ1NLZW12eWZQV1FMS2hXVGFsbEJMRl9Vd0V1NVUwellmXzlEaFZ2N2U4WVI3TXdnM3pIMzlNbmViU0t5cWdEZG9rMUhFQzVzMzlmdWtOWnREZW1kWXRXZF9wSVRIajNXSWcxaU0?oc=5,2024
2024-12-26,Chennai,"Student's rape on university campus shocks Chennai, parties bicker - The Times of India",The Times of India,https://news.google.com/rss/articles/CBMizAFBVV95cUxOMV8tYXJVMnNfLWZYbmVCTjlZSmNzOTZfUE1tZEJnc25WbE5yaTBOZ2VYaGRlNjZPb2NsUmtTc0Jvdk1HWlVwV040bDFrOFdQT1g1cm9SUzdYbzZ4ZW9mMmg1ZUQwRkhRSllpZ212TDhCMWR3RjhTVUJ0UllfcHFBV2QyNGpGVmxYekhTRVhDTHN5a2NsdGlOYTdlcTdzOHpMa3BCb3VGWlI5VE40dHI5RDQxUkE0RmY1TjQzVUNfZTlwSFRhNWhWdGtCdFHSAdIBQVVfeXFMUDRUWGpiU0VteVlrdlBfUENDTkhldEZHeHZRaXEyWndFM3VjYXR6Wjh5a2wyYk5XejFIbHdUOXpzRUlJSVFkdk94VHlwZVZWX3dQNGhjaGhZaFExYXo2bnNpOGNmV3NZZDkxNWt5Y1dvWkZiWTlQR1Zmd21QOGJEai16Uk8zSXlwMkN1N3Z2S3NBaFAtdDJnVkR5ajdOeUpJNUpWblRpN05GZmFmRTBxcktKU2duMXNabGUyenp1Y3lFbEJuSDlvRm52R3FqQUJpRW53?oc=5,2024
2024-02-23,Builder,"Builder, aide held for cheating Vijayakant’s sister-in-law of Rs 43 crore - The Times of India",The Times of India,https://news.google.com/rss/articles/CBMi1gFBVV95cUxQS2ZhQ0hoa1R4TFBDUElEdEpwc1dlLUdLTXM1bFVKdW5SUUplRl9JVE5BLUxXUjMyWTYtY2J0WERMNE1vMGNkWGRHNkdTWGR0YWRqc0ZUanBXZ1dPNnBXeVpPa0kwUi1DU0poYXQxeFRkbnQxQWVDcU9XTHZkeW42MlNpSG9oN1VKM1lOQUpMU0lacU1QMUpnVi1tcmxnQjNKLUN6bzNMSTA0WTF4ak13TkdZejJwMl85eHVqTWdWeHNOMGxHV1ZybnJQWl9ramZ1SVVIR3pB0gHbAUFVX3lxTFBhbm8wa1kxUUx1YjVWbUl5emhyTEZhR0dwYkNLNG9jMXV1TFNqWUNXQUJWNDJNWGhhNXR1UXdCVnMzRFJ2YUd4VjhCaE5mb0xqYXZHSDlGNkl6Wm5EUkk0ZVdNb1ZKSUZOSU1tMlB0VE1yemhGdThtZmVnQnpjNWVGNndmb2hobW1BMmN4aUtCQ2xMRXRWMGZYeHZSemMzUkM3NkdZZXhhNUg5aVhqWDd2MG5OZXhRUm5XWE5Ub2JaR0MtVmszN19OZTROaEVhVVp1Sm9nWlNDelRsYw?oc=5,2024
2024-09-18,Wanted,"Wanted in over 40 cases, gangster 'Kakkathope' Balaji gunned down in police encounter in Tamil Nadu - The Times of India",The Times of India,https://news.google.com/rss/articles/CBMihwJBVV95cUxQMEhjdzV4eldGdjdmcmhycGFacFRNNEFHT1B3emNhMVdIcXJPeGZ6Tk9pemRHempER1lxUUtYOFBrUHE5XzkySVNYajhmZmVwMks0SVg5ZmZ0ZUV4V1VwTW1JMUNveEhRSldJcGExLTJKOENQNXJ5c2IyNU1vS0dGRWdQZVpjUTFqUG5ub2N4TWtiTzRkWWNzWFpMZGxuMjRnTjNCTm9NUDlxOTlTVkgwQW5wTTZoYVVPMzFpeVhkVklTekphdlZMS0JGTXI2QkxPeU1rM0VocS1HX2h3bjlzX0tjUE9Id08xR2VkUHg4REUyanJfanNxQ2twRGpZTzlySGVlYzBEQdIBjAJBVV95cUxQNlZBdjNiSWhIUHNZb05feVBzUzI4YjQ5NjMwZURRY0JCUEd1UzlkYzBBb0EwV0pSMXhnTkFIZU1TU3RSMkxEWEctRDFFQmluYWlGbWFYMHNDaEJ4cmlod01zUWhDRVFHRGVlZmpJZUU0aGVhYXNiMGI4M1dwQ2RJVGhmc0ZON1MxTm5JcEY2TFFPenN3QVBoWjFjUmVOVk5SRnQwYUlOUGs5bUlTUlZvcThxeXFNTzBnV05BV05YVV9iZmpMVmlEczlYQV9Xai0zVkROeUIwTWM3M2JDc3ZDTFBvSDRiU1c2aldGUVVwcDNWWlFtS3cyRnRsX0lvaXpXekUxNllCd09DWUh0?oc=5,2024
2024-07-16,Three,"Three members of family murdered in TN, bodies set on fire - The Times of India",The Times of India,https://news.google.com/rss/articles/CBMivwFBVV95cUxPTU9LZlJ0MmtHSUlxOEpqMG1qcHA2MUtVbXkyTi1WY0drcmVqU3ZKV1J5aFAySm1FX19nSHdIc2I1TnFkc29lZ2RabURxZ1Z0SDI1Wl9KY0tYMDQwQ09vNUZ1WHVTQXVZY0ZoMklkQWV3cGgxRll1OEE3aWVhakVQSEdRZDBhcE5pNmxTaTdpNjVXXzdyaDQwTEtCYlpQaVV6cnpGRG9Vb0xfODhZVWduNjJvUkdQZGdpOW1hSEJuZ9IBxAFBVV95cUxNOXN2SFJLSTFBTVR2VWVvQ2VjeF9CV3RzSG4zRHRHMUNUajNkMEtIN1locHplRjZyWlhFWGVhbjNCU1BfdHVzMm9LSlQ4enNra0EwYkRDV05PYjg1REprck5LOG80N3dDbkpuaGlTLVA4ejF1WXU3dDR1WXlSVHFSUFhlQTZVUmhPVDZXZ1hVR0RRb3pPT1llQlFHMU9hUTBzdzA4ak9sXzIxM3J0eW9Pd3g5WHZCbXl3dUlsTkVtNjdFTm9J?oc=5,2024
2024-09-19,Chennai,Chennai encounter: How ‘Kakkathope’ Balaji used murders to earn loyalty and climb gangster ranks - The Times of India,The Times of India,https://news.google.com/rss/articles/CBMi2wFBVV95cUxNZ2xqVm1JTzc0N1FERGhJdlluTWI5Z0VHYnhkcE1YcVUtWk1hempYdnNoU1kxVE1lUGFMWmNSc0tCbXA4NWJPUUFZSGJka0x3Rm56aEV2MHFwRk90YkxCejN1SU1fRkVraVMxY3loWkFFcjIzVHFUc1lzeElGQWhVeElCemFBNk1QTW9yaDdPZXRGTGMzLUxvZFNXcTZQazJSN0o1UFlKYkFYeFc4cVVqRExUM1NnalU0NS1jdi1MenpEX3FxanhzZmRvellqU282Y05JMUE0ck5uajjSAeABQVVfeXFMUFBHX2d3ZktkcDlqYmtacFh4VTJHcFFfSUtFQzA3aW9BcVZWZ3ViVnVCcFNEbkJfcUZiWXNrVUNuVlZRSDJzN0QyWmdMMWt6ZDRIeC1TYVVmNXkyUF9yYlRjVTJwSHI3TVdJcTVOYzZfWkRmSU03ZkZEUlpiQjg0TFJXMHFGMVJySkppWS10dzhFVGhNQ1hQUFg5SDNFUHRmNV9uRU1fUHpTbUdNOVBSenJqY3d5Z3RoMEVKTE9LMFZDUWQzaTF2c2d5YzQ4OHFrNDNHU2NsT0NrdXItZnRIV00?oc=5,2024
2024-07-05,AIADMK,AIADMK advocates wing holds protest against new criminal laws - The Times of India,The Times of India,https://news.google.com/rss/articles/CBMi0gFBVV95cUxQUVB3YUFSM3BKT3A5M0lmMXN0VUVESUU1MkwyMUNfWmhVZ2ZFZ3dOLVdNQVJCenJMMzZYazcyUzdEMGpEMGl4UmgwV0hSTlI1MnVuMS1HdXRUaHpWb1FkU011engzMzE3VWs0TnJIZmRNLXVpb0lheUQ4VmJmWTBTb0RjemstVVVvdDRPYVdVSWJYcGNaWVBXWEUwTXp1eml0WnR5UjlBbnhIYjMwcDczdFFrQ1plVnpkUllBc3RxLWN4X0Foc1h1N3R5MEpyVmpzUFHSAdcBQVVfeXFMUHlENlhOa3lMY2w1am8yTVhBdnVtOVBjNEVaeGxuZjl2S1E3WkJOT1dzV2F2NC1MdEpqTV9xVHNFX1VOZF8xdXctTnBDS1ZrbllOaE1jZ2hKb003eFFrODFvbFl0RkRaQlZfRXJGRVZZdFVyVGowWWEtYlpQWXJvNl9NbHZpank3QzRPdXdvVjhmUFNqb0VqS2JnTTlkc2NFbE1TM1pxMXc2bzFCQTl0aGlucVhldmJUYmNXa093ZWh2TTAwU1l3bnNNdlN5d3dqR2lhcjd1MGc?oc=5,2024
2024-08-21,Hyderabad,How this Hyderabad man escaped Cambodia cyber crime den - The Times of India,The Times of India,https://news.google.com/rss/articles/CBMivAFBVV95cUxQbEVsYzZuMmVZRkt0T2E1eUZ3M05mRUw4dUNyVmY3dE8yX3BZVmI1M0RlTWZzanA4N1M2YUZkSDljdTk4dWVtWGpuTFd3UG13d1NtU2ZsclFvcEdKaTBjZXUydHY1ZUhjeXRiUEljeDlHSUJ4S3pBZmtqMnlHMlNVMW1MaXVJM1B1ZHBfZjVYUUhkU0NmLTVia2oyZDdPS0N0RkZJX2JGNDkxam9NZFNwdmlXUGlsTXpSVlpxZtIBwgFBVV95cUxOTHlNdTdKY3ItV3V3cldWMkZLYUNrTUhTSHV2Q3QzMGdkSGM5ZkFKdldWOXZ2bkdsQUNZV1h5YkR1elBTTl9jbVJKVVBJM3BnNDlsWHQtOXVXX1A4S1JtdjFDbWZjUVA4OGxfRXZTM29lclNQamtyTWRhRXNUTHJCcHd0VzVBeXREOTYtVHdOTF85U0xaNDZTZG5uTnpqazBoOUJ5TnFjTmp0SE9mUmFPZ0VGWVBlbDRtSllWMzZubFZnQQ?oc=5,2024
2024-08-13,Chennai,Chennai: Criminal injures cop while trying to flee - The Times of India,The Times of India,https://news.google.com/rss/articles/CBMiwgFBVV95cUxOLVdXcUNVSTBVUjljdk1mbXlsZVM4cWdITlVzaFVVVUpVRXdkQ3lMeWpMNHRBWlZzcGEyZXItdld0Sm5HX2taRE1mOVQ5c0dEc0R4bWRUeVltTTM0Q0RLanhEcXJSOUtFN1ZfT2pwU05aakdwNlF3TmJ2ZlZRUS0yUjYtSVZjdU9WaC1xd05yNHoxQzFFVjliVEhKd1Rab1NHVzYxb1pKQzZURmVHbGItNWRJdHVqcUVUR0JrMkpzaVhDQdIBxwFBVV95cUxQQUluX1AyMHdfMzVnekplVjUtSUFOV0JHNkJ2REhvTjZTeG9GcGZsQXU3aGl2VDMwbHMxZWZfSVZnVWxsMlk2VmphUGVjQjVpeVNJMDd6VEY1SDdnazhIbXNibzZsLWg4a29nbWY3TmI5bWphMFR3R2JFU2p5TUVXb1JjcXVfcEc3Sjl0ZjJRTnFSQmxJX1UtNk5jSlU4ZEdlOWpqSmVDZUh1UzdXZlgxWG5ScG9EdHV5RHBXVEN5TnNrS0NsaTB3?oc=5,2024
2025-06-06,Tamil,136 cyber criminals nabbed across Tamil Nadu in operation ‘Thiraineekku-II’ - The Hindu,The Hindu,https://news.google.com/rss/articles/CBMi1AFBVV95cUxPR2tGOVhET2ZFSklSMjdOVkFCaHdWaldhN2twUVFtX0pDUFZqdFZ6dTVJbGQtbXRxSnVQQlp2aEVNRjNIazhXNnZiMlhYRE14Nk5sZHMyLUl4a3F6aHFPa19RR2JTc0taMjFPcms5MS0xRjFCeUxpNER4U3ZURHktSUFDZFBCc3NtY3FsakZYQUV0WUxKWDF2ZzE4WksteDBWeXdiNkphaUdUQnJVS0N0djNNZnpCeGFjdGd0Zkp4SnlfUlJSaF9mSEJIbnBxUmhuUnQ5edIB2wFBVV95cUxPR3JmYU1zZ2tfODBnd0VLMDJHQTJPLWM5M1ZCVzZzVV9UR1JfeDI0eVEtRFZVdGhiXzlINHdPRzJWQlc3OXhIeXo0ak5YR1NRRGkxQ2dSVVdrUG9xeC0zdzZUUjF5d2J2NlVVNC1rWVI0d3c2YWlFZERsNFBMZmxXX3pIZFFIeWd5WjBsMGMyUkMyM2FINk9YM19yd3kyTHpUV1loaHhVamtoSFhfV0EwZUJ5QV9INXduVUNaNjRpVmk1V1A1dFJWQXI0SElwdFlxQ0U3UDZiWjlBNHc?oc=5,2025
2025-10-01,Crime,"Crime cases against kids, Dalits on rise in Tamil Nadu, show NCRB data - The New Indian Express",The New Indian Express,https://news.google.com/rss/articles/CBMiywFBVV95cUxOT3NsTGlGZDhkVFBaM3dURVBtX0lRYUI2Z0IxeHlJWWgyNzRVQ1F3SWUxWlN5S0gxRnYxVGJ4Rjg1YjEzV0pHMFdmLW5reE9raXcwZVhWY202cmxxelVNanBpRGpUemh0ZlphczVZeExOS1pXV3puWHppeVFvZDBRckRwRGlRcERta2dfcVVueWtGZVlieGdBMmtEenUyaFk2WE4zMDhQZUVpbW9SRV9qTXFjMVpqNmR4anpCS21PRWtGZlhiN2s2YWczUdIB2AFBVV95cUxOdU9xdUVJNmlmd05rSllyaWlkbmdMcVRENFh0dUxPbE9BOFBUU2wxN0lpdEpwbHdjazR1cm91WGJCVnNaTTY4dktiT05HdzhHYjZnQ01JcGt5Qlk5MmhRTmdjcHE1UVlqY3U5VWxGT2twOUVvNFJmd09MOFlCOTd6bmhWZWJnODdiYURLX3h1enpuTVFHQmJfYlgwc3NsbzFzVVJnbWI5WEpVb2ZVVDU3R0dDRkVBNDhUTk9STmNQSUdIMlNWVFJNa2VKaHZWWm5BczFmRnk2YTU?oc=5,2025
2025-07-30,Tamil,Tamil Nadu Dalit Techie Murder: Case Transferred To Crime Branch Amid Outrage - NDTV,NDTV,https://news.google.com/rss/articles/CBMiugFBVV95cUxOeVNOTzJoZGQwNFE5d2tlYjU0WXFwRTlQQWpOdFBCd0hpRUNSM2xyZDVRcDVadm5ZSkhHdkVMLTdSQ0NEdE9xSmx5SVU5NFBndmV2R0kyRzhfQUEwOHFMY2dhNzRuQjYwTlltU0ZPbG9KRVBYUGs4QmpHWFQ4VUdxbFN2ZVhzbXN6VkZyX1Y5U2lBT3lNY1hLNnVYSmc3QVA0SUg1RHNyVjBlRmJlVjctNU8wOGVOSUVUeEHSAcIBQVVfeXFMT3laTkcyWVdUXzd6R2JYUlNGTFFsUFQ4RXBENDMtbFI4ckpDLUdCb01CWDBsSUpLY3hPblFyMm83VjNaUVpiVlNPcGEwbWRDSk1wME1BcEt1WFFDSjlZRWd1UWZ1aEtHTkJpSERGVFRBUmdpSGREaDNEcVAyM3FWcU9zZkQxZDN0YjFBNzd0WDZuSlJvUUkxQmpPeTN0bGlqSnAyU3p3d2gwT2pSaXI2RHdlREpQSTBSaUk2TmlIRGNPRlE?oc=5,2025
2025-08-15,Tamil,"Is Tamil Nadu really unsafe for women, or is it just political misinformation? - The Times of India",The Times of India,https://news.google.com/rss/articles/CBMi5gFBVV95cUxOS29ISmZOYkRuRjVRc1JaNXA4QjJoR1lGU1BkWTU4d0lrN0pBWW5CWElEaGhiYXN4dnkwMDduYkJybGgwOWVoWWxZNTU1dDJBZC10UWlkcFFGOWZZTlpMcUFxV2YwTzdDeTZwNFYxQUJZMGZPalNQSUViUnoxMzRwaVd6Y1E1cmEwN2oyV0kwWHFURGZRZFVDVzRSOHFlM3czdzdZV0hEUEV4eHlQT004ZVktaFNCMUo3bnVTWkV0V19fb0xpcmxJYlNMdk41aXBNS3JoZkxXNGpuX2lTM3VxVC10dGV5QdIB6wFBVV95cUxOYUlLZ3kzQU04Q3VJRHl4UngwQ2FHbUMyc3E5aDdlaE1iZGJCMUlEb3dCX2h0UVVoUVM2cHNibVB2ZUNoeF9GVlY5aUxVMDB2Y1lXbEsycUdES3l4WFlJNmNWSi1ETmt0NmlGYXFsdUtBamlGOVdtZ1N4SmdTZ0UtYVFvNjBZcnk3MktGMXBNM3dLRlNVUVhpTlBTWDZJM014aVNxTEJrVGotaHZJWmFGSVYtbm9FQzdoMUlBOTNib2hLcmVSWVRsTHJnMmMtSmZLc1pXM0trV0h6LXdFY0VDaVFOUWtudUdMZXl3?oc=5,2025
2025-12-20,Tamil,"A cobra, and a krait: Two brothers use snakes to kill father in Tamil Nadu - Deccan Herald",Deccan Herald,https://news.google.com/rss/articles/CBMixAFBVV95cUxOWHNBU3kzM3Z1WVE3UUtlZmJVSklkekN5VnFQMnd6ell1MHozS1lUVUJfTnc3cnN3VTMyTVRLM3dvY1FxZFBQXzZ5dU5nVW9RV25OVi1RdFNwbWQ0ZGVqMlpkSGdkUGlRWnk3eG5kbGt0UzQ5cHBGd1hJZ1FmNHd0RnlTb0JwU2pMaEEzcXBabldISU5DaVp1blpjdjBMZldobzZRVTZHZXVGODdzVXRlcmhvMUFKWXNXWDBfSmE0cndndU52?oc=5,2025
2025-05-15,Crime,Crime rate in Tamil Nadu has risen by over 50% this year: Nainar Nagenthran - The Hindu,The Hindu,https://news.google.com/rss/articles/CBMi5gFBVV95cUxQY3BLMmhPTkoyQTlWbE52QmVnd19KMGhPS2ZIaG5HaVhSOXpNdW1TSnM5b0gzclpCSVR6RlVwN3ZTWDB5ZUpfVnYwdzUyaTh4YzM3Ukthd1pvenRiR2dGbHVzbENrbHl2T3YtM1NScWVCUFhNSmhkcVlBWl9UQWxJSlRYRXBjaFptSmhSUjEwdFlNdm4wVXhoWkpXQTBvMmQ1NmxqZlNnZ1NvZlk1VXpwSDJmd3ZpNkc5ODhpa2RWeG9BRVFybW1KeTgzenhReVVpazVfeGhWOFFDcmw2MGxpNXhFZmwyUdIB7AFBVV95cUxOQ0F5VVJJd1BUZHVCYVdmT3RCOVVEWkRSTkJBeHdKbTh1WHFNa0xia1hqcEJZWkpTdXFVd0stbTRqUldKWnV5NU9SRDBWc0ZSTEVQVlBuNUduUzhkak5YMEpmWUtZN2hycF8ydEQ2alRUUEpablg2VlE4bDFYZjlXV2FBbTI4V0MtTENQNGFiY2ljLXNzcXA1MldwOEY2SWltT2NDNVJQV29CeHkyYkRDeURJRDFZSTJ4OGl1VWpxTkdKMmRFaU5CUmNjMkNUb1JPRllZTV83OVVJYlVQU0N4NUVnajN0aWVVS0oyTQ?oc=5,2025
2025-10-01,Times,TN reports 4th highest no. of crimes against senior citizens - The Times of India,The Times of India,https://news.google.com/rss/articles/CBMizwFBVV95cUxOeXA3UExneHl4c0NkNDRzYmx1SjZHWHdNTzFLX2w4UTd1VENFbFdhT1ZQdWptaWhXRlBhbnRQTmVPUGVTWTdvYWhxWVRTUVFOTlVBeS1VVVdSR2VlbVVhcWxkajJuQ0lTbXViS05GeEVmSThUUmNVMVZSNWs1UTRrX2dqSFJOTUN4bjYwRDlaS3Nob0Mwc2hXcFRpa3FMZTZHN1JvcEJRd0hOZlIwNEJUNEhxSmYtYVVETEx3bzRMN3BtdENaYU1mYXkwaVFwczjSAdQBQVVfeXFMTXdNMnZSU1Z0cjZFSXR3TktQd3FPclo0MnE1SG1VS0J4ZEdSZ3V5ZDFocGlQOGFyRkUzM1VEa2l6bmlRTEM5cWtRd1p4VG00NjQ5QmdIYzh3NmUzeTlfeTZQNUZma1JrcnNOZ0o2TXl1SmRtci1xYmdsM0Foc3pFQkdlcFQtZUFON3dCaXJON0VTdXBjLUFnT3RoUlRPR0RER211SDNYSE9YWVViak5rdkxWRlNVa3ZSTHZBbko1SlR2cm1XbWJIeVBuTklzdWc5VXBiUjc?oc=5,2025
2025-05-10,Cyber,Cyber Crime Wing of T.N. police issues alert against phishing links disguised as news on Operation Sindoor - The Hindu,The Hindu,https://news.google.com/rss/articles/CBMihAJBVV95cUxQZWI3UVVQUFVWT0FXODFKYTRLdU9vd0k3emgxTGw3UVpVX0gwSkRhY3V2SHNaWkFQdFRDYnkzOFNZM2tZUjNTUzAtekhOTkVjUE9Bd21namhlem9BRFFhR3NXV0UwREptOXFYcW1ueHNnWEJRdF9IcmNuek44LWozZkk0MlJkdXZETm1oNE9NU3d4TjAyOVAyd242QkZoZGlhS1BZRlRXb0ZXRmJUR05vQXZSOEkyRTZ3cmRPVkZOYW5DUjhzbk5vQmtVNzl6ZldwdFJEbFcyNGVCbzBFcVJsX0RVRndTUV9DQzlHc1JlcWtRNm1Rb0U1T05NR0xvck1YTkVkbdIBiwJBVV95cUxNaFVXdEJ6UVVoaWFOdUx6UjFFNXc0Nkl1U05xWlBNMmg5YkJtV1VHd0dHYTFLdllnZFByVmNVQUhVV2pZYVNha1FJaHRmLVVTdTJvbndjNFNvZ3J2YmFXRWlxNWNWZUViUURqd3EyVHpHc2tWUXRSUTZ6MW1DRWFVcEUxdnNJMW5qRnY4M3A0SHAyd0hqRVQtbm9nSXNFdnl1QmxHUmV5R1NHRFNwcE9lQmlFdXpEWWhjNjM2bk0yVGt0SU56Qzhhbi12NWRDZ0tyV1Q2TllEYnVJWWZ5VS1BR2liV0E4dmNUaWxvcEEtdFlad0FUWF9icDRaQmp3U1MwRHdYMVdDNUlwQmM?oc=5,2025
2025-10-13,Data:,2023 NCRB Data: Tamil Nadu Sees Decline in Violent Crimes and Increased Public Trust in Policing - The Times of India,The Times of India,https://news.google.com/rss/articles/CBMi-AFBVV95cUxPSnVIUk5rUTRwUTU4NG9BN0h3S0ZSLWl5cmdYQ0QyZjVFRktNZEZwQUZCVFRNVnBCY0xmRGZzNmt6THJwZXdCWG8zdXhybmJqODUzUTZxcl9Xb0tCRFFiMnlTb2doTUEyRlgzcElJRFExSHV4U29mTVlKTWpEdV9Fc3Z2bUZDb01LQ1lQcUVWLUlrVFlZejZRY19BTUY2MXBHdU42QzljZnF4NmlJNkJ1LVN1TENBNHdkcTdiQWhPblNfbGlfZ2RjbTNuVnZRalpSZkpNYWZrRWRoN3pSMVRheGJvYU9KejZBZFY1b2xqV2wtaE5CeUV4QdIB_gFBVV95cUxOSEEyc2hHSjl3akFUcnRTV0QzS05sbC1GaEREdG40QmF6UFozQU4wVG9tV1ZNWG9mN3RTQnNRLU5PdktLeUZLRjRYQlQtY08tR05QSzRfXzlrWEVweE80QnN6cHN1eXk2MlNLM2dFNjhNZ1FHcDREd0pyM3NWNXhjaGliODgwMjZ4MTRNa2tsR3dIOUpqbVRCRDF3eEZ0dHR3NmFMenkzdm13VlBGRUdYcnJMNkg3UzQ1ZjdhZ0NXWW14cTY4amdUVl92QWpCQkFZSjRid0dBeGotcTNqR1JtYVN2cUUxRjZLWWE4eFdqX1ZDZVBIT1RoeUtGY2tsQQ?oc=5,2025
2025-08-13,Tamil,"Tamil Nadu launches forests, wildlife crime management system ‘HAWK’ - The Hindu",The Hindu,https://news.google.com/rss/articles/CBMizgFBVV95cUxNZi1wR2h1cVhjVlhjN18wN0s5dzFqbXpjYjJpTXZJVnktRWdOT3R6NGFGV1pzSWZzM3FyaDN4dGRRM1dxTmJibFdSWVc5Z2pBOGFqSlRfYjFfbkE4dGFMdTN4dGVVdGpzZGhMOFR5Mjc3OWhTZk9XT1h3c1RfWkhMOHNzVWNSdFpUOThaZ3BRTlNqWk1DcjZwSFV3bERoVEhmQUhMMUNhb281cWZUNTdpZFpxa2NQaXU4QjB2MWFDbmpnY3hzTndJUmVfTF9fQdIB1AFBVV95cUxOd1ZHN19GUi03QWlVY0ZYeVk2TkItcTRlSTR2cHU4eG83bFlTRWs0MTZIMHY5YVJhYXJGMW1pT0ZabldsOWdoTUxURmVpUnJSd19HVnlUeWRTZzh4RkU5R1VTcGJSZHRmMmU0T2M2cVNkWUtPYzM4TnJWRlJYdDlxWXVCd3JueVpPdUxJblR1REwwVVFacGo3Tm8zNDQxN1J4V2RScXJtaDl5Nng4dDRxc2lRZEhLYzlRZFhuNzRfWmlxMkdWQTRZV1JhaUtyU3plN0J2Ug?oc=5,2025
2025-11-07,Tamil,NGO study reveals 40 % rise in crimes against women in Tamil Nadu; SC/ST are worst sufferers - The Hindu,The Hindu,https://news.google.com/rss/articles/CBMi6AFBVV95cUxNZVVGWldvbU9XWVB4dkpTV1hQTGJCNmktZ1RMRXpULVcwNnZDQ3pZSW80TDdjUG5yYmt0SGpmVXJjMHBMa21yNTk2NE9QdW5HSlR5eVRKUEJTWDIzS3d0NTVOSzNVc2FZWjdXbXlJSk1DRXRMcHBzUGxVeHlzWU5yVlNoVzJnQVI4TDlwbFN5QkxpVVR0TFdaVFJPMk83ZlBQaGIxaDF5bHBCQW5vWVVVam41ZmpFeXpjLWU1X3VIY0Jlb1RVRDVPMlE5R3FQT3ZRblhseEtIVERGVXFRWklnWmZRa29KRDcy0gHvAUFVX3lxTE82RnJjcUJGLWNQQkZ2RHUyMVZvSmxyeGZXc2ZtTkFMZVhvbWYtY01ZMzN2REFtOURFaUpxaXM1MXNFdXdpTkNlNjhlSnlWTnk0ckg2MFZWYkhyVXVLUGxwdHdaTmJUOFpueFRRTGhZNjY3WGt2MDB4eUZ5b08tck9pWVZKdzR2WFYtZ2FqbXVSbHNzMmswMU1UN0hFUDBNMnM2a2puYVVINnJRQ1gxUTBMMDBELXpHRXcwVEFGVTZvblUyQl92LVg1b3pibThwVkp0TTlHNzJybGI5S0tMVUpPMEZranViU1BaWUtVaXk0?oc=5,2025
2025-06-30,Those,"Those committing crimes in Tamil Nadu will be punished regardless of status, says Chief Minister M.K. Stalin - The Hindu",The Hindu,https://news.google.com/rss/articles/CBMi6gFBVV95cUxOaHN4NUVNWE00N0pyVE9ubjJabEp1UXF5elVjTTFHb1lNNllkV2wteVJ3QV9nTDBZVDV3MXdaNDg0MUJmazhvYmwtMHAwcVNpaTBfMTJBWFphM3RlY2tETTRoMUk4UFZwaEtFM3lpRHBzNUFtU3BJMjMwQ0xTcnI2a2ZaUk95eGFROTY5cXFobkFHeVh1b0hacGxnX1dtemxUalZxdXRmdFlfTGJ3LTlBLTRpdXNjd0owVV92WmtkSU0yZUJ3d1VUT1daMkhEQlZTM2tldUlKS0V1SWtBVlM4VnRrU1o3UlpRcEHSAfABQVVfeXFMTzdlN2l2Z2VVWWNJMnIwUHRuWHVfX3J5NjIxUE8yLUZ2S0dKME5WSHJZWGFPRFpPVEpLNlYyU1pGZ2VzTnVsRmFOOGNlY2gwQXBsYkVnZXUzT29lempVU0U1QlAwV2J6bjg5YllCcUYtTzZ2MFF5N3Y5S1FkcnZpekw1LWY1NnhXSXdiSjlGOUpRNld2LWRyLWRwVXFBdnRIOG4wR1BIa3IzV0wwTGpxblVTVkU0S3ptcUtLaXg2eWhFRGpoWTdqTktqdWl1bDMwZW9BeGVleHBwRVlzQmdfdnpWRWxzTW8telZ0cGZWU19D?oc=5,2025
2025-12-31,Cyber,"T.N. Cyber Crime Wing rescues 1,212 potential victims of cyber crime - The Hindu",The Hindu,https://news.google.com/rss/articles/CBMiygFBVV95cUxQVW52WGFsTlJhRHFOSWtJbWpVb05WYVdNbmgxaDBCcUg4UVJjckt2Q1VJNG5yZXNadUY4a3lsTGtzWEN2YjhBMWxiWlQ1Ny1qWThjWWJBZ2pCcmhWczlBU3RGT2lFVWFZRm1ZejI4RUJVMVk0RGFyNG1EWWpCQXRPclRicWF5UnRkWWlNZEpGZUw4UFM1VWpUVl9paEU5Mm9tdmZ5WmpZdXdIOVczRDZBVW1Ca3J3UWR2QU44ZWNZM21QUDN2QWU1cWlB0gHQAUFVX3lxTE9meFZMemFkZjVlYWNmdDFjRjBXcTlTaFNuREpLdXhOVVRJek5WUjItdmpFR2xVbVdNUWJ4WFVPUHRCeFduVEFPLUVlaWl3dXdRLVU2QXVkaHVLazFQNUJXR3lmaVhZVUhwNWdTbThvWUdzdlBVNjM3X1dld0h1NGQ4cTlsOXBMdVJIU0FZOWEzV08xX2ZuQlBETlBPTmpweU9vcU1tMGhDRXhJQlNLMDFhS3N0R2lHLWR6ZUVWZEZvTFdMYkQyZlgzV0dwMU4wT1U?oc=5,2025
2025-07-18,Tamil,"Now, FIR can be registered in any police station in Tamil Nadu even for crimes outside jurisdiction - The Hindu",The Hindu,https://news.google.com/rss/articles/CBMi8gFBVV95cUxPLUJMR3drVDIzbGZTMHRwR0NSNmVCVVZOWUs4aWZITGdQT19XOUtqT0RRWkI4YTZPZVFGZi0ycDRSeVdWVHBmcU4yV0xEOHUwN0NiME12dnFNWE5SZ05yeWpLWEplYzVSMVliRG1vc3VuZmJOUlBpNFUyUWNJendXeGpCeEJPTmFsUGF1ZEZJR281M1pJVEN6VVZoaFNhaEt1ZFhlU1hBMzktR25hWDNYZldXSVJ5OHByUm9YZjZFVlY1NjluTlRqcVJ1eXJCZXFPVWhyYjV1Q2h2b3FzUFVjQ0ZhWlFvdmpNRktlZWJQZ2dsQdIB-AFBVV95cUxPbnhQVWdabTNiM3pLS19GQkVZUVhsTTA5ZGsyTjkzVnhLOFp0LWxHRjA3X3dzeXNOcjBOZ09kWWZWZTdEbER0VWpvX0VUOTFnUEg4VWhkT1BkY1FBaFFaMlZSUTdycXBaWEVwRDhJbkdZbGU0dkdoR1A1dUtiT2pHYXd4NWtWaXNWbS1faUY2WFRWLXFvbW1PVlVna3FtX2NyRlBRa2wyMmhYZ2JlaWVnbnl0eEdJdlRZYzB5NW93SHpIdlBUUkZEd1UzTXZPaWZGSDVNRkJSS3ZZWDRIRExnZ2RtdFhBSjZVbHoydnE1RWNhaXpKSG9obg?oc=5,2025
2025-10-06,Tamil,Tamil Nadu cybercrime police bust SIM box network - The Hindu,The Hindu,https://news.google.com/rss/articles/CBMiuwFBVV95cUxQYS15RkszazQ3WldzSGF5bUxGeTRNY1pxMzFwQjJlU0ExQWpiVG5fN2xYZzJKS09jRmFaUFBrTVdwRmc0dHA1Umw4NVR4eDFzanB6SGp3ZVJtWkhnb3Q3aUVOS09zd2o5akZYNkhlN3pZVG1JWWxycU1JY29qa1lrdXNOeU1RMWpId1hRMkw4R3BBT2dkTUtZY1FOUmJhT2xURHZuVk5iZG5yMV9qcVhVS2JJSDNOSlJrNkJJ0gHCAUFVX3lxTFBIaUh3MzhfQVBNemRFX0luNzlqSHlTMnE1Mzl6MUo1WXdkYVdyc3dhemQ2Uk9RQ3NlRmNtQ3NOQ211WTRlNUxsQWRXQkNhQ2I0RTZBNzY3c0p3LUpvb1dtZlJsTWotSUVKWExpQUZlczNjLU5qa0pveGRZTmVxQThFSFZMNk1HM0VMcm1UNHFPT2tyUDczTy1XbC16YnZ5OE9UVlJCY1hUVUExdS1EeHFwN3RVUVcwTENDUW90cGRfS3h3?oc=5,2025
2025-10-14,Crimes,"Crimes against women, children, and the elderly on the rise in the State: Nainar Nagenthran - The Hindu",The Hindu,https://news.google.com/rss/articles/CBMi7wFBVV95cUxQRmV2Z2VranZhUTFNSmlPYlc1VklnZzVxbUxvOGlTandPY3Y1WlFLYXhJMUU1Z0NXam41UkhvcXdPblRKbk9NZDVFTjNRUFBha3J0Rm9CWjkzY21sdnphalpDMlRHamVlQnFULWlJV0I3YW0xU3MzMlFQR25LNUtoNHVSb0VLU2ZEV21iZktlbE1wNkZva0Mxc1dyQ2lveEY0LU9PUkhmZV9CbGVmenRqNS1MV3dWQ2pRcmtRWXpfWlFSZ244VlJwTVFnMGVveW95OERILUhPRWVYc1ZhaU13NUV6cFluaGNNX0xBcGdyWdIB9gFBVV95cUxPNnBBRjZ5cjdvUF9kNWI5SHF5SjllY2ZjZHNpQ285WFFHakZ1dDBkWFdQdmw0amRYaVdPeHNhaUd1cGllQ24xUkJLVzVQRXczMHBobnM1VDA2UVZnc01WR3BQUVc3SUcxaUl2SlZCU29NNmFhb2cwaExlaU5YckR2aldWbXF0ckk4elBxdzRJZkQ4N0RMREtFSzJ1b0ZsdHFjdmlrSzhFWVpFNjducm1HYXJDSkhxRmMxMnVBMFVOWHpJTlNqS1Q3NmtDXzNEWEc2LUJyd3BFTUpfdThBRlk2TmNPaWtkZlVtSjMyRWtBV1RlTEU3OXc?oc=5,2025
2025-10-02,Crimes,"Crimes against children increased by 61% under DMK rule, alleges Anbumani - The Hindu",The Hindu,https://news.google.com/rss/articles/CBMi2AFBVV95cUxQVFBCd2ZCaUZmTkE5V3o5a2lPbnlIMXptNU9NalZFdDlYRDhETmRXSVBiU2pIMzdYZGc5a2hvVGR6TzhwTWN6RXhXdGNaZktacTFmaTU2MVV4VmhGb3RlQjdEazZpejVpRklVZUtrUUtTMzZXd1czVGJWeXhPZC1BNVdKM1hHdUxQYjVfNUNfRmVjeGt0TGk5V2ZPaXhSNl85STdNRU9KemwyVS1QUVZuaEhwT2tlNmNnUmd1ekVXei1rd08zVUlGcGRvR28wemZJUmFWZHhaYjHSAd8BQVVfeXFMUDdHY3B4UUItb1VmakVWU3BNVk1HNzB5LTJLTUtsUUhlb3RBTWlxbGhOV0lIY296Vk84RkJlSC1TM1NIcmNKUFhKa1FQVUtrYldyR19RNUE3bG03YnpxcEtUWHVEcGxiTjNfX2t6RXNUemJOcy1XakxUcjdJR2gyUjFsNGQwYlNFRzl6Sy1MZTFqZW10V0Rzb0drMk9IbkVqd0dSUTZ6ZGxpNjFhbW1ROWhmSzlfb0E1OVZNNGFuSEFkMEJLVW1XN0dFcjhudVdMOFlPVktxalJpVXlVR3JHdw?oc=5,2025
2025-08-22,Tamil,Tamil Nadu among States tough on drug trade: DGP Shankar Jiwal - The Hindu,The Hindu,https://news.google.com/rss/articles/CBMixgFBVV95cUxOOFJxMDExNVl4N1A4MlFnQk41azhMdkdMdEs3U2RXLWl3MUlTUXZRTFpSVnJrSjEtQkNnOGFpOHZ5dnBlQlY3SDNDWHpwUGFrOXRSaUdENVA3THVDRGhTV2dBVkRjcXlYS1BCcGR4YU04UlhMVVNMRXhZdFpzSU15Z3QyeXlIbG9DSUo3Q2Etc1RxRzRUaXR5Mzh0cnQ2T1lsUTFuWnU5aXdzUldsZFpINXVwVUJhXzZNY05aOVRwa0ZrbHRMdGfSAcwBQVVfeXFMT0RuRi1PeU5XZDZqdWdad3NvZV9lVUhrb09RMGV3b0phOXVhaEgtS0g1OG56dUdsMVdSbkdFejk1THh3SnpZYW1PSXRnWURZWmpTTjQ2UF9aU0R0aFVjVDdXbEZxTDRiU3dBdWxQcktUcW0tZDdVUWhoWU5MWDdpNkxVSGxyZHN6SWZPWWRtZENIZ1VzRzZITzRTZE9Sd0pMdmpERkR5bzI1NFE4ZlI5QkdJUUF0UXJ4Uml2X1piSDJxcERWM0M4MDdJeVJ3?oc=5,2025
2025-10-30,Cyber,Cyber thieves outpace banks’ response time in cybercrime cases in Tamil Nadu - The Hindu,The Hindu,https://news.google.com/rss/articles/CBMixAFBVV95cUxONzd6eHdQX09KMlphcnV6OFAwdFJ6YnN6S3lnUW9ZZ0VjSmMyMU5kanQyRWZKblJfTlBnTk9xVWNPVTF5T0pweFM0dkFGblhsWjRZZjdrR0V1aEhmSURYWExNdmRZaGtiX19Ldjh6X1cyN1o0TTZEUUl1b3FrVjVTSEF2ODdLUXJBZ1JaenA0R1VnOEpDRXh1SG1sVGFfNWNtQU1UUE83YXFjY3g4QllPbEsyZEFWQkx0azNEdnFnU0dHbEph0gHLAUFVX3lxTFBXWVZhbWp1QWs2X09JN29hN3UzYXFycHlkam1kQVVQS09XLW9UVlZWa3dWVnc2dXRtUkcyMkRhSjhhZmc1dGprV3QxbnIwN0JpTjlHTkNITC1Zekx5amwtNEs1aVJZMWVZZktiLTlIZFdOQUxkZ2hQbXVIRmd4UEU5T1FGQTNVNG5pclB6anE3SWVVaUZtTlZxR25oRjdwYzZ3eEUtU0QxQ2IzOWtadjBIdmdGZm5IaWlKWHpsVlNzZWhacDBHUHcyZzI4?oc=5,2025
2025-11-19,Political,Political disempowerment of Dalits in T.N. is cause of rise in atrocities: VCK leader - The Hindu,The Hindu,https://news.google.com/rss/articles/CBMihgJBVV95cUxNRGZIc0VyTHd0cFdSSHItbWZ6ckd4M3RQZmZBMEk5ZVl0bWRVclVjNjJTenNqMWNqUGY2blRtckVvT0FNWkVCZ2c3LWxSU0FVUUxEODVxLVAyNzBTRUMzRXV6czFYZFZ2VXlXYTZXY1RDQUQ3R0xmZ3JuUUtmeTZzYVc4YzdENXJjUDFTVVdFWlhTcFlZekFHR2tWeVh5SFpLZng5QVRzUk4zZzhxRWZFWUVhNDJCel9MTVROSFoySHRWMXJJeDJBOGVTX3loZ0ZCeHZvVkVpMVZXODlmaWsxcUZBaUFoWUxIbXBwZkpXSmM2Ujc3My1SczFkQzJvZXo2UG43d2l30gGMAkFVX3lxTFBEZEMzRmZ4NmE5bU1CSDJVSW9XaXp3QU8zcU56aDdwN3piRHByZkRkSHpVbm5sWHhCRXp0XzM3VEpyTGFNNHNoRUlTSWkxeHZZUld1X0FtM3R1MjAtR1pNVkY0VW40S3RqNVNocGpkMElHY0pPSkZUaExLWGZOWkFaV2lrQ3lsSFR1RmtzTzc1WDlvV05IUzVEWFRCOGFseDE5MTZDeWVNTzFvSkZCYWl3VGZ0Ym1qN2J5cXI5Z1hsTHphWFozbXNTWm5DYmZfOWNpSFF3Wk5weTY0b0N1ZmNmbk1UNHJHN0Nhck9qNVdTeGE5b2FLV0JxOXhEZlZicG11bTJPLU56QlJ0am4?oc=5,2025
2025-10-31,Tamil,"ED, Tamil Nadu Police find themselves at loggerheads over registering FIRs - The Hindu",The Hindu,https://news.google.com/rss/articles/CBMi2wFBVV95cUxPOW5IRlZDSkpSTlc4OTdnNDNwUUFpM3E0MXZLN0FzRldrTWpoSGhaWkxZNmN6QnhUQmFZclR0emRLLVlTYV9VbnpIVE5XdVp4eHVTS2NqU0FUNGdnNmkzY21PcVJ2SG9rdUJLMzNLbFNMOTVJaUY0SmFKLVcxMzZxUnhEM0hBUmZBRF9BRDc2UHNSamtZU2lva2NJMVN0dU5aRU50YnRBMXphYVJXSjdhdEN2MDFySGRDRVh2ajF1bi13cGJiT010SXJvd2lQWTlFRGRqVm9wdGZXc03SAeIBQVVfeXFMUFZMYlZuZEt6TkkyX2ZIQzAwM0dDYXZ3VjZOVGZucFFrWjlDdlV5QW11XzI4REFqc013UDN1LWF6OTlLdjlIWXVBSHpIZnRKa3BOazVwSS11dGZWdlB6RGFaeDA5TmhxTzNOS1gyZERManVpQjZiZ1R0NXNkajBELUVkcF82RjZ3OF93Rk1KV0FXcEJxQWZGa1JoXzMyZVZZSGFTbDRjUzdBdXFONlU0UGFCWTFtWlZtOGQwVnJISW55QXE4WXhSNTB6VTZZTS1Nb0JyOGJlTXhjWmpYNUpTOTFIUQ?oc=5,2025
2025-04-30,Supreme,"Supreme Court upholds ₹2 lakh penalty on TN police inspector for not registering FIR, using abusive language - Bar and Bench",Bar and Bench,https://news.google.com/rss/articles/CBMi1gFBVV95cUxNR0xMLVFnZ1R5UjdvVW1mclptYzNVR3dkN1MtM1VvWnBPN0FhbnoyamlRSDV5TDBQaWlUNTI2QkNPdk5kbFhMVWFuWGFDUmJGZjNzTnF2dnNhZDhsMDRnSlAwcUd2MC1fTnRZMHlzbXNFajJLa1VPYlFRcjV5NVVyWHJIdUxGNTBEQkVmNm00dXhOSGlDZ19OVmh0V2NlWlNMbldGNnluQ2FyUGp1X1BydW1UMk9FeFIwU093ejdCT1RMWDJETUtqUU4wXzdvSGtOOTFQVXBn?oc=5,2025
2025-09-24,Tamil,Are Tamil Nadu Police Failing Missing Persons? Families Left Desperate for Help! - The Times of India,The Times of India,https://news.google.com/rss/articles/CBMi6AFBVV95cUxNTG52U1V4Qk5oNFRQUTNZWW5jeXRRU1ZXTnY4Zm1SblBjM241QjBtQlNNc2Vid2M3bGk5bGRoUjVfYzA3MnlKWkEtcXFrR1NXc1ltcXdaVnpxdDlSbkw1WGhmaW9fbU5OMlJpa1hJNGcyRkgwU3hwZlV2WldUVE5aTkhPSU5jSk9Mb0x5T1dRQ0JjZUthQlgxY2U2NHhpTmNWclE3Z2MzX1JXSXUtRW1kVl9yYnJCemI2TmZIZ2ZzbnA5UThDbzJ4cXIwenZYdi1QT2NyQ0poWTU5SzFNX1Jhb3B2UmVYakVS0gHuAUFVX3lxTE5sYzJYX0FMelpwOTRYMDhMSTA4alJKM3FQeG9Lc3hrcE82TXd2UWVsUnFwVDJuYUxsaHZyRTI1RWkydTJLLW5hc2dsRHA0ZHplM1F5VEJmUTlRUVI1WmVFUDlhcHRfZU9Qam9TYTZRZzFHSi0wS0xVbXdFTHl4b0xBekh6SWdoYVFkX25mb05HcVFlWnJfYTdwQmpvQmktLV9pWkpueFpwV282ZS1fZ3d3MU56SUpyVWtpRmxueDBPRW9rVXVFTWlJcldkWHdDbmIxenFldG5SMDRvSUlnRi1NODQ5WVNzelRkRmlPRUE?oc=5,2025
2025-07-10,Ajith,"No FIR, no custody, no supervision: What Ajith Kumar’s death tells about Tamil Nadu’s unevolved policing system? - Maktoob",Maktoob,https://news.google.com/rss/articles/CBMi5gFBVV95cUxPY3lLbEw4SE1ZNnphTTlLNHJPQ3BWcE9TTTVjc0dmeEdiRmVIMTdHOEFKRWRDZ00tell4VlVVNVExSzJqTUd2WEpYdWdvaWwxNkJqWUFaV3lVWGF1Sk85SndGS2JkeVZ4dUVwLWFpR1pnR1Nzek9nX1V2ZkdKYjJDdk9EN09CcTRVWTIxbWFCc0ZPMXRBRGtRNFV3WmZLLTlzbDkzdDEwMzdSNmh3S1diSjlVUWswVEIzVy02cWd0MzRUVEVaUENZM0NmQVVZRGthUmtJY0V3R25COEdWM21PcjhfVkJmZw?oc=5,2025
2025-11-10,Madras,Madras High Court Slams TN Police for Meddling in Civil Disputes - LawBeat,LawBeat,https://news.google.com/rss/articles/CBMipwFBVV95cUxPVWROalR1OVhHcmNRWl9FbVlYSUVPNFhxMjdFMi1fZ3N3LWxmTF9BMmZsei1MaDRSR0tLam5Kb0VmQnhPNHcxdEpVanB4RU8xTllhUmZieWN6V0dmUFRUa3RYa09YX0dVc3Y4VExxTXdOZDh0N3F3eDlYVnJLc1FSNy1vTFBrTlUyZDRpNkYzb2xKSWpjMzNWVmREaHV1QVgtTUhDNTFuUdIBrAFBVV95cUxNanozdXpBR3BNSzNiOTlCUjBvNnJXWV9NenJpV0J3MXMtTHUzWDZmTWNEYnQtSWNqYUFfQktZblFidGc2c1lib2pOZkZST0dKdnhGYko3Mk9kWlo3OVpmSmRnRlpwWTFYay1Od0RSc0VhWi13TlF0SDMtMnkyX0NUTWRHdElDSHI2dl9zM2dYU3dNekl5eDFRUnhtMy1tcGZ5YlN6eGJhOGJTVF9R?oc=5,2025
2025-10-29,Tamil,‘Rs 25-35 lakh for one post’: ED claims ‘scam’ in Tamil Nadu municipal administration department; seeks police FIR - The Indian Express,The Indian Express,https://news.google.com/rss/articles/CBMi7wFBVV95cUxNbE9nNmxrbklLeUl2aVNPTWI1MEFXRGVKa193NmNUdnc3VjZpUEItMGc4VndXMy01RGZ1X29uNHRHVHhPQWxBUnF1YXpsMXJmNk9UTU14STRCWFpCRkdFQkJjbFMxdUVBZDllNWZ4NVRiY0FLb19pb0Z6ZklBM25JUHRuVlhPa25wdlNEYWdZY3g5UElfdi1MNEhBYUJlQTNaa28tSzJOQTZrU3dTeWNtYk1uVFItY3NNSGphX2JyU3VmRXo3d2FBaS1SR3hoVVRrckZ1M2lFOUZLVVN6bUVzTURCeGk5OHZTQU1BMVVWONIB9gFBVV95cUxNY0FjbjlIbGp2WG5PZld3ZU1PMDRMOXpUdmhkdHdMbXA3bmRudFE5VEJYb3QydWhDaE9ENXQ2RGUxN1kxVFZ4SU50UG14Z0thNWxYYlc4SVR5NGZQcVhIQTBqb0p0UE1ZU004WWdUakhiZnZYbnB5VmJEb0hLNmU3enhiNHFfckRoNDI3dFV4TFh0SnNhYlg1S1RlV0RsM3dvWkt4RlZoX2k5MWJmLXBuOENwX3FNQkdHV3YyRzQ5Yk5nWm5IUHU3M29aa2oyZDN4M1FXM0dtcF91SmVrWExTTURlTndNbENYRVJRY0xUYU84cE90VGc?oc=5,2025
2025-02-18,Cybercrimes,Cybercrimes registered in TN up 2.5 times in last two years - The New Indian Express,The New Indian Express,https://news.google.com/rss/articles/CBMivAFBVV95cUxOUHNSZ2Nhb3lKd1ZLbDNOcW1SUlRINFNQWEVjam9lcU9BVVVsdGxtbGFfdWRmcF96RUZpbkNqSW9kR284ajlxZHlqS2RZNkF2eU5henJsOTdrT0VlVDZyb0tsN0ZtbklhdFhPMmRHZ1ZMN1NZUVJVVWg4U2ZZck5VT21yYzhPVEh3YVdZYzVuVXJhWE95Nnppa0VlekVqalliNEdvVlR1ZVoybnlOY0w1ZklEcEVIc1Z4Zm5pUQ?oc=5,2025
2025-08-23,Ponmudy,HC asks TN police to justify closure of cases against ex-minister Ponmudy - The News Minute,The News Minute,https://news.google.com/rss/articles/CBMitAFBVV95cUxQZ0d2T1FYX0NPaXdGYlFmaVVLYW9aaFhHc2RHa3dHN2tvZWMwNi1YSzdnazdBS1R0UkNzMF84b1huZ0w3RTMxWi1MMVNTM0FEbENpYVRpaFBWUTZ3MHRoRXFfdXRRcXZkVnBHYk9uVTlUcXJkd1JwWG41Nm1SWW5EU0xibG5uVlFtZU9KY1Y1TlB0RU5QeFVXaV9XWkpCbUdqMFJTU2kyc0o4T1pVcEtXaG1CQkfSAcIBQVVfeXFMUHdmMjEyc1ExM3hhdmMteGc0X1cyN2lidlhmM0dEbXV3aGRrRVpVQ3RsSFI5dldNYmptcVZJb2M5Q0xTemIzdUx0SmxaT2JBdEZMRzF0Z3BPR0Jld3E3VDlBWEt4bVNXYWdwZDZwTDVPTEk0QjI0Y2JfT0ZGSlhlTV9xOFlEY0hIRTRFVnAzMFBwQlJrSy1sVlp5WFFocTNPdjRfUWtfQUgxNzZrMU9TTEtUd3htb2wtMW1iNlk2a1FGeXc?oc=5,2025
2025-07-01,Madurai,"Sivaganga custodial death: Madurai bench slams TN police, asks 'why no FIR registered?' - The Federal",The Federal,https://news.google.com/rss/articles/CBMiuwFBVV95cUxNNHg4MkJpeTdnOTlUZnZfcl9Cd21VUjhiVnJtdldFZC1ZUGtjMWtrX0g1QUlMbE9Lbm8zcmVXX20yMk9MQ0djclFYbEJLcnVSeFFld1d4UlpCVG94azBuTHFJT1NkWm1YYkp4ckFJNFRudFF1bWRLYnB5TlhpR2piWjBqTEhlcG02R1BIV0pxSUtxZG9YOFN6aVpMVkFMMG90c2c1QWFOaW9BMEZIUllLb1RUZV9qNFlMdzBV?oc=5,2025
2025-07-20,Accessibility:,A New Era of Accessibility: Tamil Nadu Simplifies FIR Filing For Citizens Statewide - The420.in,The420.in,https://news.google.com/rss/articles/CBMilwFBVV95cUxOM2VjMWVsamFmUTlPdUU2eU5XWGRWWEhIdUxzNHpHVTNMRnNBRWxaU0FjdmlfR1k1WHJhRXV6NDVzQUlYM2NyZFJyTTl6elRfZ29yWWw3OThFbFE5YUxrbmR0el9HOUZaelBOMmlOV2laeGxZWWpJVHlnRzdrdzlfWE83SDFFQ0E4UXk5eHBmVGUzNzFNQ0xZ?oc=5,2025
2025-10-31,Madras,"How could ED move court to ask TN police to register case, asks Madras high court - The Times of India",The Times of India,https://news.google.com/rss/articles/CBMi6wFBVV95cUxQMGpwOTA2VFJqaERKX3lJNFNEdGVmTzZDRlRkaXpNUGhHQ1VFdUlrOXBpN0o3VTZEYWhwVjkyZ1NDeTlMVUp2azZVcjdESkdpaTFhdGwzVVI3ZG1Tc3VmaWFUcGprZ3FZVEFGN0ZSSFhJQ3g2TlYxckY3Yk1UWGZfUllXTllQZzFSamlNbzFvZmJXMFZhVExqblhTZlhMOThZVTBla1hKelJ5UUVuYmJhR2R3WUktNFRvLV9rNGZXeVZ4V3RTVG1RLWxPdjVZelNib2pOVmdVQkVIcWRhNjVMSFFkVVAzem9SVzc40gHwAUFVX3lxTE5MNDVMWDhZMHlkRVNPWWM4N2Z6T0tTVXU0UjlUUnJTNnBpYU5pdTdlSnQ2YnJ0UGJud3ZBMjZtN2lmR0Z5TnZyamdUNU5RV3g0dmtYSlJJWDBCME5fRHNIZDM5eDgtbmtfNHUyTTl1UTA3blp0SFJMQTloQWU5RjA0am9pOThYU2FyNXk3WEFnRTZocXlmWlZQMWVYYzQ4d2EzOEtzN1JHYkNGM1lrZ25XUmNFNVZEczdIZmNqVlpna0JYb01WNXlDa1h4czRtQlFwaE9ObHplT04yWG01R1ZFb0p3SVlsZldVR195UFEycA?oc=5,2025
2025-10-22,Madurai,Madurai HC cautions TN police on summons during preliminary inquiry - The New Indian Express,The New Indian Express,https://news.google.com/rss/articles/CBMiygFBVV95cUxONmRjSUNSMS16d0w4XzhsT19DbHhKWnJxVjVvZ2ZpU1pBSkVENF9aM1VnRUdHV0E0WmJZcDgzQ25pcTJlTThwVDV3ZlI2Z3hiQlVES19ucFI4eGQ2ZHhxTkwwV1BOTGM1cnlhejRMLXZCeEV5NVFXS2k1dGpNVWFfZWdzcmFWSnZhMmZvZGlPVG5EQzVtUUJURXBBdDBnclh6XzE1bXVyV3lFRGpYd0NMNDFkWU1sMlJwUHhGcHpVaC1USVp5SWFwUWtn0gHXAUFVX3lxTE5YY2ZPYkpKRHF4T21zVkJwVEpPb1RKNk1LUWstMUVVeW1yeUZldC1KMjVYbjM5cngtZFNweXI3YVNkcFVrelViSHhEV2pNemw5S0VtX3pndExfTVNCWW55SjlXZ0p6LW5ld0J6YVVaSHBad0pEQ2QwYzR0azgtMTVRNjZsZmFqU3VxVXQ5SFQtc0ctaktqeVJndHRsTnQ4TFJseXRZR1J6MXRfWjZYeUowM1ZqckQ1M2d4RHZpZEtCS3VLUGJVNXM1d0ltNWtIcW9Wb2tWRTlz?oc=5,2025
2025-01-30,Chennai,"Anna Uni rape case: SIT seizes journalists’ phones, Chennai Press Club slams move - The News Minute",The News Minute,https://news.google.com/rss/articles/CBMiuwFBVV95cUxNcWxPcTRRdjlyX1kydW9aRHhFVTVLM2xhRi13QldDOWxQSWQzRExYY0x0cDZDZVRxWDJ5cFZHVGt4cHFtaTBKZG1veUQ1eUJGOTdubG5QZC1IcDJTdDBkLVhtcUdKUV9JWDVIWHBkZERtRGRCOHluVTVTVmlQRl8wQUZYS2hUUklHb1o3S0sxMjlyemFXOFFGSV9tNHRrSXBLNWJPS2ZzTDJSeTJTR2w1ZkpqVnJwUlhZYl9F0gHIAUFVX3lxTE1HNTVfZUR5dHJfMjlYN0ZHaXY1aTZPZ2RibUhmMEwyUTJJX2dGc0l2UmFkeURseVlENXZ0SU5RVG83Z1N5ZzdUVVo1dnhOSmRrUWRjWGtpTEJGNWNaXzFHbE1Rdlg0ZzRuYkhubUJDTEF6SU10cmExYkhqa0JYNm5DSS1UQUg0dko0dnVsbnZKNmlNaVgyd1Y3R2Iyc3RZUjhwZERPSkRub0RuVW1Pck9pVDcwU1JRX1pzR2xPU09VemFUeV94ai1Q?oc=5,2025
2025-11-21,Madras,"Madras HC Raps Police for Calling SC Atrocity Complaint a Civil Matter, Directs FIR - LawBeat",LawBeat,https://news.google.com/rss/articles/CBMiygFBVV95cUxPYTI2TWpQMzc0a2plOG1RbTVDbFRfRkFUck8tTmoxY1dqVTR4c1AxRTJFVjIwOE9md0ZUUTB0dms5WlgtNVJOSUh1dHVHcFdUMHVKUkZFSldxRktHbjBVMVBKekcweUloV0RROGhpdFJWenRZSm1PcDl5aDZFN3ZmdXFUMnp2cmZzOWZOVlE1SVBqdmVNZnVpZjQ4cWRwbnczZGRwUzZQUTg4WktldzI0bjhlZGt1dy04SktzakNUaDRwTmx5UEFFcmxn0gHPAUFVX3lxTE9BUWIwaGxrd0Q4Y0pLdFM4cngtZGV1ODRZZmVORTBsNXVaTTlQV09FcTJHaGVXcjF1MGN2MXhnQmZwWGdmcDlKbTczc09IajhkMVZvVGNTdG14TjNoOVViQTRCTVdkUVR6Q255MFVlbnl2ZVJUd3FMYUlyUlA2bHF4VzRkWlcyNUwwLWJjZjhmY0xDRGNfY19lWk11dE9IYUZ3c2ZnWlY3MWF2Smctc0NYb3pYSkJtX19iSXB3cUJSUXNxdWVzOVphWXc5S1pWdw?oc=5,2025
2025-07-12,Sivaganga,Sivaganga custodial death: CBI registers FIR against police - The Hindu,The Hindu,https://news.google.com/rss/articles/CBMixwFBVV95cUxQT3Z0U2hUT3lJdDdSenVSSmNzWU1odW9xWHMxZzFGYS1tWjd2Vm9OWXp2M1dmX0xsWU0wU3g5Nlk1Q2M1bFFfd2cyYXFIVVoxWDFvTXAtVVBLU2tqZnYzLS1HMUVranE5ZWhJc3lPVXpnMEw3WnduR1V1YmVXWHVYVS1vVjJwdTRIbEN6ejRQNFFWTUR2SktORTZuZVhCZHQwMV9aOTB2azJMNWFDZl9KRkk5YUJrbWpkWFN5TU5SOTgtYWJha2dN0gHOAUFVX3lxTE9pWnhhdy1fZjRnbzhGUDJZRGJrOWo1TDlLOXJ4TURTZ0lmenNtYVlZczY4aWhzYjBNMGRRU2RidkE4WVUxRGhzWE5GWkI5Q0Q5ZlZiWFNoZWFScmVRMFIwRzJraEotOEFCNjV3RnlxZzZreWt4OV9ZdW1UWTVycGp0RkNjZm5Rb0I1ajlyY3VyOFFiU2Q0OFR1QkRseWcyZFZ3QmZmSFhDVlFCbmZVc1VTQVRvbWVQRWVkWEhGazVKc3U4b1BWd0F3S0oxQzl3?oc=5,2025
2025-12-08,Minister,"ED links TN Minister KN Nehru to tender manipulation scam, seeks FIR - The News Minute",The News Minute,https://news.google.com/rss/articles/CBMirAFBVV95cUxQbXoyMTFYMWZWRzdPTHU2dzAyU1hjS2lDTEh4VTBET3o4UUNwcHhyWEo4ZTlxUHlsNllsZHdGZ0NaS04wN3hWZXE3NFlIVERQREh4QUoxTEJIMnFTNF9PSWIxYUt1cmc4bWtrSFo3Y05hTy1neUlObzk3aTFjamlSSjlIbmNMSzd5bVVUYms1VTBKWmdqNW1IRi1hZFBGUmd2SUtZWW16d0FrVktB0gG6AUFVX3lxTE9VWG15Vm83LXlOd2o0UVdGVlBYRVhtbGFhR1RCLW9ITWl0bWxNUzZPYkhoclRQZGZZVk8zYWEzRDRBMC1GVVNZOEZfLVpKRm1Idk1XcWtULVc2NU53RlZfX2pCTEVtMVhKcW9mSDRCb002T29nU29VOU84cjVZdi1hZ3VVYXhKRHNvN1Y3UUN2OE1FTWtvUjRzVHZfUUNkN0JsV0ZEMXNaVkJfQ2JqTmgtOEZETGpHOHZBZw?oc=5,2025
2025-04-17,Minister,File FIR against T.N. Minister Ponmudy for derogatory remarks or face contempt: Madras High Court to police - The Hindu,The Hindu,https://news.google.com/rss/articles/CBMiiAJBVV95cUxOY2RfTVE5ekxZd2loSjRaV0U1c0JSTXBERmxjX3F5enU3eHRjMUlVa1h1MkNSX2I2R3lGVm1uQlNILWdjemhNLUxyRlkzVGNrZy1rdV9QSjNqRDh0NXdLQXRGRlZBSVlKMzFqYTVFc25RbE9abjhOVHczck9WV3gwM21Tc2czQ3lGa2J5LUdkYkRkdmxpRXZtam5UQ1ljc1ZpMm9zY0V2RWJtMlRoNndXQjdqMmJvaXljQUZJc0JsMW1uSEZ1VUlieEZyOUJ5WWgyQTI2b3JfOThYVkxxb2Y3b09CQ1VvZzl6QnpaeWNjeDdXQWJBN2RrYWtyNW5rOGprTXJpUTU1YWjSAY8CQVVfeXFMUGFxMXdLdHVJRFR3a20zblJiY3IxRUxsSUxDOS16VmxjR3A0V0hPRG1uRGxlVXFNQUhvVXpacUYyOVVKaXFoMGNzYnBEbjBDLWd3cVlSdzNuNnhqLW1JQmZ0LTdnVi1IYW1zX21oQ1FBMlNWTGQ0M1ZOUGhwVHNwUms3al9qQUN3elFiYndYT3EwcVhLb3d6cUxlN3ZMdEZYd0ZrbUZaaGJQUVpnaVFTdTYxTG14WnZsM19PWnU0akhITTJoMHpKWHRNME5samdZS1lLb0RRX05famh5S1ZIb2cwZ21ROG5MSG1CY19nYUttZ1VpYmpaM1doS0RId1ZhZ0NyVHJTUmhEblExZkg0VQ?oc=5,2025
2025-05-01,Implement,"Implement CCTNS 2.0 within four months, Madras High Court directs Tamil Nadu Police Department - The Hindu",The Hindu,https://news.google.com/rss/articles/CBMi9AFBVV95cUxNRnlVRFN2UFJBQkpOODBYQnB4cG5NU25aX3VrV2swZU0xM1MwS1ZBb3I2Vkkta09mV0l4aTNDYXVKSldOUVdXbXdJckk5SzNlYjNoQ2xWRlh4dzFZRGk4N0dLazdpT195YzBmLXpsOTBWeVZJeHZzOVQ2WlVVSmNvM29vQVdGLVBUbzJUQlJmenpoU3dXYXpUd0Z2MzhUd3E3NXZYNWFPZVd1V3FhMF9pcTUxd3l2N2Q5cmJmb1E4VGg1d2E2bGFydllYSEdTTFdjaHVGOHVGYzh3NXFNSk9CcHFnb1dZUURHbjBLc1VLNnBvVFFX0gH7AUFVX3lxTE93SHZndTRqTEo0OWR1LTRtVDJMajFpQ3VpeWNpdzJNYzJlNWU1bVA1SWZId01Zd3dsYTZ1YzlqVkRVZmtyMmRnelp4Z3R6UEJpS2pFRlBuUDF2eXNZOUlFUVVOSHh6OXZtalBoSkRMOE1CNUh1ZGRCMlh0dWxFbG9IMUkzS1llYk53VmZfWE1EUW4zLTEyMmU3ajZGMWlHMk0wMUE1a1Myd0ZFYXFzVDJrS1NWTWI3bUNtT2ZMaV9VS3JqTmkzRWFIcHpKMUlhY2lKNlBndHVsSzIwYU9BLWRjMm4xRnFuczBHT2pnVk5oOHlCVy12cWpBeE53?oc=5,2025
2025-07-04,Custodial,Custodial Death of Ajith Kumar in Tamil Nadu: A Chilling Echo of George Floyd’s Killing - Frontline Magazine,Frontline Magazine,https://news.google.com/rss/articles/CBMi0AFBVV95cUxNN2VBQ1JsbzhmS2Q3bWtZb29QZHhBTjhnajFmQ29wblZQMGhNV1VDWFdyU09CSWJLTXJyMHV5QTdzS1UyOElvUW5UY1V3LW5vYVlsNE9zdHg4SWhnOHB2OV9LcnhEU1JFUU43NkltYTJwRTl3V3lPa2tOaUc4OVEyNUpFSUZOeWU1VnhaWU04MEdsQ1hpLXdDcm9lWjlURUlsSDBrWTlmTnpkZVlObTA0M2h4dW9QYnpCc1BEMXpJYXJYTzFkWW5MRVlnTGVJdnh30gHXAUFVX3lxTE13WEZ1NE8zR3dSRWFjaFlwM0dpak9yY3p0RGpNZi1TdmdzZWI5OVhUN0sxem9TS3RaMlBJNENTNlR0ZjhRTzU3ZzZWbG1XZVpNTW5SWW03c1RHLW5iNmxscF9xdGZ4VVdBMjhINHRpSjIxVG4tVXNtX0loZWdBODBSSTMyNWpwbnpDekdkTjVVeGo4UXdhbkp2YWFCd0F3b3Y1VG05NGM1cm1FV3lVczVJZ1llbTFtV2Jqc3ZsMGt0V0wxQ3ZOWjJYUnFlVnBMLXZ2dTVtazJR?oc=5,2025
2025-07-20,Chennai,How a cook’s brutal murder led to death penalty of a Chennai toddy shop owner in 1940 - The Hindu,The Hindu,https://news.google.com/rss/articles/CBMi4gFBVV95cUxQd1NiRGw1N3RVZ1U4QW52cTZQMjBFaUNhRTdnYUNqNzIxNWkwbVRXallWWEVTRzdma1RfbDdKTUF0YVEwMnAzSVFvbHBtNVJYekJ6cEFSZk03UVJnbV8xVkxTRWp6UGJ6QlJHTU9tR1RfdUNkSnA1X2FHNnhlN2tmNHFjWWc1UHRZcUdNSU9vbi1iamo2Y0lWSHdFaWd3WWtnUmxzOERPNmlJMVpMOXJHNW9mOFNncEs4Q0JuWTJnVTZDQnZ3YWxpYkszOUNzYlBYenVxR1hGanlTdFo1NHFDYkxn0gHoAUFVX3lxTFA2NlRlNzYzM0RRZVZPdVBUNEt5MDdRV3hNVFFTUXRjMGxKZHdsdFBQOFNsR0ZJckVRSHNoTUMyRnhnT0Y3SHJGZy1OTjNQVHlEcFZndko1cnpHZ3VfY2k2YzJUbWN2TDBBT0pmVzdXdDVjWU1Yb1RoQnJhRWFMWk44UzRZaXJZcU9JQktVOFBrZVVsVTgzMGFhRHQwYUtaNV9TTkxydlBkNmFYcWxpOXRvZWE1dVFKaXNwSGN4QkxiQ3pKeGNzV25PVno0ZmEyM0k3UnFHdml0TUVRZ3pLdmlNS3BSUVpDTk8?oc=5,2025
2025-08-01,Chennai,"""He Dreamt Of Building Us A Home"": Chennai Teen's SUV Murder Sparks Outrage - NDTV",NDTV,https://news.google.com/rss/articles/CBMi5gFBVV95cUxOa21xemFmX0VZby12UUJ3Z2dJQjlRUEJFa1lvalZNc3pZUDVmWjJudXlEN0FLMzJSRGtHQXFmOE9wU3dkeXpHdVUzOGJlSk02a3dWWHRtQXlsQlMxd283RFBEaEdEQkdlSXRkTUFhMFZYSnNUT1hHX3padEJIMkZiejR3YVFZU1J0a2lxY1ZuRU8zMEZBbjRSemh4MGJ1TU5IMWd6YmNfdlBDMzFUal90Rm9UYlNHamhWSTFYSktQa1BmZFZWZHZKOVRLdnYyRjVtUDNLcE83TmFFakdqZTZuSXMzdzFMUdIB7gFBVV95cUxOWl9qeThIM0RuejFFdnJST0xhNGpSdlh2bTROSmM3SFRVZ1FqMHhGZnpLQlgyTUFkVS1xVXd0UXNSRjVaVE05cmY4X0xSem5KaDRlYVpLaGs5UnhqRksyRjBZQTFKOHRTNVZkMDlQUGxPY19wcTB0Nko4Q21UOEdLZ25tZFlnV2hBX3lTY1dfNmFZSThIT1RkWmtieW1qR2gzbkZOMXNVWHVUQUxVa0NvUk5ZdUk5aFlMNDB3bW5yR3FDU3FMTVBUb3BGNHhMeFFUWHlrSUhQSjVMeUhGODZVcmZOMjdUX0k5UG5uYlV3?oc=5,2025
2025-12-01,Chennai,Man arrested for murder of live-in partner in Chennai - The Hindu,The Hindu,https://news.google.com/rss/articles/CBMiugFBVV95cUxOYlF1SEs4Nms4b25hem9nd1F5MkNVaDk3bEU3bUg1MXpwSHBSNjZMRkp0OXZKMk5vY05oaVl3ZVR1THRidFBlUndobjFXWHVEblphWjVodVdrZ1NaU3pTY0dGYU5QbGpsdm01aVB2SjN5WXdEc1ZaQ0g0cGw1eWFKdEZKSkFjc1pnNGlGRG1IQzF1X1ZjTWVjSi1QMzJvbGREVnBkcjg5R29WU01WM0ZXc2lzTWxlczdEbUHSAcABQVVfeXFMUHd2b0wySW5Kdm1ibU1yZFBqVGlZenhENGV5MmYtcEhpTzJ1eVlqVDJaODl1aXNEZWtGamNQdnZwMW8xaWFaUGk5a2k1bElYTWNyUUVNTGZMT3JqZXpRbnV4RXI2Q3BTWmYtaVlUQlZGekdHMHhHMThvN0dfeWs0VzBVQm1iVEY5UjYtOHVoVkhwSGhlSlh2Vk0wYXZwRFpLVzI3U09YSVhDX2pqNGJBb3pQcUNxbHIzQVQ5TEMwX0lh?oc=5,2025
2025-11-27,Chennai,"Murder suspect, who was on the run for 21 years, arrested by Chennai police - The Hindu",The Hindu,https://news.google.com/rss/articles/CBMi0gFBVV95cUxNYnM1a0ZUYnpuRFlEWWJEX3hQWmdqVXdfWmJtQWRGWFMyOHFCSndIXy0xQnl5VUMyd2ZWTkpCN3BRaTd5N1pFT0pOaXBKeDczd2JqcktDWFRoNUxWU29tMUxTb2U2NE1pRHRnZDRTNTV3QzM2NzlOa1czbGttLTVsRnoyeU8zWFFucUJHRmk1a2RuQmdFeVpfd1k2ZWZURTZZRENhRE15Mi1PUW9rQ0VXU3BoS1FEUFJla0dxS294WnF0bnMzRUV6M3R6NkdzdHhsRmfSAdgBQVVfeXFMTnFDR3RjVXpyNFp3WGtKYk1jaG9zRWtwcWVKWTlpMmFDU2tnQ1ZxUmVGcG1zbWsxSEJjWldGYnp3alRzTXd6LVV2b1VTdXdEejFtY0o5WFdFeEhHLURnV055cUlfRjlFOGtiYTJvX3RmYm5BLTh2X1F6VXNQdU5zLTFEeHNOc1VkTHMteDgteTctektyMW91Smd5M2l1Z0VSTGZPQWZQUWdxS3Vpa0l4VmoxSG10azBUWFhXSk5id0Z5UFFTOTBsUmlfemlWOXlydi1zRm1YT0No?oc=5,2025
2025-10-09,Chennai,SC overturns death sentence of Chennai man accused for rape and murder - The Hindu,The Hindu,https://news.google.com/rss/articles/CBMiyAFBVV95cUxOTG5WajJ6ODNnaFNJNFpHbzI3VnVoMzVHOUtrTXJQMkFwQWVBRVVHYXV3SUpybHFPWWJfRmZ4Zi1GaU0tMkd5VHRmYjZTQnRvVkZxVjJpODZRdHBPQkZMWXBJX0xLb1czaUxtMFAwbXdUZFZlU2Y3MHA5ajVrS3l6QmM5RktGMFpLM1JieHNIVjVINFlSSnlRcWl1UFZWRzFPeWhpaXgzLTlwOTVuZlIwcktzZjFBQlAxWkFJOUU0SU1hVVdsS3V5ONIBzwFBVV95cUxPYUhhUFZrN1haZ3RpNGZxRmx1bVZwTnVmOXZxRFRxU1FZOGRsOGxPaVlVZEx0MlBVLWdXNHdzdjc1OWYtQ3RpRi1ZZFo5cGJlNGtaQWNnMUEwWi1GWU5rWDF1V1d3b0xyUi1pSUotVnc5Ni1KOUJqZ1Q5Uk9lTXFmekxVaVVIM0taUVFxOUxGcndkeGFJMVVlLU1KQTBuekZjTUNQb0RvcHZTcDhlZE5VTUo3MUVsa3VSR0xGU1lCajVkeFZhUmNKczhIekVzY3M?oc=5,2025
2025-03-05,Chennai,Chennai murder accused absconding for 34 years nabbed - The Hindu,The Hindu,https://news.google.com/rss/articles/CBMirwFBVV95cUxOM21kRzFTZmc5dEFVZHB5NXJlQ09MZjNQTERkclVNN24xOXhYc0xjRmRWN1l6NU9heGVHQldHcGtBOEhraFRTWUYwNFdyendzR3VZZk5xQ3dCTmVDMEIyT3U5cGRaTWZVZ3JCX0djeGVIT3VlQzc5RGhocUt6Z05YdnVDVnMyRHRlOEl6Mm9GRndWTTYzb1RfaXdoUEhKUnkzcDZxOUJ1eHVaX0lGLVVZ0gG2AUFVX3lxTFBjUFlia0V2Wi1CV0h0QXM3NDlndy10ZmlvU0E2QlduSnBGUHpNWXh1T0tBVG12UDViUDlsZ1AyZ2x1U3VRV1VqVUxEVFhidnlTS1NHWmxsODRUZURGZXRPeTY1dFZMQlgxTDlSU2pWUG5LLU84NmtxelIxc3JLVkVoWUtpVUtFbnFMNTF6amo1SWo5SUNZeXVLYVIycVoxeE5aQ2paWXQzNFJaM3h2a2xocXR2Rkdn?oc=5,2025
2025-11-22,Chennai,Chennai police arrest murder suspect after shooting him in the leg near Indira Nagar MRTS station - The Hindu,The Hindu,https://news.google.com/rss/articles/CBMi9AFBVV95cUxPZXVEZVE3bUVxb2FwRzl5VUY0cXBVb2FwWDA0NnFyY0VFVWRVUTVRS05DOUN0OEhUNlFVN08yb01kZ0pEX05JdU9ZS2dmNG5YVnRMZndOT2doajAwNjJxRV8wbjJlSkUzbmNuY0k5ZGpFdkFnNVFnOHJkYUJBckptOGlUVERpcE9uOVJWak9scVBVS2RxaDJpZ285M0NURHBsVjdFYVJ3RHRoQUJUMFMyZkNwdnBra0NLbmpMbEJtLU56M2NyZ0hRWHNDREZTMV91LW5kcHRsbnl4Ui1aZFlMMURlV3d0elBwVEZQdzNJTURtUEgz0gH7AUFVX3lxTFBwSm1jWVFJdkFMSnFkUFZhSHYwU2U3QmlyVlhUcHRPcXgxbTlFOS0xNE9XcFFQeXU5cjRpSW93NnU4VDhIekgxeTVFNmFNMGdnakNMM0Zxek1wTVI5VDFkaklBcjFldTc4cjdEcllWTExNQWplSmFUYUNLQTVnN0FHckJzamtHMEpZWGFfbHRiVmh6ZEczWW5UbXdzRUJlMGlpTlVNZThpV0Rfdkg2S2lMeGxkM3NSWTV1eHktUUpWc25FcGYwelJqVmwtU1VmVGVtWkN4TmQ4Qi1WbFZuTkk5UHdXTkc2OGE2Wlphd0I4Q2QyOEVOQTA3VEpn?oc=5,2025
2025-05-12,Hindu,13 persons held in connection with sexual assault on minor in T.N. - The Hindu,The Hindu,https://news.google.com/rss/articles/CBMiwAFBVV95cUxPMGVBdUp0enRrcF8xbU9VdUlkSTFXVllRTEFyMlRwdDBscG0yR1lIbFNKeDRMOVV0b1R0eVNrY1NTa1ZVRzQ5d0RIVEdBSnJzeURxeTlJdXg2VlFPd3l4VGtNS05zR3hPTTZBTnVsa1lJdndOdlk3MTk3S2R2OGUtRjZ4cTRfODJhaTQyb0ZtMm5JQ2pseHR4cUtmN1VmNzFFaG9sdlp2YlgtTU9wNnBTWndnZHR6dnhnVkZERXhhWnXSAccBQVVfeXFMTnRSbm5uWE93b0htWWQzM3htZEExdEU3Y3hDUGwyLUttTkprQmVfNzVWYVcyUlZnWTgyc1A3M2xWaUdLcEdDd1RMb2h1dE5HVURqU3k0bjRxZVNORWt5alg5d01faGdhMzh1TU5BbkxINkVYZHVVMmIzNFdlSDFmeWNGSF9lQlRpaVN3TEJ2TUVVeW5OVkk0c0Z0b09JQzZWYUpxVGJHdVhHRmt5WVJPclJlaWV6VEtfU3RiOFRSNUZubGJraE9kbw?oc=5,2025
2025-10-07,Three,"Three held for murdering Port Blair-based hotelier, dumping body in river in Odisha - The Hindu",The Hindu,https://news.google.com/rss/articles/CBMi4AFBVV95cUxPQU1WNWNVNVE2NnF5eHJrTExuNTVIQ2N3b1liMUk2elhtcldhQ1lHZFI0d3BzclVOZV9XUU1KVkNiRGhyckRSakhxYjF2WnFqbW5pYlNHcFd3Wm1EWDNVeThxTGpUYkhBTFdlazlPQVRqYjd2dlNld3Rzb2JqNjhPWF9CZzk5QktwODlQRXpEVm1aNHd4cS1CQUhYS3JlZWdwTlRNeVlrVXYtUkw1d25tZnFJZC1adlBtUFlKOXgzMTRuUDJyN3dyM1BPQVRQVFZaQ1ZpME85Tk53TWVRZGlCT9IB5wFBVV95cUxNbW5nRXVrY2FueUNUcnJoTHcxSmxCSUE3NXU3cEd6S1hGUFZUZ0lLdFVtQnE0RkRFSExRWUpoM01lRjVJVUwybVV2d04xOV9PSnBBSXZ4UU01Q0xjdUNmTTJ5bW9pZGxjV0dlQWFnLWNHbDZybkVwd3drTXY0ZF9HWFBxb2JjZ0ZEZ1pUOXg2cEItdUlwaWl1VTZ1Q3kxamwyZ2o5aDU1cVlCZTJuXy16NjNhb2p6WUJyaEp0aWFucElLeEUzOHB6TzMyMkRyTWd3VWliMFBOLXIxNmRVdFRWeHJXenZUVUk?oc=5,2025
2025-03-05,Chennai,"Chennai auto driver overhears passenger’s confession of crime, takes murder accused to police station - The Hindu",The Hindu,https://news.google.com/rss/articles/CBMi9wFBVV95cUxORE5vbTkyU2wwNkUyMG1DSjFvVjN0MWRhS3VETC1QRGZtRjNONmJTOW1FeHlBR05ORWRqbWRvamQ0dnFCb3NoSzktTDhnTkhIT3d4ZzlvTTJsSDdqakh0WHA3dGhTcFJqbDloWGdIdTNFemZ4UTZHUXYxUk94Z2JiTFN6WmZGZHpjandpSWJCNFFTb3lHRFY4Vk1iTWIycXBscVBpVGVDX1VOeU9tNDY1MGlsQ1pBMExoUzYwTEgxTkZ0ZWhWR1NDMU5jRjQ5Qi1XaW1KTF9URm9aM2xpTHdwaUJ6Slo3T0lFTzZja2YtMktQdy1ROVhv0gH-AUFVX3lxTE5ReFB3UlBiOGFBMkt5Y29qWVVqV1pxNUNkMjJ1VFZwalZneFVYb1BWamctSFFWbnVmWlBnUjZIbGdXUE1QZl9wYWk5VXpfTUJnMXJnZFR2R0xGT3JoQ0VUVEJyYkc4VHhaSUh2UVcxQVFNV1RBdUVucHFyTU8wLU1rUW1PSXVJQlRpNDlxa1BLTFk5SThtcEsxOGJHbmZkNnJ6OG5KdVhIZ2FKNDVmbmgwYm9SQkNBMjc5emZSdUtWQlFTaWMwbUpxQUNuZUVFUGI5QlY4clRzcE52NXZoN2hZbnpWZy1hV01sMTZVYTd0LVIydlZ4UlVmTkdxMExn?oc=5,2025
2025-07-28,Chennai,"BSP leader Armstrong murder case: Didn’t you even conduct identification parade, Madras High Court asks Chennai police - The Hindu",The Hindu,https://news.google.com/rss/articles/CBMijAJBVV95cUxPU3RNYlZyaWJDbV9KenZQdVAtTUpDckdYUUdFd2c4Q1JmQlVjZ1JUd3ZBZGF4a2FMS2ZzUFdxTWVjbTJQZXMtMGk0eUdkb2R5Q3gyNWJKTHpfXzVka1p3am96ZG5QSmV0bHFESzZ2c0JCcUpJM0h2Y0dlM0xuZ0xZUWtsSkRaa3ZFUWZ6Y0hXTEJWNEI3OXYxN2xla0hGRklwWmc4QlIycTRFanNpYldCR2R3bkRuZ3FrQURSYWtmalo3RlJEb0hJNlNPWDl4OXFuU0MtMjJPQzJXMk9qM2xXcGg2bXlldU9IU2VNMjVFS3JzbjlReF82ODVobWxDNjJCRFFWWi1sdHRJWmh20gGTAkFVX3lxTFBsdUpSdGFQRC1jUXp5UlRRNEFlWnB5djdzVGtMbDF6dW44RC04WG1sQXpOcjZXSzRQajIzSHIxb3hxRExqSnBncGlueGJON1h2UWk4bWNzek9LaHRYZTk2Q3BRcERxNi1JWjU0VVR6UWMyQThYbG9DbUs5dmMwT3UxdUhjSXBVMVhtanZHT0NtZi0tTmxfMzFxZi1vYjNPMm9WV2dhS2lTdzBSOVdiWEhFaHlSblVxYVRxdGxERkVYcm9hTXB2WmV3R2VjNFVKSGc5WU5rQ1FONUl5WTNvZExOLWxMTTBwOVdJWXFsODExQk9NU3l3Y0lXN0lsLVdOcmpqRWxxNU9nb1ZwcHl1OW1TcU04?oc=5,2025
2025-12-02,Chennai,Chennai police arrest two history-sheeters for youth’s murder - The Hindu,The Hindu,https://news.google.com/rss/articles/CBMiwwFBVV95cUxOcXhDYUpaUk1OTEwwckxCdHZ3eXgyaHloRjJjQ3ZVYnNzcEpXclhlejM1OEZaZFFSNlhZWTBpZUhLLS1ieExHZzR4Qm54UThRa00zdmRodGdLczhCbzRENklRUVllSzQwTUFFTzlQTDNQTUNwZ0pMWlpBdmd2Y2pNdHc0SDBoLUpEaUpNTzlKX1N4T3RvRDRaNTRPQVZGLWg4Z1lWeXAxUlA5aDN1NGtUWVhhcGVEUTVKamZDYWo1MHZ1eWfSAcoBQVVfeXFMT0RMajVUU0o0Mk1iU0g2eVlFM1BUSGZEWTYyUEg3a3ppdGVtSHJxczhSWG1QUXpJVVhPTGRXNC1RRVplYUxYaVRkQ3hjLUxjNHExMVJKMjN3bXUxWDNDdXJ4RXVMd1dqRGVFdUtnS3pqcVM3Ty13X3FWTEF4anNnYnR0SE9PV1FLdWg3Sml4V2taM21uS3FWbzNWZHNxcFc4ZGlHSFZQUC1kc0VLM19BWllhYWFGTjRYYUtwNGdsblB6cjZSYmpBUlVoUQ?oc=5,2025
2025-12-25,Assam,Life imprisonment for Assam man accused in Arambakkam child rape case - The Hindu,The Hindu,https://news.google.com/rss/articles/CBMizwFBVV95cUxNaWV5V19CbTJUeFBUUnJhUS1jWHlrSTg5eDNzYmd4RG02QXN6bHNlRDQzUEMwanNTbmV6elc1OWRiNF8yODVTUlRNb045OEJxclVYTkNuRVozY2RiX3p4RnROaVl4X1hvTVNyRkFDZzduSG1lRXJqVVFlVjVLbER3VHhGZVVWV3ZTbHl2MW5BbE0tWElLaTJSWXN6VUpMNFBfeUFRZnFOQ3NrR2pJMWZiWWhtVFpqcFNaam1XZlRRUnd4RHFPQ2lEQk44dWFHRmvSAdYBQVVfeXFMTnNDbV8zZHhBMmJVNVgxa0o2OHl3cWhUUVhOZXJ5STFrSXlFakxBUkdLQkNuS3MyVUlja3g0Z09DdzZSN0ZKTnEzeG5BVXNCUDVCVUFLaE45dDBJUkh6WFQ5OXhpeE9UWDhPcGJCSi04VHpuTkRtNV85eHdNeDFtVlN3VlZ5Q0UzNjRZVFlXVDhfSWxFQW40UWI2b0xabHpQUkMyZjN3Z29RNHJSX0tiaDUyRXhyZW84NzJwSW1TSjdKNWhuX0xyMGRqLTNOaDhpZFJVODR4Zw?oc=5,2025
2025-09-26,Madras,"With Madras High Court quashing the charge sheet, 26 accused persons in Armstrong murder case seek bail - The Hindu",The Hindu,https://news.google.com/rss/articles/CBMi-wFBVV95cUxPZkVjS1VvYmk5OFJ3YjJOc0ZBQk5qenNPdlJDUFJuNUVxdUNoZmp3ZVhZc21RdTU5RFZPWjhETmItOHB3RDl4TFM2N1Itc3pQc0dwS09lblI0S3BLSXVzWk9LQWZlaVB5Z1B5MG1HbUFvVHhobVdoSC1PSDJTVHVxZnBkeS0xd05EZ0xfUFBsd3hNOEdsVlpqUWVHRUk0VGJxTEVoWFpEX0ZBdmJDbU9XaWtCWjZQamtJLXN0RXRINThRNGhyRGpsM3R2em1wTEVsenpJOEhOR1JDdi1xTzh5SUR1a1lTOGp4bFBSQ3V3dzNqUFpNNUJXTl9Eb9IBggJBVV95cUxQa1o3WElUMWs1YU9kZ0k0RzZONm1wS0FaT1hXN0E1b193NUtHcGZYWV9iQlVoeE45MnJtbjdSSGl6bmpJdHJqYk9halJJNnVCN2psam02SHdsRWV2Y2drOHRueDljQXh4TS04UUFNWFdlYlF2aWhBdy1CTGVRdXR4QTBJR29DVnlCS25mU2VqcU56NzJJOW5ZZ3pSLWtVbU55cnJ2dnNGYzRZVFIzdHUyM2oyTEhqV0Z5c1hWcWdkdFNFcld0cThJNExZWXN4bzNqa1NtamdiTE1KNC00bE0wQkJKT2pvWXNwU0ZOZ3JPX0k2Tkt6ekJhVDdKZnlTRXRYeHc?oc=5,2025
2025-10-29,Chennai,Chennai: Bike-taxi driver arrested for raping woman passenger - The Hindu,The Hindu,https://news.google.com/rss/articles/CBMiuAFBVV95cUxPYWdVV1J6bWVRNFR2cWM1TzNlbEZhX3ZYT3psOTZWV19ZWU0tU3FYcTUtLTQ3eTRpY19ENmNDMHdtcXM2ZFNZcDlsdkpGLVVnR1ZlMWpkRXZuUWVMYVJjaWhIZnNja194TjdKTUZhWmRnQmp5SHZXeUdyZ0txVjluZjBMTzVJb1ZGNFNPZDVUOHJPaThhRTgxNXpBMno3VFVaZDc1Ync2U0VsdFVYZTlYMEhiYzgzYW5s0gG_AUFVX3lxTE9hMjRqMEhDVGEzcC13TERTM0dNUzVPbDJscmxpVGhOaEtGWC1iZ2U1RHBlMWhsX1QtLVdPTDBYbnBRSW9GODdaU2pvQ240TDJnRkd6SmEybnFUUEd6QVcwUU5IbmsxdTRUdFdOekUyWEFNSVNJdm1GY2c3SGN2WWdrN08yMWh1cmFuMWdtUmE5QzJMZDRWczJUN04zLU9VMmNUemVyZGppYXc0ejJwdnJxUUtZYldNQ0U5OGhNRTJJ?oc=5,2025
2025-07-03,Armstrong,BSP leader Armstrong murder: Brother moves Madras High Court seeking CBI probe - The Hindu,The Hindu,https://news.google.com/rss/articles/CBMi4AFBVV95cUxQTzB5LS1zRzkxMUhWOWJuX3VRY0hMdnV6amdDTERsZXZfOXk1ODZ0R2RDbzlUbzctdnlPY2trMWVjZXA2U0RvZ2wtZ0tRbjAyb0hRZFByU0R2N01jOTNGRldjTnF0UVdrTlpoWUJtbFNxVVRjR3c5NHM3T0pOcDF1SU9lc1d5WTB6X0N5RWdMcVU0Z2hKNm83YnV5Z3cycWJsOVBPbDZ1ZEh6a3BFaEhtdVpkWUU3YUd5YS1NYzM5TmJPdVNlVm1rR2I1aXAyM1hrZGROTFBUci1pal9FRmdnUtIB5wFBVV95cUxOZHh0M3dyVUZ0QzRVOHJiVEtEb2J4bjFRUEJsM1RXcjd3QU1QQ3lOck11dVA0Y2ZhUlE3Nl9MZzJlRnVpUjBsRUNNcnRBdDhaTUt2RVVnekxTZ1FMekRRRnNkZkQ3THZVdTYwWnlJb05iVG5MQllTTXA0eEVJYmdZbzdWWEtYdXRaeXI4dmNqSFBHdE1mR0Rfa3FfMWhhX0hDaTAxZ3B6N3dVRVRxUXlqX25nb0ZRbDl6MURiTG5nWTlTOXkyWE1aZkRKZkpMQU5HajlZa2VUYVJWN3ZpalhVUkRVblZRMFk?oc=5,2025
2025-07-05,Three,"Three, including husband, arrested for murder of VCK councillor - The Hindu",The Hindu,https://news.google.com/rss/articles/CBMivwFBVV95cUxQNnpmRGY4OTdoTDFBSUJFTVlISU9JOVJFOTBOQW9Ja0E1aXhrUWpZcm92eG1aSU8tYXJEekhNZ0VudHlmazZuSGJ4bnJGSVFmUWs5b1Utb0JuRFdfdWlQTFNzV2xmeUdqcTEwWExmNGNuNlpFUDhtQzlDdTNvT0JOVmVWOUswRENEbXJseGw5UDY4SkpSNVoxVUxQVjlqbkFyR21lTkpaa2NNX3hINkpLeW5aN3BwRFZna3hIaFEtWdIBxgFBVV95cUxPbkJNOG1SWmluVXhJaFY0LWtHQzRVT2VVRGMzNUh0bkJuMjdZbVZKX1d6Z0N4TkF1elRoZFNnQ3BkUlhjQXVFMHIzeFYyb3Z1WHVKRUNSdVFnaXFBYjhINjRqY1lzdlFzSW13U2p5czA4VHY3Q1M4MDBPUHN4dUxmalBJNy1HcTJMazZuMnY3UTJiY2J3eVEwYkdNVmQ4NDhsdlhDbzdvX1h3S3B4SFFhdy1xYkJoRG8yd2FwZ3hZclV3QzRHR2c?oc=5,2025
2025-03-16,Chennai,"Police nab three of gang planning to kidnap, murder jeweller in Chennai - The Hindu",The Hindu,https://news.google.com/rss/articles/CBMi0AFBVV95cUxOLWNGa0FBa2NQNElXdEVBeWJkaTlZQlhnUkdvMGxyaFQ2ekpvdTFSMWVHVHloZElUSFotUHNUZlJnT1FPVDN0OEloSkpvM2ZVbWg2VGFUS1k2U0FNSUhUNXZRblpLbmVodGJKMG5mNVVqOF81UFJEM3RPeUtjeV9yLWRscW96Tll3WE84QjdqVnk3V1NaUUhSbzIyc1NBajFqWTIzMWs1eWFUT0pkN09XQ21ZZXB6YmJPMTBjQ0VKS0dfdXhGdGtVbWpIV18wOTNa0gHXAUFVX3lxTFAxNS11bUp1YjVDVlpQY2pzRU9DRDNpNVZ5N1hGaDN2cUNOUWhJQXlxWGxVZUxDY3MxNUxtN1BvNTM3WFIwYWxwSWQ0T2lkaEp4eG9uVzQ1RTNhZlpzTHpMV1g3aHNyYzdnWnJfQXc1RmpvOEhBRkw5Q05sMk5lYXRIOElDTndfYlhlWl9DZDFpeUpYNHBySmY2UXNXV2hwWW51bHFKaWtRTnE5a1p5bEJ0c3MyazdpVVducTZFbG5ac1d1cnFpRWV6R3N4YTBmOE5mSFl1Z0lz?oc=5,2025
2025-07-12,Chennai,"Driver, woman caretaker arrested for sexual assault of 16 girls at children’s home near Chennai - The Hindu",The Hindu,https://news.google.com/rss/articles/CBMi7wFBVV95cUxQM0VCaUpYTk1MTW5KNXhiLWJZdTNuS096RUJ6eWYzOWFHS28xSjAxandsZFM4SW81WFdVTjZkSEdqdEwwdjJFMDF2U21Pd0NqaXQwU0pYNGZPcmJtU0FXYU5CRWpSV3pHUng0TG80czh4R2pTbjlPOTJ1ajBkaWxvT2M4RUxFMXBOMVBOdW4xNUZsd1MyUW10dzhQazlVRi1hNzJsMjB2dTB1TkpWTjJEbUxZZ1FIaXZteHZrVVZ4eHJqNEVtS0hOVXpKbklPdUxrOXNSdVFvRzNXT21nVUlxWXFYVFBERkNpMGJuZUJRY9IB9gFBVV95cUxPWFVyTHdlSHprRXl2cE5QZ3BEVjEtZjB1RjJGOFdrMmtVRlI3SkhGQVI5NVFPdkZSeXkzRHd3blRzeG14d3NqSVdPV1c1NmZCaDRXVnA5QjM0VjQweC1wSjl4Q0xGOEoyTEllNFV3Nzdsc2Jtc3pPOFJZRGQ0ejdRdzBYd2dibk1uN05DMEFHY2JNUzAzeWlVZWtDMXJrZzFuUEJUVE5qVExGZnVFRGZtRHpTOVg1SDlKMjNHXzBDS1ZMcmVlbDM5aU95QjByWDVzR0plMkdKOE9PN2tXQlRQOXJvWndVVWx3VDZncWpNVWk0S0twWUE?oc=5,2025
2025-08-24,Chennai,Three including college student arrested in Chennai for plotting revenge murder - The Hindu,The Hindu,https://news.google.com/rss/articles/CBMi3AFBVV95cUxPbkNBcXpjOFhTUWp2LXdiYTBGU3B0RXZENHhmUnJvZmRaRHc1WnNreEhKNWNSU19HaGRzOTgzRmJKNDYyMXRpa1dROENkcGxEb2tKRVNBb0Rxb295am9LcjRpUXphSVhjaEpwdU5UaW1jNFViSERIZVFVZUFuaERzODczYmRQTnc1RGMzR25hQkQ4ZzQyVVhZSmpmWWJiZHF6NHNSU2Y0cUh4bXZZYzhtQzM4SEREeVl4ZTVjekdlLVJvTmJSeVc2U0o5OUVLRGk4RlBneGZhdmd0X0RX0gHjAUFVX3lxTE5OcjhjUmFWS0VFbkRGWF9qdDZKa3pHdmlpaEtXTlk0eHhoZnpGWDBjM2N5Z2pKVWNLUnFqT3FzYXJHRkVXNlkzMi1EVnZfX0drXy1IM0dVRTFYbGlucWc1bXJqaE52UFU5MnhPdHZfVXlDejU5dENiYWdGell0UWd6YlFCeWxlMW1oM2QybjJjSzdUTC1HRS1DODhjbmFUZFJQSDJwbnp4U2dub2pydnFCeDhzV3hGandJYTRHSy0tbWEwR1ZxM2NoRnAzTnpfZnFjUEkzYWJaZ0hkLTFpLWJKWFBv?oc=5,2025
2025-12-02,Coimbatore,Coimbatore gang-rape: Police file charge-sheet against three accused men - The Hindu,The Hindu,https://news.google.com/rss/articles/CBMi2AFBVV95cUxPdFdTRW1ZNjMxRlB4M1NQYThDMlN3TzdPdUFObUtOcWxqV3dfWkVlb1lXY0cwZ2VfRHh2ajhwTHFUUzRjbk5aaVJuazE5eWxjaFVNZ2hadHVjREtFSkw3TGR1LVZmZ0YxcGN5Mkw5ZGh6RlJEY2RCeXRYckFtVGNlRTBwei04UFBrSU9IU2gzeFljVWZiWFBCQl9xYjlvVk1FNEQ3YmtfZEZqWG9jQ0thbDFXTHRKRlpvU0h0Skx1clVUaDZmSzM3Qk1mSElrcU5scnBYNjV6OFLSAd8BQVVfeXFMTW8wVjRqZ2VnZ3JLRnNkT2pLWUgzZzRSWGVRLUxHQW9iT2Z6WjliLWd6NUxsOVVaYldkU1NJWFZPTThqWXNWd2MtUUFvUW9uRVNzUnJ0RUZCa0hpN3F0eGJNYVQxQkxLa3pxcDNUaENpalBsSGFERVRUbkY0bVVIeDJoR3FwTUo1dFpocFhWbElkY0FicGE0Q3BReHNUX0Y2ZDVVZm5Ic0N0SVFONlBMbkhZNFkxNHlPX0E3ZjVXaFhnNnRDdjNnV3ZZNXM0bk5VNjFPTGExNWpZb0w1TVhzUQ?oc=5,2025
2025-10-02,Tamil,2 Tamil Nadu Cops Dismissed From Service For Alleged Gang Rape Of Andhra Woman - NDTV,NDTV,https://news.google.com/rss/articles/CBMivAFBVV95cUxPd1J5a0thNnowREF0YnZrTDZZNl9CdnZsSEJPVXo2bWgtcG9LYU5ZNE03dFk4em1rY09RYXJUbEVEdHBvTkZFNG5uSF9DaUgwdGpTUzdnV2lldGJsTUF4bFE1U0tNbTBpenEzNDFjbnVEdnNtZW5aaTJ0R2l3ZWZwOGdyc2gtbVhzTzlrekQ2Wm5jU182Uktid1U3VUFuMFgzd0xMaHBrb0RSc1ozNy1hZ0pPOEI3bTlpUEMwddIBxAFBVV95cUxQdG5ORnAtSlNxWWp4M2tTNkkzVXprUEFmSVRVenhwWTJVV0c4VUFPMVMyTE5jdEN6azFzRm42ZWgzSkQteEYzMG00aVJnV25QTGo1dWNEc2lHNGZpajFqYzNWVXU5N3FTa2toMVdvRmRVUlhSc0hFZjl5emtTeG9fS0MzZnFELThTaTlYaUdoVmh0SlctZHdhcmdFWnEzM2ZsVngyQlpDVGMzd0Qwc1VlSGJ4dU13Z2M0cjhhOVpqTWRvRmgz?oc=5,2025
2025-04-29,Pocso,"Rape cases in TN, including those under Pocso, went up in ’24: Policy report - The New Indian Express",The New Indian Express,https://news.google.com/rss/articles/CBMi0AFBVV95cUxNVGV6c21vRmZlRERzN0E4bm5OdHhoVmhDMlhRMW5nOGRjbklZOWFzc2ktODJZUGp4OGlkV3hBV3ZLRGJtdzRmVDVaaXpOb2JvRWhka2tKd1NISExxZGZxS0RtNXFjay10cVNTUlRLTFNOLW9HaFZLc0xPS0FZY0ZzLWw2aGhnV0hlcG9CSXhRalNmTkZVNjZ3LWE0QnhmLXZrVXcxaHNUSHFXQlNsLXhhdXlLNDlNSkhtRzNDTlNLU0pzNTRTd2hhbzVPcXRpR0ox0gHeAUFVX3lxTE00S1U2ZlkyYXkybmdvOWFsUFUyN0EtSmNyOHp6ZndoZmstOXcxTURNb2JQcE5Sd1hxSEhkQU9vdkFRMU9fRHVqRDR1ZExWNWh1SFFNWFFmckRlMWxqQUhYTWhfanQtWkFGM1EyR3poNDIwNnRTMWY4UEhoOUJkYVozR3liTG9RaXp1ak95WUdTalNhRmVVUEJBYUFqeUFNX01IeTBleS1HY1hiYzBuRy15eFBDZFVtaWotZ25kRmhUdF90QnNUTzJERDZNMzFqMXNsRXVtSGE2ekdLN2xMQQ?oc=5,2025
2025-10-03,Tamil,'Took them to secluded grove': 2 Tamil Nadu cops gang rape teen in front of her elder sister; arrested - The Times of India,The Times of India,https://news.google.com/rss/articles/CBMi4gFBVV95cUxPay0wNGp6NlhRbVRLNVl6UE91NGlxeDV2Sm5vTTdZUzg5OGw4VC04Y3J4RHlPbjI1alB1X1cyaHVxc0swSWJhNy1XNE9CWkozdU5IQTcyZXBjQnpPalFLZ1h5ejl0eVhtSmNpbFRzRXRkb1RVZVFXeVp5Nzl6NGljWS1RWlhMWGItM0xmUlA2a1dSUjBuSHAyeEdmM1o5VWc0M2ZuQWljbkVlSktydTh0M3BFN2RKWGxiZWw2WHZSTFFJUld6QThLNFc5eDJDQk4yQzFlcEw4amF5WERhck9kTnl30gHnAUFVX3lxTE9XMmhTRDNaM0VTaHJWZVZXYjJ6c2VENEEyaE1YTGFfZGFMZ1BLbGRfWDJDUVhjcXVsdlV2c1RsQ0h1NnEtZmFzWnU1UnRLV05qbWpXbnVERUJFYnkyY3JSSS1xM2lZVS1sMEdJVXpNUVpNOGRVV3dOZmNPX2ZEa0RtNE51N2hfMnFjTXZ1czhLWTgwcVdhVmZnSmlSYmFwSUhKRnVWdkN3OVJJcW52ZVFGV0lsZzh3dmNIUHFnSHhhcVFWeVNOZEZESmM0clkyTlJUWEJfLTl1REgweDhDOVpMMmx5MGFJOA?oc=5,2025
2025-07-18,Tamil,Tamil Nadu Minor Rape: Five Special Teams Deployed To Track Unidentified Suspect - ETV Bharat,ETV Bharat,https://news.google.com/rss/articles/CBMiygFBVV95cUxNU2dCd2xvX3BvYlpLdW9ORTdWU3lZNkthUU0wQkNYUUp4NmwycUYzZmUtNi1BTHN1alR5MHNKVkJwbXFSYnJTT19wQnZuNDhIMHZTbUlBUk5JbU1YLVNzLVNzWWk5cW9LUGc0SmpDSDR4TWwxY1VVTEk5VnBqMmFMZnZEbG9tZmlwd3JpRGFPZkdVUUctVnlhanB6MVNjSmkzMWxRWC1tMjBlVUNVM0FYWjNnTmNOaUg0ODJKWjc5aHVCODFCMFAyLTRB0gHPAUFVX3lxTE8tRUFVNWc5aXBheDZQWjR4aXQyYl81ak1za0REREpIZUozR1VDd3JyaE1jTFJkZmxRT2lETXhqNmZ5cFdRMlRBd3NjSnV6QWY4LVJ0VVhzbk1GVURIZEVtQnU0eE5lUXV1N3hRNGNyRTRWUmxvNk1vM1AyZW9EOVFuSGQ0Y2dqZW5aTVZrS0NsVDNLNHBBQTRCLXRVMFAyUlUtUkthMnFTdTlfaWNMVHREMW9ZUzZCT0tvckE2dVBnYk1DV3h4a3gwRVRiNjZFTQ?oc=5,2025
2025-05-28,Tamil,Tamil Nadu Today | Anna University student rape case accused Gnanasekar convicted - The Hindu,The Hindu,https://news.google.com/rss/articles/CBMi4wFBVV95cUxPVVdOMkZKOEROSHdjNndZLV9EMmxFNUZpNWlFUFVBRmxLdFZGbURvZ0RzTFdBY3FjSEdIRVQ5Ym9sS1lqQlBaU1NxN21HVUVGWHlhcEhZMThKMTRmd1h1LV9YZHZSWV9IdW5Iay03Nm1ia0NoZkJiczBJOGRqNDVGaHNBOWNaNnM2NnB3ZmZFVkVSVXEtOUp0SnprUzRRUkYtU2xKM2pacTNfZDI1c0tTVF9tM1JwNkxvWVhmRmFoMXZMcE16RnBvMzFVQjRMcEI4d2tLWlV6NkMtZ2xPdmkwRGREQdIB6gFBVV95cUxOak1oM2dUNW1ITlBTZVVlQVpxUkVQazF5TkM0ZTY2MVh4MW5pZVJodWc3d3IwYUdNcHRNTmlTZVo5RE5teDJxQXRHeTRrY25Gc0U0YWJ0bEN3UEFNbW8yaURmY2tZdlc4R3RBWFdYb25ucTVKVnNSYlB2TFFSdndCTllidmVORmVQRTQ4a3Y5R1NVdHM2WTVTejkwRVdZbk1nOGRpM3FDNWtlTFNOZHF0NmFTZ0o2RUpiTUJINnlGd3g3VXNMYkpRTTZTV0dKZHgzNndLQjZzX2E0UXZaS0N2cDFkSmF6Tk9jRXc?oc=5,2025
2025-01-31,Vellore,4 Get 20-Year Jail Terms For Gang-Rape Of Doctor In Tamil Nadu's Vellore - NDTV,NDTV,https://news.google.com/rss/articles/CBMirwFBVV95cUxONWVPZHpDU2lfWVV0WjllbGFxTmJoNzE5WVRsejgzNU9zMDFnS2s5NU9WRmZ5MTJBMjU1V2RFM1JVRWhKZXZ5OVVMU1l1V0J1UFNCWWVoWmt5a2JGenlqYVluUk90UjlFMUtvVV96RW1MejZ2WHk0MnM3TURIMHlzWGRENWt1WkxTSXlaMF82SnotclY3M3l4dVFGMkk4RkoyUGVLTm1WTkxOX2FKcEU00gG3AUFVX3lxTE0tckJRRzNzODJNSUlJNmJCTlR0bEg5WUpUd2h6c3k3RFJMQzFRNHlyQTNLc1NSWDNSOVB1SnpTaU52dDhHS0JjTERZNFI4aGlrUjIzUnVBdzJCZUszenB6WjZGN3lXQXhkRG9iby1sLXZRVTM3WVBZUjVDdVo3bHg3M0kwUDNQQy1WY2JzbV9GdXN4dGdqVDhNOTRrZU9maHgxTDZMQTlpSmxEMFlYZWEwVS10ZEoyQQ?oc=5,2025
2025-01-06,Drama,High Drama In Tamil Nadu Assembly Amid Opposition Protests On Anna University Rape Case - NDTV,NDTV,https://news.google.com/rss/articles/CBMi1AFBVV95cUxQMlhZNkM0d3dzSlNMcWJPZVhTT21JUnhPdlY1eUlzWVpCalNWTER4eDJRRU83aVJ1SjFsOGxXNVFuY1B3MV8yd3JGdVBDbG96VGpXTms0Zkowd05CX3pOTUw0RkVBWnNiUEt5UmM3bUpKZjMwOTZ2YlB5SEJ1VGJlNlBEN2V4YXlXdXRHR0taeWJETVBUYkotdVJtNU9JQnVQUktjS1Y2MDdjU240VDF1WEVZQ2sxNlMtZGdGZVF0aFQwbWlydTNoQVdobEVmYm05WHM0edIB3AFBVV95cUxNMjdNeG5sREZiUmpvME5LS1Z0Nk5aTXFTazZmTTEwNVIwLXVYemtUc2kzeTFPbzJlemZ0c1VYN3FsWjdrLVV4OEpzc2k4azJ4SEJzTmtKM1VNS0ZHcHRnWTRLVkRkRlNPZHhlZnJLYVh4UU9vMzBNSHVYcFlaRzhTdElaRklIc0xrSUxjdXJSeVhSSmlQd1dCVmJwTUZQTEpiTjFsdkZUWUNNNGxLWjEtcnBLVjE1RlF0TmFQdWlIbFBEdF9nbFRqaFpnVXJQOVkwR00zT0VIUUhPQUNa?oc=5,2025
2025-01-10,Tamil,Tamil Nadu government brings in Bills to curb sexual crimes - The Hindu,The Hindu,https://news.google.com/rss/articles/CBMi4gFBVV95cUxOOVVFeEREVkplbUQ1Z1VZZzhJQk5QSGJLcl9VYjZiWEcwOEpGTDZQMTZWMHJrRjhBR09va3J3d01vcS0wOXVhT0JPdVBsOVVZcEw2SGhRLWRlNXdfdWhIVDdCSmFDcmR6dWpsWXZLNDhKSW41Q0VvQUFaNlJhRGhUaEJjdzZaMVl2dVByeHlSNVpVZEFGZmNVTmRSRk90MzR4NUU0QVc3QTlZa01CUVhPX3NaRkw5eGFuN3g1dzF3S1AwVU90Zkg1UHBDMjVqejhYMWVlRmE3SUdEMDliN2libUZ30gHoAUFVX3lxTE9HdkxxNEpnU2J4SC1EOFM1UnFVckhMU042amoxR1JHY2xKXzdXcVpyY0lWaGdhRXhCRTkxaEhOTmYxa3hNZGROYXNzVFU1S242SUdVazBVYmNhR1FPRDhtcWMwSzEzSlh1MjRMcGNYVXRrS3JYd0I1cUh3LXdiVXMtQnIzMHNoOVF6dWNqbjFnMmZfc0RPaXgwbWY5a0Y0eHlPMjJYNGFqRG9laXVJenQ1Z0ZkYVFyTHhQTEc3ZVFNejVnVHJlcFdfa3pmOXlrYlBaZlNDUHU4TkpUZWFNay1iVml1ZWtjeWg?oc=5,2025
2025-01-11,Assembly,T.N. Assembly passes Bills to prevent sexual crimes - The Hindu,The Hindu,https://news.google.com/rss/articles/CBMiuwFBVV95cUxOVTdCQVVuaGcwNzZ6RFJ2VEtZa211WU8xcWN5THNqUEgzOFRFM2NyYXFlb3g3cEJvaGxKQXFDa2ItaEszcThfT2huejlwenVCcmdIbGhXclFBTHlXNk5LQllJOE1kaFVsS0JaWWxwRWctVDhQRl93VU1VZHNkeTBoakdEY2ZUTVctaGpQUGszaTh4UUNLcmNkU3c5Wk9PXzZoVDZBNU9TakpiajB5OTU4ZDlNR3VsemJOck9V0gHCAUFVX3lxTE11ejFqYUZYVnFmdUEyd0RXelk4aldULTQxV2dkYzZKdTl4bjZhYXdBT1ctdDk1eHZ4cFF0VmJxQWRvSzlSdXRtcnBuLVczVTM5VHhGd0ZKVENPdHh0bXdlR1F5N25HTXAzYldzam1XWkItdE5ycXRucVRxTF9oSWZxeTdkX0hfWlVjeVJDUkVFZUVKektYYW5McEcwX3ktV0Z2clhBVi1fQy15RUlRaC1rQzd6TEFIWWMxUTExV3hNMERB?oc=5,2025
2025-10-29,Goondas,"Two police constables, dismissed on rape charges, booked under Goondas Act - The Hindu",The Hindu,https://news.google.com/rss/articles/CBMi2gFBVV95cUxNRGhrRXBNd2hTR0d1cW5paEVpRDZDTVJ4UDVfeGJBT0pKc2xreWltQTlfdWg2eXhBMVBQNTFEeTlsdkRvUEtXMzF2eDdEcWtMdDk1UFRZM1N0dFNXOG5ENkVPSEF0RlhYQlRTVTlDMVZPZmNCS2VPdXIyX3VIcDR6WkV3bEFpaER2aGd2Sm9neUpEdmw1dFdfRG94ZEx1TmV5U2o4MGdKcmFVaUhQWjloMnJEN2FCem5INFJVWmRCN0tnODVxLWZDSE1KZTBjZWRBYzAxbE90VkVjZ9IB4AFBVV95cUxPXzZkMk5TMEhVbC1PWlQ3WW9wQXl4Z0lWSVJXaXpjUUxNalViYVRsNTZBSXVLcHlGeGdOMVQydGl1bVNBazF3Q0owdUVhR2F2YkJJS2dUanlvanoxdVl4N3phSDktRjh2ME1BUzRoVmNGRUFfLXhVd2tVQlA2eGpFNjNfN1F0VEVzd0pEZVRKanpLa0R3YXB1SzFyNmQ1RXIzNUlKVVNwTmw2eEd4elpKREcySU5Fb2N4NEtvZGVPeDRDbUR6TjhOQVR6OHBjUllVZ01LR21xTEJPLUpEbjEtMw?oc=5,2025
2025-11-06,Coimbatore,Coimbatore gang-rape case: Investigation team races against time to file charge sheet - The Hindu,The Hindu,https://news.google.com/rss/articles/CBMi7AFBVV95cUxPdzhMNlQ1Qmp2UWZIMDdUTGE5Zmw5SE9oZTZNU1JDWjhOUnJhX0VCcTVXUEY3TVZVNHdiRUF0SWV2OURmRUthRlVQbkR5OTlwQTdLelVNMS15ajRIYV9yVjBsTThzOFctUlBmcXZ5QVhsUU5Nc1RSUTd4NmpOY0hYbU5KUEhDZ1hXTnB3bzJWclZVTHZTdk92b1MzYnFudHlPOVpGSy1HMTl4OXRRNmhrSjV5SnBiOHZ1RkNMWmpsdk1oQkQ0Zm8xcDBPYURCbG9hVGJOUmxfdl9mTW9CS2wwaDVIYnp1R3NsUG01edIB8wFBVV95cUxPRDVtbkE5MjJpbmZMVGFRVHkyVnZMTXlGTzZWVzFiTUpaV3BCd05GRmg5aGd6OWkzZXJ2c3lzeEtsYUxrSTFCbXFYdmVLQlREcXo3c1U4dnNNekxiSFJFU1Z0QmI2N3VCOURfUmRONm12a3ZfWk9weGI3ekd5SVRYUHFKX3lKcmlhMEtjcngwVWhXZXBhbmFVd3F6TjZUT2hCdldKdlpFUXhDUks2N0dPMzRhaEJYU0twMHp6c0phd2lDSkJpT2QxSGNwTjlULVkxdG42M3NTdmdHSjZGeUdOemRKUjNnQm5zQ0hFMDRIWjhSSWs?oc=5,2025
2025-12-10,Coimbatore,Coimbatore gang-rape: Three accused men given copies of charge-sheet - The Hindu,The Hindu,https://news.google.com/rss/articles/CBMi0wFBVV95cUxQSF9IZHkwUXAxc0d4Y0Y1RW5XZXJCQ3RJOUJHNUptUUxWODZYcWNWaHJZX1gzX00tOFljc2NhUjRVUmNSQXQ2UG1xMTFYdHc5V2JITUI5TXowOEtaNi1QczhfRFpBVDhNY050QmE3WVhEd3NQellUQXVWRlpMM2FqQ0hORUxqMVZuR0xMWnpoUjYxSkZfZEdIbG1FaTlYcDVud3BWOFZPZjc0S3M1YTk2ZENwSlMwRjUxSHdwaVk1S2d4Vm9nU09wSzE4YkNyR0lIUE1z0gHaAUFVX3lxTE1VcUIxclpaRmVLeUZRd0VDOWUzamwweWdyN0ZkdDltVTF5UEh4bzBfX1ZVMTVXTUhDMENhbjJldVRDY1ZlN1lCSFV4dkxVbFFJTHZQR0ljanQ3UWNLdkhHTGhET2RtcFBPN1ZDa0UwMnpGY0kwc1dlcVh1b3RrR2c4WHFzd2l1LWE2TmJadVplbjFfb2o2SlUtS24xQk1zaEtaWDdNbXZFOGZ5VWtlTlAwcmpINDY5aXRVZWZRdU4wOXhVLXlzR2tBYjBmVFpsNE5tU0NwWmtMTGdR?oc=5,2025
2025-02-07,Crimes,Crimes against women in Tamil Nadu: Edappadi Palaniswami criticises DMK government - The Hindu,The Hindu,https://news.google.com/rss/articles/CBMi8gFBVV95cUxQbXNKT1Z5SlF5UHR0QVNQZEVGQmo3WjQ4UTRBNFBJSE0tNFIzejFhTGstRktucFoydVdGRmpFcklMWXdOdWpWQUxoTFJ2NWc2VGIxd0txandwRERRWHFmX1piaFk1N0dvMkxFWWdwYkdMbmxwdmZlSUNGY1hXWWtHN0RFcXRPYUxwemxTeHZmdDRuVXNMREVpN0hmWkJHemtCcm9PTXAwODNqdzNqTjdyalNEQm0yOWZ6VkxCdFYtZk5lM2U2cEI4eEk2S3pnVWdjaThXeG9NMzFJNC1MaTV0UTRSVDMtYTBTM1EzR0VKS3RKZ9IB-AFBVV95cUxPT1k2TE52Tk1ZRTBhd0ZNNDJ2em96YkpVeEJ1TGdvSHVEVk4yYlYzalpHTGFIWTRTN3ozUmtCVmhTZTZBNDBlWGNvRWl6R2pfejZkdV9iYy1yeGV0ZzR5MHZ4ZGM0SmpSZkNjQlVkMk1fbW80TWRxNDR4cmQ3eG9GRmJER2tDUXFhd2JJdk5Fa2lXdDZ1djRGYUZKNVgwdUxOLU5oX2RQTDlBdGdVbkJxa2ZJS1dTSFlwSGVpd014S3ZUYlBxLXFrVnlKcWpkMXVUUWpCTG5scnJXMUFMbEtTNTRXSW1QZ0FQdnk4ZTlYTnZ2UHF3SUQwNA?oc=5,2025
2025-11-05,Coimbatore,Coimbatore gang rape: Survivor scaled compound wall of house for refuge; neighbourhood families show support - The Hindu,The Hindu,https://news.google.com/rss/articles/CBMi0gFBVV95cUxNaUkxQi1tMGREcmUwRzdsM3RCMS1TUlY2WDE1OWZ6QTFmMTRweXZBaU1laHpVUzEtWXhJVldSaHNuc1JXazY2azFqU2dMU3I5OVpMU2Z6LVQ1ZlVjeUR6MkZqdGM3WWxUajhOVDhiYU13X2NHUTUyenBhWklCUUhWLW9MMzVlaDNyUnd2TWJWdUpNcGUzNDZMc09LZG1IQnZRbWdkRHdBRzNHNGJLSnNWWEJnYnNCTzZZSzdEV0o3TUlUV3h0ZWp4Yk5DT3ZwbjFTcWfSAdgBQVVfeXFMTk1RNlNicEFVTkJGWlNEY05scUJBeExFek5icDhuYkJEMzY1RjUxVkRUdkREMDd4Vko5bjlVNEc0WHhlYldFQ0VSaWtFM0NIcGZtTEJuRGNRNUpaZ3Y4S1RhZWlLY01Tb3ppOEg4TDJXSXVxMGs1aEFOQnpSc0ZhTWFyNThQSVB4b3lsdS1maHdzUHJtaGtHS2ZsREN6V0hiVWtOcUZ2eDlEaE1pT3BJS0hWak11V00zeDBJSFZvZGpDNVNVc0U2WVg1NDBRMFNiVjMtV3AxNXo1?oc=5,2025
2025-11-04,Coimbatore,Coimbatore gang rape: Police arrest three men after shooting them in legs - The Hindu,The Hindu,https://news.google.com/rss/articles/CBMi6wFBVV95cUxQZ0tTS3JFRUZPQ0xrZGdRejR3Y3JwVGw0dmg1dE8xVEN2bVpnWVliR1lDUHpsWnYyc0FVdDdHb1pFMVZDamllUVZuZlYxSFBSUW5fcFlfZFFNSXR6enJwbzFZYkF0RlpYYzZrdFlRS0djLTJoMWVlOVRUWWtqbEFSVXg0bTZTWXJXWkVWUWZaNTlidnNCUVNsdVNVTmlQQWRMWV9LVnN6Sk1tWnU4WGw2STl1NVhQTXVYNjd6QVZvNmdtdkxIYkhCd1NzamRSUXJXX2hHNi12NFZ2ZW5udm1SQVVXdVRMbTJoNUpv0gHyAUFVX3lxTE9USGNhUlNMb1haTlJ2dDRoZ015TUpEcjAzamduUU96Z3c4cjdwQ1BRWjZ4ZjVwRzF0cGF2TG01M1Z0OEZBaWc2Y19WbFpqRUx3SmhTcGx3OHl6ajVnU09nSElJbU92QW1KRE0wQy11d1lrcnpEelNNb0hOdGEzeUpvWmZxX2wwbEJPMk1YU1NXYWppOWZESUlfd1I5SjRycDI4WVcxYWpPQ05HMkM5cVNsWkRscDhtalZjLXFFSEVlUUZrN181VGpuVTNLbkg4Y3BVUVpJMXFBRXh2VmxKNVFKUlRBankzUnpsdjNySTlXSHdn?oc=5,2025
2025-12-18,Coimbatore,Coimbatore gang-rape case accused arrested for herder’s murder - The Hindu,The Hindu,https://news.google.com/rss/articles/CBMiyAFBVV95cUxNOGxRRWxsRFdvYWx3N01aWmxNR014YUQzYWFTZzdkT3gtcGJmNVRuSTAta1BzYmVydUdtbGlNZ3dDRi1pNkFZX2RyTExZLXN3VFJxYmI2dEJreWdkMTIzTVBIcE1pM3hBYjFUNndOMnB3elJKNmRFakhueVA2N0xKY0JiMlloVTZaWHhySjZCZTdzRTBlM2stX3dySjRVczkzVERVc01KSW5iZkVjT3lIS05ybWdldGJtVFhxRG8ybE9xZWQwYWs3ZtIBzwFBVV95cUxQdTJLVWNrVFVLazBJaUpaTHBTaXJxVzdCNWdnanZfczFGR2l4QUZoWWV3ZUNmOTF2Z0trZHNvVWpZdVBTV0dncHd5MmZjWERSUk1IWGVLdkdvUUpUQkp4S2ZzaWpwRk5Tc2lsY3RlUWp3aVdlLTJ5bWNTZ2I5dmVnLVdKVk1Od0lUd1c2T0tvS3FZUDR4Q2hHT0JKWjBMc0dIVHBXWkwtTXlBam05ZVRKNkxnbXVSRmMyeHZGelp1MXpINUwydkFERGZBbnNPNUk?oc=5,2025
2025-11-03,Coimbatore,20-year-old college student allegedly gang-raped in Coimbatore - The Hindu,The Hindu,https://news.google.com/rss/articles/CBMivwFBVV95cUxPSmdQNVBBYUpGN29yNEhTcExFa01LYzZoQTBwVVROVldvd2JONHI4a3N6cGhZLVBmaFQzQm45bjdEQ2dOMk5oU0pzVk9YNTVwS0NIYnF1RHEyWEMwOEwxVW1CSTZEcC1YaHJwYmdxd1RBNzN6R00wWVhRVFpTNVVnYmVqQVgzdkozR2JINlpNMUR2aWdIUjd6WkdSelNJcTdRN3gyYzJwSVRaRW1RZzlIOVh6Zk1KQjhKbFhtWkNfc9IBxgFBVV95cUxQeU5UWWN5aTYtR3FyekxoSGZGdmZoM21mNTYzUUFRdDNmX3FmM3luX05Nd010MkZCY0h0U2ZFNmxteF9ib1B3T0tYNTdqaUNJYTNVeHcwc0xrR3ZfVDMzUE9tV05sMUROVEZSbDhLWmlkTzNyODRyWWRKWmVWLXItQ3ZQVThKcmNvYUhQNm9kVmpwbUIyV0tGUjZRVnhsMjlzMklNWVpyczNXVWkwWWVlQ0JMbjVxdTB0VEtLZHNiZVptall3LVE?oc=5,2025
2025-09-28,Vijay,Vijay rally crush: At least 39 killed at political event in Tamil Nadu - BBC,BBC,https://news.google.com/rss/articles/CBMiWkFVX3lxTE5CdWZXNmp6a3ZWbDhUTldBUzNLWkJQLWREX0JJazV0b0IzU3dCZ2ZTNUI1UHprQUgzU2JzVnpPSTRqUHlqSEl1U3pKNHFfVy16elRjZkc1elZVQQ?oc=5,2025
2025-08-06,Armstrong,Armstrong murder: Madras High Court quashes detention of 17 accused under Goondas Act - The Hindu,The Hindu,https://news.google.com/rss/articles/CBMi6gFBVV95cUxQX3M2NzBEajF5eFRHY3ZPX3NkMkxYczdNNlVaWnFHY2p2dlBSb1FRTG1ENDhWWWpRMmZHbmNUV2k2RmV1aWxDZlRTMkJyX1pGejB6ZDloVGlZZEtBd2xYcklwYkwzeDBGR0xRV21oT0RreHF1aXFiY1oxUVQxbmprMHhDc3ZDb0V0UnVzbkhHS1NHUHEyNFFUd2FnLWpuaXB2aW9hU1RkQ3F1aFY3UVQ1S0dzeXl5eTZ1SW9NWm5jc3dTdy1PWktpYnp2dDRwUFFTMFh3dG9wRlRaQ0t4Q2ZBZ2s1d2RyYk5yMFHSAfABQVVfeXFMTWdTRVpQQVdZUkZpYUJEYS1SQ25iX1hkMjVLc0FsZXpDejJVNFRFdmV5ekg5QWwyUmx5YmcwNkROVWxTWGdoWmRpbjl1dV9CNGVlaHdhbEd0bmRubDBoc3JDbzBHTEItMXM2dlZWTnBpSzA5T3RKVWNuTzFMUlpyMXRHRm9EalJ1RVZDYjNBaEVCUEU2OUNoQ0RBWE40bnBrNWlCQ0NvUm1RTXpIOVhuYjNkOFVOa2JQN3N2ZjY4TlV2dnZuOG5LX3YtMTRsNWExNlUtYTdPazAzZ3Zzc014eE9oYXI3Z0FTZTZza0EyNnZx?oc=5,2025
2025-08-07,Tamil,"Tamil Nadu Cop Hacked To Death. 3 Days Later, Accused Killed In Encounter - NDTV",NDTV,https://news.google.com/rss/articles/CBMisAFBVV95cUxPUnpSbHpjeDJLN1cydHoxUERCbHRCbXhXTXgyQ2dUWnc1a0QwZVZPcFhDR2VOeWQwOFhlUE9qQ053MVIwR0ZzQTdaQlZuM0ttMUFRZkFqV3hNVV9obGxzZmtvT2didE04cjhQMG9URW90SWdtV21qMThBcTZ2TmZvdlp1ZHJvZVViYnBvd2xJYjFlTzlJRjczaFVHUU5BcVhDVFZmc0swTVVnekVNR3FoN9IBuAFBVV95cUxOSW96ZklXTFFOQi1neGkwOHJReXN5MS15X2ZGSTVoWmk4UWd4SmRuT2d3SG1KWjRjMlZSMlpjdVhPX2kxTC1hSFY2TkhtUXdGZHBKd3NtVndCMVRSb2wwNEJOc2JzZHEwOThKbEhELWxuX2s0azlud2UtVE1hX3Z4THVpbE9fcEJKUnlIRDJRTVVCYm1sdUFIRUdIbFUteEJ5bjNDaXc3aXVHVjZWbDRFOHMwQTFKM1Fy?oc=5,2025
2025-09-17,Youth,Youth hacked to death in Tamil Nadu by lover’s relatives - The Times of India,The Times of India,https://news.google.com/rss/articles/CBMitgFBVV95cUxPLUF4MFlUeFV5WEM4SXVUbmptSXlKX1dvc2V4YWhMYjdXSk0wY0VJWE1EenhwbjRFaXRVSGh1XzFZVHZJdzZLYUxXT1g1ZDV6b2gwbF94RmliOEZrUWV6R3ZOVG5LbXJqNERlTlh2blBiUWNaTC12UWpScmMyQmo2Q0lvaUwxOWNLUmpyNjEtMlFSWnBraVdpNkxKYWVhYXRkNG1TbmdQMVNkSEtZajBtcTBzN0llQdIBuwFBVV95cUxPLW94T0tkdnowX2dWNVZISVZKaktZMU1mcmlxMy11Tlo5N2RqM3VsNnp5a1J3bE5KUHBYYTJKQnJyUWxHNDZwVlNSTlhsOXRHVTAtTkY1eFkzWVB6VERRM28tZFQxTnpEVTNOTTg4M1FwY2Q0NGNlbEI2WFdsR0xJanpvVERfLXhMeUp6d3pWLW1qd1g2Nll5X05ZRVVNVnVOOWFCTHl0Wm9YOHVNM0x2UE04dlYtdEs5dlB3?oc=5,2025
2025-08-21,Tamil,NIA arrests one more accused in 2019 Tamil Nadu Ramalingam murder case - ThePrint,ThePrint,https://news.google.com/rss/articles/CBMiqAFBVV95cUxOUUZFazNCUHFzM21HekRZYmJMek5naWMzcnlPREFaRGdYMmh3alZaUVIyV25xRnJkWDVIUEQ5ai1TMU1lWHBBUHJHVFA5SGtLNkFVQklfcC01N3RkLWVWOUNMUThYbVNRS090RUI1alVUS3ZrdkJybzZ1dUZhajNSTDR6aGFYbjhsV1A2LWVYSTI5MU9wYVVUQW1RcDVzaUZPQXc3cmlia3fSAa4BQVVfeXFMT2JaQXJ2VHBQRzlyc2x2SlNlbkNnWXh1dndUblFuLTlrMFhtb2RFdmJkZ0NZVVF6cEhzU2RMYWg2SmpqeTlXeUFvVjU5b3pScWk4SFlsNnUtaXdHYWlGc18tQVZaWFppUVV3emxTU1ExRWFTb0U4QUdNczdLNDBYa2R3WWhjeDRCcjhaX0tuamtVZ3RZQWVnRUVEWHUta3BxMTZLOXB4eEpNM1VDVWtn?oc=5,2025
2025-12-04,Government,"Government lawyer murdered in suspected land dispute in Tamil Nadu, EPS slams DMK - India Today",India Today,https://news.google.com/rss/articles/CBMi1AFBVV95cUxQNEJuaU1ST2xDT1hlRVhQQTdMdzRXMEprbFZIeTBvQ0lMSFRONTdtVzNqTnFWeTR6YzIzcVdocThlTFR0V00tQ0dzZWlDRGJLaS1zaUlkUUNYNm5ZZ2F1NF9rYnRTdTYyUDNjV25nTkdxQ3N0MHI0U2xyMnUyeF9pdXN5RUxQT0Z6aFczeEpZSDMwakhuLWdOMnkxaXBSclJoZmMzYkdrZ1dwZEl2bDRNZGplOTFhUXJpRGxQZEpkV3VoMlhaVlBoekM2eVFDWFR4SG1tVtIB2gFBVV95cUxPMjdJT1BQajc4SnpJeld3ZHhPYTQtaWtGY2lkNVljalBqV1luaEtUbVotU2R6YWJRRzJvNmt2Nm5Bd2xCVkVGYnlwUjF0Q1RWYzRjM1U2SXJ2RWQxTk9RVGR2QjU4ZzljZmV0bXkxQXdRbVdnaS1TaUthc3dXNUw3Q1FqUm5oVXJORlprblhzRXVLZUdsMldHbi14cVI5UVV4RWlPUGJIX0dRTmZRNFRFVDRNZEgyZ2hUbk9xWGQ4eXZHeVQ0VmxnWHhQbkJOM3hQRzlCaG0xMTVhZw?oc=5,2025
2025-08-06,Tamil,Why Tamil Nadu Leads in Inter-Caste Marriage Killings Despite Progressive Claims - Frontline Magazine,Frontline Magazine,https://news.google.com/rss/articles/CBMipAFBVV95cUxQUmVTbmFJWW43OExiUFVWRHZ5RlAtejdzQXlKVHpHMTB2YlhRY2lZOERVR0dVV0xGRXdHLXhleC1hTjVZc2hfcDB4RzVJalhOcGpyVE85ZmZRVFNwRG8wbEkxMUxjMTNpdDFzTzRQQ3cwRDllcG42SFp3c0RYZk5CTFc3djJHbXY4aG55R3lBeTdGdGpKdE11VHJJWHpKUEZpVUt6ddIBqwFBVV95cUxQRld5TEVrZTB2YjdXWVJDV0d2cm5LMnFFTTlMaFlIai04Z3I5ZjR1bndZMXF4LVRsQUpncERHc3VLcFBzSDFpY0FVSTBEZ3lGUEhRQ2hldkZLSHNPRzJxODc2am5vZXRGVlUzamtmQXl6TXhTUWhXckVTYk5zVzUxdFVPRTA2Q2dSQnVtVldJMTB6SHMyN2IxUXhURU5GdENUR3Jkel8yMDFMNW8?oc=5,2025
2025-10-14,Tamil,"Tamil Nadu Man, 24, Hacked To Death By Father-In-Law 3 Months After Wedding - NDTV",NDTV,https://news.google.com/rss/articles/CBMiugFBVV95cUxNNU0tLVFmMzVuWEo4TGxZYUZZOFRYLUJuVHhKVXJPemZxUklUUGJBaWVhZWR4NThXejBrMEpQQkFPd0c4V20xd3Y0eHZzX1FEM2lYdzdLZDB1UkUtOHcxYnFxNWhIRDZoSjliX3h3cklfYmI0eGNydnphQ2w5MzNnS1JPaVJLV0I1U0Zray05bDB2aVF5a2lncXhSckZscmpKUXpBUTh1dE9mNC1mVGJKT2ZEb0tkbFMxY3fSAcIBQVVfeXFMT3dNbWxTU1lwTVR1NGV1M0lrX0ZjVUhRamZYcjhXaEtIWHVLYzNEcjNRV1RuakQ1N3ExcHdsb1lmNDV3QVRYY0JqWVg5ekpLYTBIQTlLaFc2RFpjUzh4c2haSzlYUU5KUE05dmkyUG5RTFprVTVGUUhlVFNieUp6SHpRSHZqM3Zfdms5dDBuMHh3SUtNVHJGclRzMVAzaUN1d3JKRGx5OGl5WHZPT2JzejZCSEZmaVkzWUh5QUxBMlVuOGc?oc=5,2025
2025-08-05,Anatomy,Anatomy of Dalit engineer Kavin Selvaganesh’s murder in Tamil Nadu. And what followed - ThePrint,ThePrint,https://news.google.com/rss/articles/CBMirgFBVV95cUxPRDlGbVpGX1ZUY2NLN2NncHRFdkxFNjNhZ25BWGluWVJpZk1XWl9fT3c2OXVaZjJRWDZxOVRLYTdjczMweDhDZTZ5ZzRlODZ3M0VYZHIybEJIdms2STVkam5TckZFVlFzaGEtcE9QMWtpNkNESl8yc212dTA5WXEwc2J1ZkQ3NkhWTmtVbk1fV1pXR1VlM0E0NTZ1c2Yyc216U0cwbm44TENoU3V2UWfSAbMBQVVfeXFMTWxnLXJkNi1HQ095dGNaVWFwQzRSc3Y2T0VZSmRXUjhpTVBxdnc0SGN5bHJ5VkFlOWozN1UzbDljSXVPaWxsZWlKc0ZuYkp5Z2FaRUlTTW9Pc1JtNHVEdlp5bzM3LUFMRjdzMUg2VHZDWUFDVW9kVU9uVEphUFo3OXNhZE1pV2kyQmxRTnkzU0JYZU15Mm1hY3dlWkRpVnBKd3o5Sl8wZTJRSEhmWTdPMkEtNnM?oc=5,2025
2025-08-29,Tamil,"Tamil Nadu BJP functionary beaten to death by gang of men, accused on the run - India Today",India Today,https://news.google.com/rss/articles/CBMi0wFBVV95cUxNLWFDRDE1NEZXMERGVUR4NnFCYVF2Y19hMnRLTlRYVmpUQVdCaGQ2cjBPMEVaZWxEaUVwdEtwU2FtTVRSZ3FkelVUNklnaVJNRGE0N2pYb2pTRkxUeEtFNkRZTVIzekFYVzVUcUlUOGhLX3hhYnZMNC0wSXVUM0QtZzhMN1NGdlR2c244RTQ5Nk80MER2NGN4R2pzY002X21meHB5ZUhoWjA0Q3BOZjQ2c0pVWDBsODdxeGRSMzVqeHM1RExBOEMtbGVBdlhfcnNQRlFV0gHYAUFVX3lxTE44RHBURjdMT3hDLWxsdG5DblJ5MEp4N2F3MURQUWtEeDhsOTdIcnJXREdiUnp0SHdEa1NYQ3o4YXZjLTFIQ19wLVlISDg3alJFcVoxUWpjb2pPbHgtOUE5SmtlMlg0ZHFXYlQ1dGM2cm5RYWkxbkxuaGpnRkk4NjlGSzdsTFlJR0xVUUtSNTRfTXBOS01PWGxkVEZNSng3UWRzVWQxOTU3UXc1T3VzbGJyVGJfdW8waEhPRzZtZXJ6a1lnWkZJUzItRTgyNG5yVnppOHllT2tHXw?oc=5,2025
2025-11-03,Tamil,Tamil Nadu Man Murders Partner. She Had Asked Him To Marry Her - NDTV,NDTV,https://news.google.com/rss/articles/CBMirAFBVV95cUxOcHktTU5OUXFFMWZPSnk1TVlQckxnS2g3azFSRGVLNGFBUm5oaDRIZnc5OVNCUExhdTNpb25nVHUwT3lURWwwalhDWkZJSHFUT1ZMZzBGQjJvVzRzcFB5ZTdUdlMtQmJvY0MzMkVVMHVWeUFfcHFxbVViVUl5cENlNHdSWUJTT3hZbURaZ0VsNE1LdTMyS0cyM0xpOFN4V1QyMTZKQThSdnVUVGo10gG0AUFVX3lxTE5zNHJ2WVVEVUFvbVN4VDlkRC05UHh3OFN1ZndlWl9iMHFFYjc2UWpXVS1hcDZONWhhYk9BWjBQalloSVNIdWZFRGt1NEpmdFZuZFpXTmpmalJUTnM1UGY3Xy1FblJBYW00c3NwdlowaEhwRDdPQ19ON084OEVSTkJ2dzJ3QU9MWDRZRW8zNUJTSEJCU2NNbnR1YnVSRU9MdXdkcGx4dEZtbDJ0YnJRdkt1cC05Rg?oc=5,2025
2025-10-22,Three,"Top news of the day: Three killed in wall collapse as torrential rains lash Tamil Nadu; Olympic medallist Neeraj Chopra conferred rank of Lieutenant Colonel, and more - The Hindu",The Hindu,https://news.google.com/rss/articles/CBMijgFBVV95cUxPVVBXTjdUc2R3azhFSjdfSXRSSzZueDR4ZU9BZ1FJTnNqVnk5dW5FbVYtX0hXVXpDZ19WWXd4dE5OZHZvX2dTbGlWTjdSNXlaNERoRXRQak1hZmcwY3JlWTh2Z2pXTDU1Z05MZGw4bXd2Q2hjSWFYckY2QnFwN0pHYUMxdVU5b0ZmWGc1aC1n0gGUAUFVX3lxTFBkWnBINGRQbGdOMkQ3VjM3dG1uWG94dl96dy1qdl9tLUNqbTN3N1l5ZTFWdllJUkZuNEJDMVVmcTRmOTZoenJEZ1Y4bldqMDdyWEZiejllRXU5TnFWdDJVMFRyZXNUS0pDUzVzS2lqN2h0X1F2eW1oS2VzMW1kcDBhNUF3NXhvZUpwRFgxSEFWRHVqbU8?oc=5,2025
2025-11-24,Tamil,Tamil Nadu Today newsletter: Bawaria gang trio sentenced to life in 2005 MLA murder case - The Hindu,The Hindu,https://news.google.com/rss/articles/CBMihAJBVV95cUxNLUZBYTJoYjhEVFlOV1h2STRyZ1hPQ0ZUbzFydk9zcFJ2eUl5RzBvamdRLXlqLW5oaVVHQW5heE5QNmFNd0dGWHZydHFxX3VNMVE4NDVUdTFqbmltWWNUQ09yTnpBdG5zbXdBdkVuOU84akNRTndyTlNqdmI2VFdRZU9TOGxaZlhwcDNkNXkyYUNTQ3dQd1ZkbVkwbzhNVXVQVU91WTZxZ0tieV8xSko3RkM1WEpXdDZDdlh1WEgxUUVWQ1hPZ0diUnVsV3ViZWZ6R216ZDJkWmNxVG05TV9lN210VHJYZThpZkZ6eUVRMmhrQXdyMktIQlRzTWJITnR6QjZncNIBiwJBVV95cUxPamFZUm1MSUE5UWNBOVJzbFU2aHJvZ2daR3JHa0phRUd6cjU2OEZWRkRrOXFQOTVsdTJWS2duaC1RMHg3Ql9SbXJqNHFoZ2RzcHhueGZ5VllhLXFmZjVCWjlrNExoWVpSdU5nV3ktcmFEMW9UUFFCeWFZMDR0QlB3TFgwbnNGeDBsb0sxUGRwZ0Zfa3d4NWtXTGxac05qNW5BYkt4YTRFaHFVQ0ZKVHRXZGpIbjNER1Z1MHVkaVVGdDhuQkliTDNDMUdvODVyV3VldG9ZcXpIbVUtcHZZSXFDZDRBaFVSN3NKRUl3dGRzanZ4UmlBelUtNUE2R0pYbjhqMzBnWGFIZkJlV1E?oc=5,2025
2025-10-16,Women,4 Women Working In Field Killed In Lightning Strike In Tamil Nadu - NDTV,NDTV,https://news.google.com/rss/articles/CBMiqAFBVV95cUxNRE1fb2FweC1mellFSWZFd2R0T3NTM3lVdHRZbG1yeC1NODdzUFRSSzNmQ0N2cG1aUDh4ODNxRS1tNEFVUzJuREdzUWlDdjlBcnJkX0dqbF9hbWIyOVYtc1pzYzVjQ0c3ZkJ3ekZjd3VobnNCVDFYZmZLUG1iNEh2VlpYYk1XTXJrSUMtZzkyLWtmMXBDTXhCRUtiT2lxOVRCOUFtcnd0V27SAbABQVVfeXFMUHZGOXk4RHFoZW9hVndUSXI0T0NrNVFHb1FlREpXdTJpNXA2TE5ON1Y4Ymp4N2ZLSGhqckhNVjBVeUFUTl9jNG5SVm94NUc2VWIyREVxOXdNRFc3aDF1anJYSXh1cGRoaEtBd1pfNmMzNW5fYVNUUnZqempLdVJBU1dNNFV1RlVVd3lGRGNyeUQ0azZuamd3amt3NnpGd2tnMmFQaW93SWcyT2hxUUtJSXE?oc=5,2025
2025-11-30,Bawaria,Bawaria gang and the 2005 murder of an AIADMK MLA in Tamil Nadu - The Hindu,The Hindu,https://news.google.com/rss/articles/CBMixgFBVV95cUxQWTFYWWdTbFVVRmtBY1FKUWgyS3RaWl9UVGY2dmc2ZExmdjRVeVh0MW9qS2liYXZMUkpWeGhabWdnbFB2OFhoSzhjZ3Q3UFN2SXNKcUNZdVA3ek1pR05SVTRHNlNMOWtTX21kVk9ub0NwYXBwXzBPZ3BJb09aNFdnekJQTkpQNkFPQVF2U2N2UlZ1X1RaSFFDbGlvdERMNnhyYWtUQzM1RnE3U1Q5UWZKNnczSmU2dWZpR3NTR2pjWmNUUzYwTWfSAcwBQVVfeXFMTWlNRThITk50WWx0b2U0RkYtT3RidFNWclFhbVpxb1lkUHB6LVRvWm5BTkJfSUo4amtmSGFGcjNlMGdPSVJ4V2VZUTB6YnU2TWRkWDAyaFBtc3RZb29oZDhaTW5YZUF6S19KXzZuS3lON1BmR2dPekZEUFo0OGhtRHpZUkRIMU9ic1JYWDU2dFRvalNQUHhZeTEzblc4bUdFeWl5TC1OS2tBN0F2alk4Yy1aNk11VU9WOHo4TGtrRGNzOS1GbW1kMElWRHRI?oc=5,2025
2025-09-11,Tamil,"Tamil Nadu Man Beheads Wife, Her Alleged Partner, Surrenders With Severed Heads - NDTV",NDTV,https://news.google.com/rss/articles/CBMivwFBVV95cUxQNmlrZFlheHk2aW9hOFVwNkxKbG43OWhTRjJDTDNSTW5rUm9FS0pCYXVxUDlLWWYwcXZNVUhnanVnNUE3M2RCMmp0cDJTc0pEUTRlZk85SDNfT1dvZWtCQy1ldDJ0aUdyaVFQbl9XZlRUVWZtSDdWWEdXenpOdWh4NW1KTm53NUNsNC0zVG9oU0lxYk9rSFg5MnI0TkhlYk9lZXprUElwTHRhNWd2OWg2MXZkaDZCTk9CSWEzWTZIa9IBxwFBVV95cUxQMGxoZl92dXF5RW5ldURkaHZDc2dicnlHbnRGRXM0SWMyOS1rY0d3ejB3NURIZWVRcDdrYkt0aTFsR29wdjFFUFlYcVBRdkJjT3lmNUNIQ0FZUHdjWXNSM1l5R0FpSnlURURGZVd4NFZLUlN3TW9QemtTVzE5MGxhVXhmRDM5Mm9WVUJ2MHoxNmx5ZWVZRFRGdTcxZkwyMUR0ckc0cV9MVEd6Yl9FS1RWQkwybTRfYU9HejhnMU5BcUgyaHRpTXhj?oc=5,2025
2025-12-26,Kotagiri,Two men killed as unauthorised well caves in at Kil Kotagiri in Tamil Nadu - The Hindu,The Hindu,https://news.google.com/rss/articles/CBMi2gFBVV95cUxPaG01OURWWkFTT1FIYl9yT1BLUV9xN0k4Sk00ZGVEVE5kaS1qTTRxU2NIdUswNU9GMXRaNGNfVC1McXFBMWVBYjdJVkdCa1JLdGQybUVwMm1FUFBzX05hR0JFaUlXX2tzWDVQc0pTNFFvYjBmNWJ1QWcwUHZJNXZ1ZllBOTZRVUt6REF6Q0VmbHVaQzhtMDZoNnE2M0o0ZnBxWDBoY00zNVd5eTh3UW5uaW5mTDJORGNMVTJVUWdzS2NwWTNSUFE1YzNVbHpkeFVlWGlERWRLMmRId9IB4AFBVV95cUxON2RCQzlfQW9sRTNxX1RFWDQxZF9POGVKTXpib2V1Qm9wVWRrQUp0RVhBamdfeWlMSTBYRGZ0OEpLVHdyMVpkOEJPUVNXN1k3WVFESnZqaWoweU14OE00Y0dqd2RFLTFGemF2MndJY0QzLUdmLVJUZk4tVm85bTZlNzRRR1NyYXozS3ZSRHdOTVRXM20tajdveldxOXE3RkNzaEtoNXMtQnA0R3pBaXdSRUV0QnFJenNJTmZubVZrRXN0UEJLQ3hNUVYyVldBOVhCTVgyWkwwNDkzLTYyR2prSg?oc=5,2025
2025-11-11,Security,Two Security Guards Killed During Temple Robbery Attempt In Tamil Nadu's Virudhunagar - NDTV,NDTV,https://news.google.com/rss/articles/CBMiwgFBVV95cUxOaTBiOGhFMmtpN0RJNENET04xeVFodmFNT1pvYm1aeHdfNTAxcjRSM0lRM2RsZFNvS2RHWE1lSURhMWJzV2xpVTNWdk9UeEdjcnJnSDE0cWpiN190Q1M0RlZyYXFZMS13STNBSnh5OG5ncVJYSENoTkV4ZmJVOEQzWGFGdF9OeTVnQzNCVXIzQ3N1ZUxjYmZQdjZOdlhZMjdqSEluMnd6aTJ4dWZneENyU2x3SEN4U1ZzWndFS2kxaEpzZ9IBygFBVV95cUxQaWRHSjJHSjJQRHE1cWZQRTBFLW1vNVVzMlcyNEhsU1Qzbm5qck1JUzF3MGpkUXVKWkdfaWM0YXBwX0F2TFpSSDBlNXhTNW5RVkpOYkhPZldxeHVrdEt0YXlrd2FJVktWc3ZYZi00OXhDMG9PajdXc3dyaTNTaktPTmZNVUFWZGotQ0lETXRFT2N2cGFnUFJWMTRuRktFMGl2eFNlYldCR3FkWnplX2diYm9BSGpsbWZyWGpZd29wOW96NmNZOFREN1FB?oc=5,2025
2025-08-05,Namakkal,"Man murders three daughters, kills self in Namakkal - The Hindu",The Hindu,https://news.google.com/rss/articles/CBMivAFBVV95cUxPX3gtQy04eWJ5RENUdmJYLWdEdFBmWEdCdmFIODhTeV91OUxoX2lVeFdJYmtRQ2NUWm5UZUNWTE9Cd2xRVUhBdDlsc0pydVhCdVdLdHVlcENKbUlLUXV1aEpfNzkzZHVjX1JsanE1ZkJ2YXAzek50cUhPWVd4aGNDZkFyNlJEVFBXcF9EVmRUQUxKYU1KbDhuN1pHdERoR3BaejFTRG9sTUZGb1ZnaTJnMkk2cXFZclZTV2NyONIBwwFBVV95cUxOdVpmUjBSMWNQU3dFSTJFZHpvczdtTVhQcDlTSF9Yelg4eUVVa2Vzbkl1UlFleVdiT09aUzByeGxaMFpWY2ROZlE0aXZFV0ozMWktbXpmSTR3NWpKMVpEUmNYWWViT1huSTB3WjEyLXY5Q1dyMHBuYWJPdWpGaFpZc29zVnRWNklNaVpQRTkwa3JEZjdVY0lyMFRzdVpWdngyNFNTWnBwWmU4ODNSVXdvdnM3OWR5Q3ROS2VHZWQ1dnplekE?oc=5,2025
2025-09-07,Tamil,The untold stories behind caste murders in Tamil Nadu - The Hindu,The Hindu,https://news.google.com/rss/articles/CBMirwFBVV95cUxPUW9OeklGaHVpdFJPaWVTMS1IT1lMaWtSVU9scVNocTU0czFzQ0paa0plQnBTNGtVSWhWeUVrLW96X2JOd3YyRWFqaTZHTVlLeVZSTnpoUHQwel9ucHlJaTZsTm9XMTM3M1NIanpJR2FGbHpZY0E3VG5DbWdiZ25qOEFCRTd1c1R0NGxoeE5SWTdTOHA3LXBYRDFKMjV2dXdocHhuX00yVWFfX1dNQUFV0gG2AUFVX3lxTE5UUEo1N2xtSTlpRUpjYnNEUEFpRzZhUlNEczkzRDN2eFlUTU5HZGlWNkJvbUdDT041UjJvZFBQeG8zbGZ1cmNZbFVrUkZLYTg3ME1XMDVWck1PVDlpbTdXdzdIR3RuUXBMWDNCRHNpY0huaFEwQ1dPbnBMc0tWcDZDUnIxa3JwR1ZNQ09hS0MzWnRZT3FncmVNbzNzM0dFM044LWsxNWJ4aElCZ3p1d0RYdkNJcnBR?oc=5,2025
2025-11-07,Coimbatore,Suspected Kidnapping Of Woman In Coimbatore Triggers Massive Police Search - NDTV,NDTV,https://news.google.com/rss/articles/CBMi0gFBVV95cUxQaGJOMFhmNVE4UmZjbTdLamVxRl9LVnN6ODA5ZjB1UVItVGNlN2JmQTdHUENiVnRsaThHQ01JbzRnT3N0QXpRdlNTakdYRy1sLVVscllyVGRBaWt6RlR2eHg5Q2FXRGw0aDlWY0RGYmZCVWRGTGdscDgzaU9DNXVKZGJTODJmNE9SZ0ZCa3cxdDVlc0FUZ1NFNXFOSjFXS0w4dGFFdVc1SGNIdk9wZk9nMDg4NHNFNFdieV9ySmh3cTQydTNMS1pwcEV5TWpyOVI0dGfSAdoBQVVfeXFMTndqSGZKdEVvdFRtOGZrLUxrSDA2WjRWYnNQZlZiLW1weTcxTFF3V0pFSFZpaWV2LXRPOFdPRHZ3WDdHUWNYNHJLR0cwZGtta1Njem9mcXBzNnZwcThVTDVrRWhJWDBBVjBnbHhGOTl4YXFoX3VhX19aYmxUeUpOWktRcnVuZEdsa3dYbFRCa1hmQjhHcmVETVhFT0wxT1BkOERrWnRNR2JURGVseWw2WllsZkR3UHg2djBKSFBzbE10Yk1aR2MxdzhqZ0ZhVEVYczlLaFNxbG5adnc?oc=5,2025
2025-11-28,Coimbatore,Coimbatore gang-rape case accused taken to crime spot to reconstruct events - The Hindu,The Hindu,https://news.google.com/rss/articles/CBMi2wFBVV95cUxOZFkwdm5GYzhYaEVGOHhjdHZYMko0MGIwSG1mR0xtaThCQ0wtQzl5aXo2Mnp4VWRqOXFpTFRjUHhyWXhocWg3U05MTUhLUWtwTkp5M3NQSVlrQTlRcjRoZ3dWMFdJN3ZMOEM4VDR0ZjBfTmVuVG5YdkVhWXcwak1VWXpZZFEwNHlLRVVZMmNiTjB4N2RZWGpTU1M0a0VkTWUteldNVWc4LVFCeU01MTJKRmhQcmp1QWg3UlFLcVRqYTVSREZaTEszdzRXOUs0cDY2TURfek5mU1Q2X0nSAeIBQVVfeXFMUGI1UklMME9jUjFNdHJhY1gteVhoVGNaNEJKMjVJbHQ5UjNVcXFOQ3k1allnWEllOXF6R2V5SEcwdUxYWXh1akFpVWI5RHpMZFFHMDVGbWg2bW1DR1hYYkYtZFI3SFpPRVZZd0t2bklCUmd0a202aFlwSXVlZkVqSllENnpXVk5lSDZ1SHU1RnQ3LTVURy1fRzRTck9WSDNoTU5HQWUyTDdHYU9ERE94ZmxBVDJFeDEzWjFickswY2kwQWtaaUlhQ29HT19USl9vZ2F0Wk1qdllKYUEtRndaNmo2QQ?oc=5,2025
2025-12-11,Peaceful,Peaceful Protest Not a Crime: Madras High Court Quashes 2020 FIR Against Hindu Munnani Workers - LawBeat,LawBeat,https://news.google.com/rss/articles/CBMizgFBVV95cUxQWm0tNC1RYksyMnFMWE0yYXlnQ3hoV0VGZTA5SVJZMlVNTjhnMnhxWndBdFkwanBCWUdqbjZ2VE5wZzc3UWstdzdfbUk4UE5BaDhPVEVoQUduaVFhZlNhQWhoNzRzTFVNSVBNZ2hlSFBuZDAza1cyaFlSWWtNMFcyUlZyUjlnaXJseU1KZjhESUJOSUFjNDBoak5yRldvLUpMUzhWZlBxMm5ybm5XUzVFaDZ1amt5ZEg4Z0JJZnJIQVdLTE9jZDliMWJxQmJCd9IB0wFBVV95cUxOSEMtRTNDcldicno4YlhYb0lxT1lFY1FvNnBIS3BVLTNKSUVaLWt2WXBWX2pUbnRFNlM0X2I1cE1uRUFCbmJYUVM1aDNfUl94RE9qU0R0bjI0T1FUYnh0bmVuSHdyN21hNmd3N0VxanViaVc2Z2ZZbmwxTUFSOE1kS3V6RXAzUnQxUl9PakNJTm9lc21JUlFyaDlscUE0MTNuWnA5c0U4cGdqb1ZnemdDc0h4aU5WZW4ycVJWQ25Nb1phODE0SmprUEhiRnktNTJWb3A4?oc=5,2025
2025-11-13,Coimbatore,Coimbatore gang-rape case: Accused men suspected to be involved in unsolved robbery - The Hindu,The Hindu,https://news.google.com/rss/articles/CBMi5AFBVV95cUxQV3BsaVU5YU5Zay1LLUdTdjNGZGpxZ1d3dHRDcW95aFBfUGVuSUhMb0Rkd0UwSFdZYzlhZjQxV0ZoTFYxYVdkcGZISERQaGg0dXRpclkwZjdlOWVMX1dRRFQxZVJkR2pRVlpKU1Mwd0FGaWdhNlBxUmdEOGswVXd0UkdpbU9FOXBBdUdCVUZvLV9oUi14eWNVSktTWDJHQlQ0S2NBY3ZNSk9CSDB6bUt2WDA5VWR6bkhKNUgxZlQ4ZUJlZTZFaUVkcERzOVVIcE1tNUVveGVSQ3VpSjl3eWlrdW9USGTSAesBQVVfeXFMTVAtV0Y5YjlGQVlFZU5sejBKa09CSUdMcjFxMWpWVHY1bVFic3hteW5HXzdBX2tsRHZCSzdIRXJ0U1hYc0tIaWQwSXVBM0dpOWhKaXdSUUJXZ3VEVkY4Ym0zcTVJVW5TRGRrb1Z2X1Fwa2oxUHpFN0xJY2txZnVVdTBSbDA5dW03bndRT2JqSWtZeUk4R1NZRDUza0lwMlpCdEhldVRBY1R5MENINkR2UWRyNVMwXzBaeEs1OFNiUkQ4eXIycUdRWEE5NHg4aDhDWXVLMC1rU0EtQXRuSlprOGFsNkdGUmVKVlBnYw?oc=5,2025
2025-11-26,Coimbatore,Coimbatore gang-rape: Police to file charge-sheet before December 4 - The Hindu,The Hindu,https://news.google.com/rss/articles/CBMi0gFBVV95cUxOZFpPdDlicGN3b0xmeXBYeXY1Q0pvblVhY2Q2LUhPLVAtanFyaHFFbGtOcXdpNkdmRi1xZ1NKbmJwOEVhRFBjdjRiamUyQUY1b1A4WlJKeU9HeFptdjFsMnNlbVNsdXNzQWlxQzFDcnY3UWtGMzcxM1plaVlmV3l2d3VFRXFoMHpGM1pMVXMzelJsOGZtckZRU2JrOXdPU3JHalR1Vkx1T1FKcmtLLXlRLXBHWlJJUjB3QkdWaUVSRGJZWUlxMTk2Rk5VWkwxMGhibnfSAdgBQVVfeXFMTm9XVklMTEtyRk9jUnNNTWR6N2ZOVkhaNURSaU05Z3l0UDc2V1BrNU03YVo1bGZ0TjlNdUFPWE1nV2w0dHE1Q2xOemY2a19ISkxFNzRPSFNLNlZnUDk5aGNubGdtOENMWl9MSHhDcHo2dlhmcDV5OGRRY1hVd2N2RHQwR1pYT2xqMnRuN3dKWnFDdFE1aHRSVHBKSmVoT0Z5VlRYZkp6SVJzVXNNNnpySm03czB6MnVLb1EySEg2N3NvNWk5M19DdDNwN0lSeXZUUEhjN0U1VGpQ?oc=5,2025
2025-08-11,Coimbatore,"Stepped up vigil, alterations in Coimbatore police stations after strange death in SI’s room - The Hindu",The Hindu,https://news.google.com/rss/articles/CBMi7wFBVV95cUxOMEFKZ2xnWGJRTHc2ZzNpSW9VTVUwX0dHeVdRS1JuMVhMMXp5cnNLcEpIQ2xQS1dYcHNlY0h2blBNYWtReEVVQlZpeHVYM05COHl4RmlxZEdlTkRjX0lNbEowTG9tVVAxcXd6emxTV3dKelRGNC16WGtFaWRkX0h0QkVJSkR6VmV6blk5LXNLUGx0bTQ5SEdpS2JHOF9oRnRfczJvRndHU19NN1NweHdYbHNJSHdzQlQxQjZXaHZZSmdqZVlZU2hFYV81Z2dJbUlqa2pnc1E2Rnc2cHhEWklzdTJlV2hEUS1SRk9GUElwY9IB9gFBVV95cUxOaXdrbWY2QzRlQU10aVBaM3FRTXlXRTdPYVUwS09FY1FvSVlVRnd1Vkl3V0plU0l5ZUpmNXN0WW1JZko3NTNTU1RkZFEtQkF6dmd3V3lRNlhLUEFwZkIzY1VSQ3JjWFE3eExpV3NwYzlXZ3Uzd09sNjRtbDZoMExrRmpaMkZxVmh3VFQyMXhHTXNOZFB1cTFGOW9EVVJYX3VnRlJjU2FTWklUVm16SUlXR2N2aks3SmRfTEFFOWx4dWptbnp0MlRrdVJHb3YyYW5Tam1oNFVlMWs0U2daZEktVUdUUjV3ODVjZmVwbS1wVFJnQXVES2c?oc=5,2025
2025-12-19,Coimbatore,Pawnbroker surrenders after beating woman to death in Coimbatore - The Hindu,The Hindu,https://news.google.com/rss/articles/CBMizAFBVV95cUxOeW1Id1VSUGh5aldDcVI5Um9LTXlPYmN1a2JXZmE3REhOTTFUTGZKanZYYV9RSFFYZmI3Q1Y0a08ycUVfbXhLZVNSblBEUGZaQ0xoc3pfOEJ2WHE5Nk1yTVZLd3pyQmlqdS0zdGdBT3R3QmJYcWVNb1EtLXRIWHBqR1ZjeEVpRUhzNkxUaGUtWUxPZnA0X0J5cElxbWFwNnVUUkJCaUlZRzhvbllfaDBxcHRuaEdUcHhKUGRSSU9ZVGJjZy1Cdl81SG44enXSAdMBQVVfeXFMT0tDNFVFbEFrUGR5c1ZyRnFoTzNGc3pfSF9rVDBwZ1dTLXprZmVQRTZWRkMzVm5NYXJ6VkQzX3NMSXB0MHd3Z1RHcDktcXNhWVExT1oxNDM2WEVCZ3FkemhJcVJlWkFwVjZzTFFzZXYxUzNjNmFpR0JKNnJHbVNUb0hGbjhLSmJzV29nNGZCQmpRcVB1NDJOMFBvNnFiQzh4NGZlMFFVV04wVE1hM3I3TGpsNE95NXBWM2R3cnpOVDViYlRyOHB6eVlZRmlRTDVLanZpdw?oc=5,2025
2025-11-04,Coimbatore,Coimbatore gang rape: a hang-out for anti-social elements that turned into crime scene - The Hindu,The Hindu,https://news.google.com/rss/articles/CBMi7gFBVV95cUxQZHpsaC02TUc5dFg5UmZyNm5Da3haVC1GemJFVGpGNUZ3a3ZVWVA4TkRQUzZtRE5za1ZuNTMzNUluSXF4S0pJNmtHX28tbTlpNHowYU9aazJFQUxoU001dVhLUm5uclZwUmFuNG5GQXhvYWhkajVlMXNleElPSG52cnFDa3paNk5aMUZVX2wyVjhIeXFKWkkzNjRibUFGaUtiZ0V3Sm5HWmdhWHVOUmlCZHRQZFg4eS0yTm1iNkNfNl9FU3FfeW1uSE9uZGwtbDExN3d6anpCdDlyaVhMOUFYd0VHbnVfSHBySUVBajdn0gH0AUFVX3lxTE5xLXpFWXNpZi00bjFXS0xpVzNDWi1iYndjM0NNM1FxMi1IWmFOMkR0dkRDekhlU2JLT0R0MEdOQktuZlozLXNndFRUT2pRckJnR1RseGpubE9XQlNWQkMtMEU5bmRrd2dRcWJ4Z2pESmdmS1BSd2JBTUF3cF8wUnJ6czN0emFEcHV0ekVZeDViX0h2QWRCYjZPNEkxM1Y0dDRHZV91Y0hKLS0tdXRhbDBCYVJDTlk1QlhLU2JmTy1wZHRoVEZpblE4aGFSa1NNR1JNZHZqQTZBSFVZV0pJYXJVVnRyRkxZYlgxVjJIaS1YREItN3k?oc=5,2025
2025-09-30,Tirunelveli,Tirunelveli city police arrests two individuals from Malappuram for online fraud of ₹22.16 lakh - The Hindu,The Hindu,https://news.google.com/rss/articles/CBMi7wFBVV95cUxOd1V1QnVNQ2x2YlpUem9SbE0xdHplMUxlM3pIeVp2MkpRNHF1TmpqVzBIWlkzU2d4dTZpbFY5NVRSYXR1YWt3cXkwN1J5R3oyWm5PLVpTemtOMFRNdnMxVmdaU2loMmxKeTl5RmFtRTJNa24xV09WV2dHczFNVXRkTjFiNERXTjlvRTBqdXpURXJPZS1XTHl1MWc2blotSHZUeFl5amZkWUdqbXhsX19FLVdLbmtsQ2hNX0pUbXhIZ0pFbER4Mkd0b293ek9zdE95d29Kb25icDREQUZfaEtpNmRqRkY0RlQ4WnZpZ3JOc9IB9gFBVV95cUxNa3hVYmpOQ3FyWUNhakg1TDJqV093OGNnQ0dxNVhIaGVKcTBXRWs5TU5qWFVIdDNteDRGQ2ZLWHEwZnBmQmNoSzVpdWtTd3NOc0VxRjRNWUtMSUluS21tY0tuTEM2NzhJYldXSGY1WXlKaGYwaTdYYl9kaUJ2ajlpMUhYR2ZERWlNNzl5RVl5MTRVMWJzUjI4MEtOSVJDSHFnQUJ2Z1dpTGZ5eC1TRDR4RUJqd0d5WGNFZGVLMDZYVE5NLUJSV3R3Tlpwa1NnOVM2LXMzT25uVlNOck9NSENDNnQ1MkdTWXBOT1VRbnd6bDkzRVB2eWc?oc=5,2025
2025-12-17,Coimbatore,Three arrested for murder near Coimbatore - The Hindu,The Hindu,https://news.google.com/rss/articles/CBMirgFBVV95cUxQMlFUVzB4OTZjT1dQQU9HZU83TVFuUVFMYlUwT2lSVHZHTzNxRWV4TjRxRFYydnZGY3VhZUdwVzN3YlN4c2tVck9Mam1ESWFYX2JkSmpBT1AwMkNIWE53YUhaZ2NZTnRDQUlTWVJMcDU3aDk2bzhicWxiWFE2N0s5ZTdEY004NC0xenN5M0d3SUVwN3JmbW0wMGNMOEVWX29oeE9iVEFBWnV2Mjd2eFHSAbQBQVVfeXFMTWl5MDAtX1RNZWZ5TExRcnQ2ZmhrWk1yMGEtbURuN3lKazJ3bU4td1hzNTgzazAtbURnWU1iT21wN0l1YkdBRkNjQXM5X1V2ZE1ZR2k3RlhpYmVIZFIzYXlRQ3hBMmFUN1VTRlo5Qng2Nm5OT3JLN0c2bjhVZ2VjNjZma0w4bDFYZ1FhaEZ5U0JoQWYza1Bkbnh6VE9SeWY3d3BMY3lLLTdfdkhYelFhWDcwd1Y2?oc=5,2025
2025-10-30,Septuagenarian’s,"Septuagenarian’s murder comes to light as bid by woman, paramour to kill husband fails - The Hindu",The Hindu,https://news.google.com/rss/articles/CBMi5wFBVV95cUxQSjVzM3lvM01EMzlWMXVWdjZtNFEwMFNyTHpPc05Iei1zR0t6dmFhMWJ4YWFKTEVzbE1TOFJ0MVNyaEc5bWdsRnpIUjlVSk8ycFVOR3FYSEx0eWFVdWZ6Q0NaT1ROa2FIQ2VUNmU3eTBNeVhVNXRDel9jRkZLZ1VDek9pd1dwdWpDNDRhYk4wUXVaVWwxODF4Q2pXc1B6V0pkOENhcWFwMDczcGxiMGxjOHhHYk1nRm1JV0p6S04xRk9XWVlITHBDWWI2OGR0bmlpR3ItMDc1d1hfZXRfVzNLTjlnUV92WDDSAe4BQVVfeXFMTmJsR2ZHaHk2dGFpSHRPNlNfSmFnZHlwRTNuZ1lveFY3TlBhSzR1dG5uaWJMazctMDlHcU05N3BSei1fR2lTZHd1VFlld1BiRjNialprZmlqaXZSRzZScDVGcmdOVGNYeUJySG90UzNPby03ZzQ3WUdsc3BwUTFoLXB6LWVSTEx4Q0wxZTludUZfS0wzRmRxRXhwcHFlQ0FYQlVfUU02MHcyVGxCU1NQbUJReDhNVU5EdlpEZ09lbF8zZnpBblBsWkJJVi0yVEFpY3hPM1RCdWR1YkowSkhFci03cVBUWmxMQ1JJZnoxdw?oc=5,2025
2025-09-25,Coimbatore,Officer in-charge of Coimbatore children’s home arrested for beating inmate with belt - The Hindu,The Hindu,https://news.google.com/rss/articles/CBMi9gFBVV95cUxPYjh1R1NaRTN2MWluVzNvLUhiTnR0SURVZloyV2hsS2VfWlBRZWJXS0RUNWhQUVJLZk9aNzV2OUkwV1Z1dnBKLWw5b05pMFRLMnJESU1TVkZIOHlPcGRueWlSaWtJM0pwZU5DYXNIMksxNkszWGNBcDBXTl9UeUlmcUVrTEZjQ1EzaFpMSVJLTHI2aTZKZ3dlTTkybWZqam9JTFRTa0Y5d2hBOGRmcVlWYzRxeF9LSHBoUEFxTUpLOGU5MHJ2SDJCblJ6RFM3T0hqT2x3dmZ1S1JZbkt0R1JFekpZLVlMcFpyelpxRXU0T2lVX3owNUHSAfwBQVVfeXFMUGFjVnFDVlo5YUxqeUVBQXJueEZRY1VlT0JzOThUc2RXQ200bjdUZW9lNWhCSWVKRUNXbExDWXlIUXJ1LXM3bmEzT2xjR1MyaEprMUNfMENWcnJSRk9ETXZvV2s2Q29sLTJHYUlNYXRCMmp6Z08zcXJPZEJIV2lTOUVvZ2dBUjZoOFNwbHctYVFNekNxUktHb1g4QWRqM1JvS2tUQUJ1Yk51Ql81MHlGek9vVTA0aEI2SGdHdXhhT2E2WEhoSDJFNHZ5aEpncGJ5VW92U3Q2cnY1OEVJNnB2QXZQTy1IbmhacGljUWZIeTh0YThhQVdnSDFYVXFz?oc=5,2025
2025-08-05,Conviction,"Conviction rate in grave crimes improving in southern districts, says Inspector-General of Police - The Hindu",The Hindu,https://news.google.com/rss/articles/CBMi8wFBVV95cUxNbWV5TVRfdjZva3BrS1ZmSUFMNDNfLTVGNTFMT2JNR3dwU0NLTnhsdFN0V1lTMENEeGtIWWRrRDNvUVp2UFhndkhrVkVXTkItTkY5UWc1LXhxenJhdzRrazRwNWlZNE5kY3I0bHFnQkd0YVctOVYtcGtJLXdLX3V6bG11c0RvSG52NllwS1F2UTJTNTlLTTdwWHdVWlFtWkx0bFJ3RGd2Sk9DSndZdFp4VjJvRjNhaklOYlFOR3RVb1lyUS1JUXU1dFVCQ3JnbE9PTFRWeGxnMkJoRk9qenZCSFdQRGdDX2N3ckYzdzN2RDVPM1HSAfoBQVVfeXFMTlM1M3Rsa2lhNkhWdEV6TXUtLXRVSmdRRkNlOWVzQzVlMUdlTUJXUGxCRV9wUkllTWprYkVscnBGdENrSDd6b0UxZXBoOFkwQ294QVdSVzJhQjJvU0UzVkl6eURxNU54UG9YN2x1Rk8xR1RBajUzbjRWUHl2YlVoSWZPdkRLMHk0VnhJMlNGZDVtUF9Ncl9MZWRhcjFsOEZZMU12SHAyRkE5OG9UYldUVkFIOE1IUW1HVmJLWTMwbzhISjhQZlo1bVFJYzFrWXNpMFNrTV9pam1DMnlDSG9jNzNZdFlUTmlQTV91a1BWajVqZm1RSHN3SG8wUQ?oc=5,2025
2025-11-04,Coimbatore,"Police to add 1,400 surveillance cameras, boost patrols in Coimbatore - The Hindu",The Hindu,https://news.google.com/rss/articles/CBMi0AFBVV95cUxPUk4xcm5JOGpoaHV3V1lwQm9SM2p1ck5uYm5xSk5lLXViWHNEbHA2UC1WVnhvSWw0ZGs3LWZ2dGx2UGxMVF9tWUJ2S1A4M0lWcE8wR2dHWXFMV1ktbklCOFA1eS1RV3hpclIzSWlmYWdQUUxHU2pZRjBxekNBc3oza3hLczZkYy0zT3ZkREV1MmJSeW9QZ2ZiN2lsZVcwbWZUYi1XQWJFZmRfR2pTamFEc29nTTVqbEtScjF0MFlDdEFMQkY4N21HUHV6MWRXX3Ji0gHXAUFVX3lxTFBnY3Z0RU5GYmI0djM5Q3lOWWE0LTlFWUp3QzNQTmpLZTFvRmVBVUZCSkx0Q1ctbjZwUVJhODhodjhBdFp0TkNRMW11V0ZYVlEwc0xjM1V5SkQzSTlYbGRnakt3d2RxSEJSRDR3WUp0b093Z2xERktoVUUxUzlsYW40czBFN19fN1YzYVhHQnJBeDBKNTA4d2piNHhVYjlJMWN4aklLVGtlVjNJOUlaNjBXQk1HY1Z1aUZQUFdFdThHcnVMZjdkRm1FM0phUHdWa0x3aXl3VzlF?oc=5,2025
2025-10-28,Coimbatore,AIADMK functionary’s wife murdered near Coimbatore; driver surrenders - The Hindu,The Hindu,https://news.google.com/rss/articles/CBMi0AFBVV95cUxNNEZIeXZSZWkyY1A1TXZtRjNyUy0tMDNjYWQtZFBZRXc4NnRRVWdtRHREUTYxcU03Wmk4V3R5X25LOUk2TzFxSHoxaG5jMVNiOXpOSWNlLUdZandXaWdDVm5DNFdBMFhwZVBIOG9wRVl6Q2Z4ZW5GYjlsWFlYTzlJRklnanJvUVF5SnhxbXZDNGJ5TTUzZDl3S1RObEtpNkp5Y2I4aVc4NGdZbkt1N2psWHlGYm9XcUIxSGxmeXBlRDFQQW53TjI5a2ZjMFBXV3Rp0gHXAUFVX3lxTFBpcWl3c2Fpc1ZLbkJ6M0VEUFRqQjlaWHR1OWVKaWxQdXIxTHRzRnVmM1VUSzZEaXJvX3Q4Q0tmX3d5WndQYTNlOXlhZGxaUFJrMm5zbkM0dENLbERycmFJVVVvQnpYcndJTXBDWkdjUkN6emE0UTdiUnFpY1NvY2llSmlkTkNBQUhDT1RTM21BZ2dOSktTSDlXdXBYYUlJNlRfWmlEb2UzYTlxNGI0UlhuU2t6dEc2TjN6TFozVWdPS2lzczFrVzJGWHFtVEJFbklpcDhpajdz?oc=5,2025
2025-08-08,Coimbatore,"CCB arrests mother, son from Coimbatore for cheating, forgery - The Hindu",The Hindu,https://news.google.com/rss/articles/CBMixgFBVV95cUxPR2VxQW1yalNrTFE0SkZFTnhCb0FFSzFNemwyQ25tVEpGam16d1hLd3pUTWJWcDFWUFNHUzNGWFNJSXV5WHl2Z21CVjlBY0diV2JxQThhNFNROE9LbnM4ZmhraFY5RUJtUk1zWjVGenhUOFhOZnN2VXc0QzdoVWdsSXdZT2hEOFVoMklFZU1kVjBndUxYOWJFN3BabVdEQzZpd3pCaHNxN0xHd3NDcmhCTUtHS3lFVlA4TTVmNjJCTzhwVE1VeUHSAcwBQVVfeXFMTmRpWXczdF9sYzdxYUNuek5ra2ItZGV5RWZPVWZWQ25tWF9GRWRibDJzeWM2VTkwMTg5dklGT2wxWE04VlRxMUdUaEQ1elhnWVo3cTc3ZXNVM1p2NXJabFJtWXl5TmZTa2ZvTG13cXJ6WHNrOFZCYmNBWUpZZVdyQlE2Z1Q1dzltT3F2UkZZU2ktYTZDek5VcWlFemg2d19CLTRwd194RGU4X2g0WHVkTlRiaHFJQnBkeS0yNkd3bGM1VmE4VTZlb3VXLWFk?oc=5,2025
2025-11-05,Police,"Police officer’s son, friend extort cash, jewellery from young woman after befriending on dating app - The Hindu",The Hindu,https://news.google.com/rss/articles/CBMi-AFBVV95cUxNVkdyRmc2dnVhSVozNjJsVF9fZi1NNFVCLWhCaWhoSFI1V0poWUx4UGpUWmpJZHNCNk9tMlpCSENZNktvMEZuQ1dJZF9GRDJ5emRrdThxYTVnVjZxQXM4Ty0wX19KeHZrTFYxY1pLN2w0MFNPMEFtZldPbk03SW9GNXdQY05mdUYtNjNLcmJCcVRySjMzZXV1N2ZoeTZudUpIM0FadDI0UXJ2NE5ZRG40SEdNdS13c3ltdVJ6NUQza1lVbDdqMmM4aDZubjM0OXVXRVh1Q3ZoeUJzX29FWDdXQ0RrSnhodEl6bnIyRkYyanBUV3luWkp2Y9IB_wFBVV95cUxQaEJuY2hrS1h6eTNrRnVTRUlnNU5JQmk5SFBBNWRjOXhwenc4UUdKa3ZNbFJOUnA0Q0Y5aUpYdWlBdGlaTm5ReDBnQy13Qk5RMms3YUhmR19LdGZtdWtnQmRDaDZsUm9RTDNpNFNlSHJoMmUxNmV1ZVBzQzVlMEJPNHlpdlJVcGVkdGVOTjBBWmJnVXNwMXBlMDNzcVkxWXRrY1VCaVpfdzY0eEdtay1EVU1aZGVXNy1rc25nWm1HNlZNQkgtVTZzeXl1WUFFcXpBRTVGamVoVVlidkI5RkxSMnRmbktTWHQ3T2l4bnBmLWhuQzNlWjVVYVpLc3J2WmM?oc=5,2025
2025-07-20,Tamil,Tamil Nadu police to roll out mobile application to collect mandatory audio-visual evidence - The Hindu,The Hindu,https://news.google.com/rss/articles/CBMi-AFBVV95cUxNVDEyZDRDZENMWDBHS3I4dGR3M2pTcFFRcDJSM2hDLUxQVURHNWxxQVVUWDlaSWp3TjlBa1Rsb1BnbXRMZmlhNm5ST1B1MEhzSU4ydkpjYUwybGR0YkNKdjJWRVpCWDBfWmVGa1JtSllha0wwRHJ0c3ZfREtKdnJSNW84VHV2YzV1ZlNZUm51SjFMeUlwNWUwV2h0d1NvWGdjZUo5d1Y0QWtzS1pWU3V6bWhmVDFoZmF1a0IwME5lNmZ5MEJzWDczbXdkeG01bGkyTWtwTF90aEg5Qm0zUlZSakd4N2JaU1hQajRsRW51MHJvQjItcU5UU9IB_wFBVV95cUxNUHFKYXZVMEZyS3Q5cVd5Wm81OVdITGZsUWs3blkxS2EwV1VRdFRQaHlkZDFnSUhMR0tCelF3TzR4UkpWb21YQWFZMmpWN2RXVDZBbHlKODhjSmYydlJLVGNHcWR6RjU4b29PR01MaFJiaVhyNnY4YXdIY3RnMjBTWG84YjljRUt5QVVtbmJ1UTNnUXZNajBQYXV0VG9Bck1JQ0NLYzZXR0lNUV9UV0ZteV9FOHZQcTZVb1FLRTJFTWNoUVNjNTJUajFhS21kVGRhVWZpLTNfeEhnUXdPZVMtREpxUGRxeXlsSlhOX1VsUzRkVXRKbk5IRVAzd09sU1U?oc=5,2025
2025-02-11,Tamil,Tamil Nadu witnesses rise in crimes against SC/STs; U.P. tops the list - The Hindu,The Hindu,https://news.google.com/rss/articles/CBMi1gFBVV95cUxOdTlFLUw3SmZHV2JHVGJJLTFQSHFGbzhOc2s1Qzh1ekxFSUNxNmR6bFhaV0pFT29peFptM0VZbEFaekdxbms3aXBIeFE3RWR0MVQ3Q0VGVWtiWUhZNzN4aFdKVGxMcEtJeGZybGNYcm10ajVmNURObFNTSEJuT0dYdVF3cFhJeG1SekVfUG5oNDEyQ3JOalpvcVFiLWpwa05qTlRranQteFV3ZHpPRS1yU0ZhbHJ4LVZGYi1ON29jNHFNUV9tNFNZeFlGYzFYZ1RNT0VvT3Nn0gHcAUFVX3lxTFBVUkpPM2JxdjA1TVZrdHprOWg5TU0welc4dW9yYU1YSmNkbDBQMlBuMkROOGdpd2t0U3hWY1NydnM5RF9Mcnl3WXhfdFlxV2tSR3VlMzk0bjg4WUppMVRsOF9CNm5OeTdlbkpXblN0OFlEejhJb254ZS1xM05vQkhuTWRldFNVWUdrVzl6YnNZWmlBbTNyTjhXSGh6OFI4VzNRaDljRWNueU16MU9rckg3cU13ak1zQkgyT19QVllBQkstWUU5aUNTcGxIVzQwM0ZaYVBZVGc4LVVlNU4?oc=5,2025
2025-02-07,Tamil,Not a day goes without crime against women in Tamil Nadu: Annamalai - The Hindu,The Hindu,https://news.google.com/rss/articles/CBMi0gFBVV95cUxNMFF2ZVBwYmxUX0wta2VabkRsMmJoTEdETTVjSzZ0RlI3LXhMSzBTNGEteUxHQVVxUzh0el93QUM2Y2ZCOV91SG9rRTViQm1CNzhTd2FuV0N0SmZyeUUtYmRIOUZwTDN4YXh2SHVHckZHbTRueTVReG9XdTZ1WVE1ZUpFOXEzc19PN1JvQzRxSEVqWGpWTm4xODROb0RQeXZPYVI2ajktS0F6TElEeVRNeTlZRy1KeDZleHZ4NmozeTFFMWNWZ3QtQ1FOODhBUFE0WkHSAdgBQVVfeXFMTnVqc1M3Z1pxamNRbUZYaFZRbzlNV0s2eWhIQXV0QXNWVURDVHVxMC1mWVU4STFoeW1Xb2F6d2FKdnFpTDZ3dWxFalRCSk1ZUTBSc0hvVXpRZFYxak9PN2o0dVB5R0lHVWtIZ1MxLTktb1lLUjd2R1BNS21nNXZKUTktekFZamh1bmRJX3FTQzNoMHUweHZxVTNoeXlNWENheDluaENReGhHamNYY0NoTm0zbTAyLVJQLW5yRUR5TUdmWEVMTFNQU2hMM3hvSHhFX0F0ZHdrMURH?oc=5,2025
2025-03-20,Stalin,"T.N. saw 1,540 murders in 2024, lowest in 12 years: CM Stalin in Assembly - The Hindu",The Hindu,https://news.google.com/rss/articles/CBMi1AFBVV95cUxNa1JUcnhEelhtOFI2akRDMDNiSnFzZ0prWURiZjhob0lXclBmWG55aGxCOGwxdmNSZlRQWk9ROTJNLTI3b0tLYlNPYUNCVW4yWTVra3lCcUtEQXUyUXZSZzJtY1dIUzhZVk9RaUlncC0ybjdST1ZNWVdENFI0bHpubDNVN3lnMVpuMVJGTXNSeTgwOGVXbVFYMTBCYzI1RlU5ZkQtYkpwdFItYzlmd3lkZzFxVzlsQWZTUVB2WllNSHkzNHMzX1VNVnVPcUhtaTRQeXRmbdIB2wFBVV95cUxNSzF3VFdvUjlnb1lJbWRpVlBWWDNFQ3oxWVpLanozVG53ZGs5U0RxbEJRUVRZX09IRGdQZmg2V1ZDUElEQmYxTHJVS1A3b0dXZW1lby1adXlzXzdCNXdnU1cwbHFsd0JUVmY5bzdoQ3RqQ3k1bHFJZ2FyVVFnTjV4bUtLNmVKSkQ1M3psaFh1UG12MDVHZ2RqVnltQWF1ZEQ5YWJKYlBvTmE4SllzUmc1SUlaamhYajUwYkRZMmdRODFJQVVWc3cyS0pXcWdoV0tOVFZFUl92LXRqZ0E?oc=5,2025
2025-01-11,Tamil,New Tamil Nadu Bill seeks to protect victims of sexual crimes - The Hindu,The Hindu,https://news.google.com/rss/articles/CBMiywFBVV95cUxNVFhBakM5Qnl1aTgxZnNrMk1SelI3RUhQNVo4RnhTWklBbk5ja1RocXBLV1Q3eVV4NUd3TjRwN2hCY1NJUnU2TjR2b3BFRHdhLWZjTXdseTVIdmdjbEdhaldmdW5CaEtmSDFPeXI2VFJoeWNITXhsZFg4VzNqdkJEWndFYlZXT0RqWUtEb2h6WG9NQ3BBN1FIa3dDSFkwaDFjX2RYUXpEQVE3bWRRSDRwU2Jscmw1cUlTSnBfMGVXN3FwZFBtd0VuQjJ2VdIB0gFBVV95cUxPUzYxYnN6bjVLZjUtUTd3UzNmOUcxOTM4bUgwT3l6c1J5ZXBkMG1kZjhhcjRoVGduZ0piN2s3M2xxTFViU05lVXcybXZZSjBSZ0hEdEtWdUIycE1IZmlqZi1nX1otTDhkTDBJMEkxY0dHMTlmeFNxLWI1MHJ0VDZJZ0J1emZLYzlmUHVTcHpQLW13QXBScWtUbWpnS1daSVVEbmN1ampvWFFhU3lfNkpBeTktczBnN0o4RDVZQVNqeGZQamhIY09SZHRnWGVXVVJLMkE?oc=5,2025
2025-11-06,Coimbatore,Watch | Coimbatore gang rape: A disturbing pattern behind sexual crimes in Tamil Nadu - The Hindu,The Hindu,https://news.google.com/rss/articles/CBMivAFBVV95cUxQbEZTTld4Ui1kcmpsN3RoZXVBdG5hcVhFcWlzTXdaRXh2Wjk5emZHUlNJdW5vM3JSbTVYOUNueGZkQWJ4SGJSX1otVkdNaHVSbFpKN0hkakRIWEVKam5lOU5UbjZ0MjNoaWU0UFJpOTdTYlNJUFZVUThiaHlWdjVRQm1VaE5OUEN2MjhPUUFxdVlERVFNcXU0Y1duT2xVUGd4Y0ZRNmo1QTVSSlBhaUVaQXRqbFFrYThRNnNxdNIBwwFBVV95cUxPZm03aExYNFRheEFuLXU0TG4wR0pnbDFMV0d1bVRoSHQ5RlVyUjVNbm9zZUhvZmJoTC0tNENhTE5pSlY1bVRUaGJGeVVkMktqQ2Fvam5JRHluZXp5dUw2VE1pREJQM3F2bllydkVnWDNHZmI2WnFkQVg1cVZtcElaTENaV3h4RF8xZzNPU1NadmkzV0F6dEQxVUJMM2c2cUFoRlQzTWozX3JGemVZeHVwY2RtZXZzRXRCRElZVWhfaUFZYlE?oc=5,2025
2025-05-18,Kannagi-Murugesan,Kannagi-Murugesan ‘honour’ killing in Tamil Nadu: a crime that revealed the ugly reality of caste in 2003 - The Hindu,The Hindu,https://news.google.com/rss/articles/CBMiuAFBVV95cUxQMFZsdXJKejBGY1ItRWhSeGNXWXpSaGJodjRlejhsQS1ZQ0hMLWdJT19jN3IwY2d0bU9oZHhpNUhSVDdKdk8zdXozbUthemFUVFdCVnNpUnNNSXY4WXRhXzgyVmRUZm15a0hlc1VQdlhMQ3hCNkk1RG5FVDl2ZEVQTUV6dE1WeFZRcDFUUjgxN1hBbDk1Q3ZPZXlrM3UxREM0RWlnVklfVXEwbzgtMDlPNHMzcmFHeXFv0gG_AUFVX3lxTE9jY29WUU55d2JqSXBiTnFIZUlHM256S1hYRzRFSWM0dDU3ZnM4cTh5Mzl6dWYzdEp0Q3Vidnh5UlhGWGViQS04Y0NxMzR4T2Rqd2t3ZmJfT2NNWV8wZGJ5dGlSVGNlOXVBcTFDR3ZudE1pSDduQXc4SHR0cGU0YndsdlN0akdxQmFudUI0Ym41OTlGY2VfSDVfOWhhZzVHVGlWQVF2VTFocWx4R01TaU9mcHgtaUY0X1pqLWs3Q2Qw?oc=5,2025
2025-02-23,Mayiladuthurai,Mayiladuthurai double murders: A story with many versions - The Hindu,The Hindu,https://news.google.com/rss/articles/CBMiygFBVV95cUxOVjVSTGI5VVBNN05ycFVpNTk5SHE5T1hVN1pZZ2wzTTlrNmVOWDY3TjR4UHgwTHpOdGxfWFlmTkh6TkswNUdIWncwTlhBR1BxdnVvSjl2MHFhQ3VuWHNzN2JkUVRPWU84TDV3eGpLX3JtX2h0YlpjUlpNWGVSRWsyb2NmNUtROW9CUEhHOXhYRVcwdGFIZ3pnbWg4ajd3eUhhZTJ2dGxfODd5dnNvdXVlV3U4aEh1d0U4alppb0NSNVdxbjBfS1FqSEZR0gHQAUFVX3lxTE41NXRndEFNZnAwdVdkZ3J3NGZ2WFVvdTQwaHZkNHJqdjNlendiZkdXOVEwOVM2N1pVaUFKaVZXMUMzbVQ5dmxXM2NjaWpsRkZ4UTh2VlJ5WnpKQ2J1a3BJeThzSU9lVUtkbFEzNnBQSUNSRmhxQUE1eXhpRnAxclktVnF6cWY4cEU4UkQzck9kUTBzREY0VnJrV3ZJRzBzTW13RVVhT25KUkZ1QWs3M016d0JOc2pmWjNvdUo3eFVmTDd5NXdIdVYxSV84ZE1pSXo?oc=5,2025
2025-09-18,Mayiladuthurai,CPI condemns Mayiladuthurai youth’s murder; urges govt to facilitate intercaste marriages - DT Next,DT Next,https://news.google.com/rss/articles/CBMiywFBVV95cUxPV2JrSDBvTWZsQVlLS0FmRFhtZlpmOWVSOXdrQ054c1BjNHFHRGhwTzBCellNU0F3bWJaUHM1Rm90WmlZTEVqLU9HUXQxQzJpZEE1aWdSRVlxd05vUV95WnNlOGw0VE9ZNU5rNFNCSEEyZ2RKTjZxNU1QZVh3bGgzMWx6NGs3a3FRYjBHSERMUUtpbUJXakNnQ3NlMUpyRXh4S18zLVVfWEw2ckN6d014Z2FXZlE1TzU4YUxCUzNjaHFWR2loRk1yVG5Zc9IB2AFBVV95cUxQSFFkbGtzU2hObnRraDhkdnBCM3hwWTBBQ0pKZlVjYzZGZDd4RGJENmJ4UnFJT25YZ1Q1TUpaSG1HWGc2Tkdid0M1S1dEWFYtRmkxQ3NkbTRaLVN0aW56ZzExY2JUc00zdmRuM2RsWnNWUl91emY5OXM4SEMtMnQycE5aV0NaaWdLSHBLODV0NUxLZHpQeUF3WDlJSlNnQWVtVGFoM0RzNWp6RkJFT1FJeDU5Z1g4VWFhcnM0TlJOV1VqYllkUkc0LTJhQXJVZzlkN0t0VG85X2s?oc=5,2025
2025-04-29,Chennai,"Chennai: 1,005 crime cases registered in 15 months; 948 cleared - DT Next",DT Next,https://news.google.com/rss/articles/CBMipAFBVV95cUxQUjNBbVdyMWduUXFobHdiejhHdnFQYThzbUoxc1F4YUZreHJXdjI0QVRQbE5JQnNvbkVpbGlxMUg2bGtYMThhTjZzRVJucFVPekVvbmM2b1ZqM1kydDhrQ1BuVV95RnpZbFVadHQwem91bnhfUGZYNTRMWVlid1UxcGlVNXd4VFRZTkw2WlBjQnY1dUV1aEtYYVJlVTFVX2ZBMVRiVNIBsgFBVV95cUxOLVgyR3h4UkxCdjlGUzdZaFhyWWVVcUhQazhTZlQ2VTVzbnB5ZHBIX0RqamQyaVk3UU1kTXZseGQyd1NhUmRNdlZ6amtqVWI5Y1lpWWQzcjNXVlBwN3ZIbC04ZVF6N2FRcXZFSHhTSkhtLW1WNnVMWVZMTHI5b1hOTVlLMmJsdldBZ3lOSUpSa1MzNlc0aWU1TGxrRGFhb1RFcVpxelpfM0VDcGg2Y3IzemdR?oc=5,2025
2025-02-19,Crime-prone,"Crime-prone spots, criminals in focus as Tamil Nadu DGP reviews security at railway stations - DT Next",DT Next,https://news.google.com/rss/articles/CBMizgFBVV95cUxQeDNfbFFvQU82QUEtVTFTM0xpemxfZ1V5RXRDaHNxeW85aXNzSE1obmJ4MUpsMkZLOXh3Smh4WlQtRUxoMUdDWkw0bDNNa3pHWG13VFF3N3BqRGRBUzh6aXRiYlFkOFBQMjBiOFpHR2NQdGY0YlhkWTdDNTN5OUJacS0xaV9xWXZaNDJzYUoycmh1clpzREx4SUZfQ0ZEUVZQcFRBbHBRLWItcVpoYzVYVUtYWnEyMUV0eHEyQ0R4QXhScC03bDVaUjZtY21iUdIB2wFBVV95cUxOSnZCSGY2N1Rsd25aMjZ4anVSY3N4SVBfYUhGN2ZJWHBnZ1lXV0F2ZldZaXNiZWg4NXZKTmx0OW9DbVI5T0RZWjMtcmZPVXhNRHZlb3RZVU03cWl3bDdaamlvYVJmTDRZWU5XelhTOE15UUpYVzktSkZ6WFFRa3FHSEZjVXk0VVctMkVIOWdxQjd0U283dWtOOGE2SkRRVUVHbTNVSHlyM0xybHRnLXpmaW1HUC1lai1xdTl3N2N3NWJVQjFRVnV0eS1kVDRMUmJNUHVwOHUweURfTVE?oc=5,2025
2025-10-03,Editorial:,Editorial: NCRB needs to be more up to date - DT Next,DT Next,https://news.google.com/rss/articles/CBMiggFBVV95cUxQSjFTN055anQtTVo0dGkzZ1puVUQtNXNaeFBmZnVpcm9OYy1HT1NBZXRSM2tRdVYycFUxMnBkZEdFWnFNM2dRZUZjUzFvUEFOU25WYm8tZElWYWJTd291eFVEeFB0ZVdQeTEwSnN2SURZRXpBUzNkX3VCeUYyTkJSVnNn0gGPAUFVX3lxTE1MS0ZsUjM4VVNfME45VDhjMXJGbDRJQm0tRGxyRUE0UFo0Q0NhaXhOQ1lJSTlYQ29fam41N1lRdlBYWEVjSUk5a1lBaWVnaVBScEJ3bDRVQ3U5MzB5ckNpSUNwdXp0bjFxa01QUnA2cGQ5U2RuaDhaU05XR1pLX2tJSXdjZ1NvRGZSR3hqRllJ?oc=5,2025
2025-08-08,SSI's,OPS condemns SSI's murder; slams DMK regime over Law & Order - DT Next,DT Next,https://news.google.com/rss/articles/CBMifEFVX3lxTE9TN0c0ZjYwSkNTeGRUVVNkbkZ0Y21ZZklZamtmd2RJWUxqc0Fla2tDMlIzeUNNdDh5SWJyMFNPTm1fNkZQR0tQSFg3YlhCYTZMY1ljYXVZMC1hQnUtZUF4clFXUkRYeVFMUTNxQzFfSzI5cjRDcEZIZmJ4aDLSAYoBQVVfeXFMT1BMSW12LVFiRFJnN2xrcGluajVGYk1mYmF2Q2dRQkRKTGtBVVMtRW5Hd3hYeHhYOGtpdXA4WEh4ZGNQb1RHNk5lUFNMTHJKb3ptVTR2b25rNTR1QzEtR3JUZXdpUFJfV3VRc2UzUVlraG9fZGhsR1dmR1FRRjJiNW1HcHhHU01uLUZR?oc=5,2025
2025-07-29,Police,Police couple suspended over abetment charges - DT Next,DT Next,https://news.google.com/rss/articles/CBMikwFBVV95cUxObjJ5TXBReE1zczlEdlVwYU1CWjlCLXl2T2Mwc3ZZU3pFSlpvRXFWNklXNm1EUGJXdFE5VUUwcy1xSVZzaEtoaXgySi1seW5FWHdUdWpSbU5Sc3kyLUxJZktXWVBpQUlfT1UwM09RbnQ0X0h5N0JlTW1ZdHpxd05QRXdjemQtWnBaNDRvSlJjc1JHNDDSAaABQVVfeXFMTlVobmVLZHY1UVd0QXZ4RFZENGJpWUhvX2FLQ2hxOEZrRmM5ajdHd2tGQTEyaDRIZ0N2Q2d3Y2prdGF6b3NHUWQwUVFKc2NNWEs4M2QyOUxpMVA2aXhWZklvWlg0OHk0NWpFQmUzM0Z2TDNDTGsxQmhDSmV6ci1jTUdOZ1dsd21sRXJmbl80VXM1eW94NkhGTTEwRUdHR2hFUg?oc=5,2025
2025-02-08,Container,Container yard manager killed for sacking worker near Manali New Town - DT Next,DT Next,https://news.google.com/rss/articles/CBMisAFBVV95cUxQeVE3LVVod1c5d0d1akV2bHNsNHFETGxLbFlUMU1ZSmVjMm4xM1QxSllpSEdTVUxyNkxmRHlwenVHXzBlVjlQNUFTdWNERDRrUGk3d2FyN3VIWENqZEV1anFDZ0VHWUdKVmdVWTZuR0tvMTRGR204dldPZVNmQnJIOS1xT1Zicm5pOGpMXy1xRlo2NGk0YTR5RTg2SGJ3ekZlcDc1ZE53ejUtOHhLVUozVNIBvgFBVV95cUxPYVNfRUJ3YXpTY2NZYV9vbHQ3SDRlWGF2ZFFQSVlNLVpSVktQRXlhc1BKOXhlZUI5OWVmYUZGRTRGMGFYMzNIRUI2anRzbWNzUno5d3Z3YlBjSHl2MmdxZmp5S1dpZUk3TW9fQmRsWFRnb3BBS3FDcVBLWS1nY05BdmVjUUdKS3JELWE2TWJTTnIyZG5wT1ZXNGE0WVNBNUJsNmJVaFEyY0JFMEg2MUMybFB4SFc4TmxZVmhvSWt3?oc=5,2025
2025-02-04,Armstrong,"Armstrong murder: MHC imposes Rs 50,000 cost on gangster Nagendran's wife for filing multiple pleas - DT Next",DT Next,https://news.google.com/rss/articles/CBMiywFBVV95cUxQWjJhLW04RkVmSWloMHlpMXRkTnVfN19tdVFUS2J3WGtPZ0hyRkp0NHBRX3pBUy1rektnTU0yZ2NKS0Y0X01rcTJvcHlQQjVtYWY0NlRPcXd4dVIzQ0hRbnRWNFM2TlZ2eWxLWWE1LTRfai1TZkhUcTVxLXlzN2l4OHJVLS11ajBTYk02eXdrSk1PQnQtM0xUeHdXMlhuSVJ3SThGSVlxcWFvR2JwaGxHWC1Qcl95azEtb2pobEpJWmNsY25fdHlVNGpaY9IB2AFBVV95cUxOdTRPTnA3YWRMWGViY01EMU16YmVLTDhsckNzeXhQNnJTYUlvQTNaSENPeEVpbXhCMV85bVZ4RG9hdWxtT2UxSllxTTc2S3c5dFloMlk1YzhNYzZZU3p4aTRHeHRzWGJYMW9IZndRWFBjU21iRHMweG5TTEJOWTFFZFhRMVN0TXF1XzlkcVBCVmw5bHN4UHN4Wmw1Y050R19WWUlEQnJ3c045emFVNDFaM0dtNUVHWGdoWkhwODNFc2VyLUluRC1OTE9jQUFTVW9yak41ZDJtSVE?oc=5,2025
2025-08-20,Thiru,Man out on bail kills self in Thiru Vi Ka Nagar - DT Next,DT Next,https://news.google.com/rss/articles/CBMikwFBVV95cUxPV29TeWJrZkFLM2Frd1VScnhfQnAwU1pYYnJjLUxFc1RFdVpSclVUM1AwUHF0U1o5dUlsRXFzNUdrMVFKemlRWWZ5cVFSSUhMbTRKTEhmbHowOEtzTUpMY2tnZVF3X0pZTVdVSmpacUhOSnZZZFVoRDJwREhiRFdPRE5idFVxRzFBXzVoOE5GTzRtZmfSAaABQVVfeXFMTkpZVFhEQi1DalpNUlJLZUlVMG5FcWZkMlFSVnJEQThaTFg1dFkxcDQ2cGk2d1o5UDBuMkpLUUdXamdqd19Ra2p2ZjY1TElWUnJUVjI1cGFYYVIydkpqT05BTmhuQUxKamdhc19ZclVKZUVjTmFHdzNaOEhPbGtESUtmVHVNal9QRkdXNUwyZVJONWhpTnNmNVU2ZVdEdVg2MA?oc=5,2025
2025-01-05,Avadi,Avadi city record dip in incidents of crimes in 2024 - DT Next,DT Next,https://news.google.com/rss/articles/CBMimgFBVV95cUxOMFpZdTN6ZE5VZnlDN3ZDcU45WDhhdy1uZkctOWpqQUlNNzVzampaeFVQS0pGekdub0trRTk4WTB5QTdxNE1pbXhRWXNJNjFKd1hHa1h5am9KZlJCNFV4aEpkTFZ3Y1FtOE9VcG5iTVpxd1NvS182M0RzSWRXekg4Y1RVcFkyNzFJVUtZeGhCdUYySXZ2UlNLbHh30gGnAUFVX3lxTE5WeEszRkRQSWNqZ0NRQzdXbGc2cHdKSHNBZVhBbkxNRjB0Y0N0eFY3dlA1eXV5S3YwSFZmZ0RuU2dnNEVSUFAwWGlYVVg3Nk5SaDJjYTNONFVGLTJ1c2hXOTNRYjNEVGkxTzhqMmlGakV0YWhvNmN5Qnd4Rl92MWlfX2tPXzZVNDZaU3pNQkVEa1RrWXB1LXowYm03RjJpQkUxOG95SlEw?oc=5,2025
2025-01-20,Avadi,Avadi cops search for 3 key accused in history sheeter brothers' murder - DT Next,DT Next,https://news.google.com/rss/articles/CBMisgFBVV95cUxNMTMyRTJaNl84LWZLcmdqUktvaF9pdy1OR3VQREQ5a2h1RWpxMkJ0WVVJQlk0TEFWUUV5NXNabVlGMEZ5WUl6WC1vNGZ0aGtITlVfNWpDOU1MRHFMR3RzalNza2Z4NktYMjBTWlJnQksyU2VMM19yVlhDNUZ1bk55ZG0wY3NWX3RpYnF1anp2TThqR2ROUG1GNExyd05wUnYzRjNIRXdYejlQLU0wekYtTHVR0gG_AUFVX3lxTE9NMDRINkhGLXlYd1FTRDF6dVVxVHVxcUZ6YXFEd25UM05oT1JRV3JOaTJVUWZIMngyWlN0cVZ1Xzdxem1sZkhmQnpkMjVXSE5NcjBITThHUG56MGNOal84a19idi1OQmJyRkpLZ04zbHJEdTMySzVKQlVPR0FCUF9pSnhkZmc3UEFvdFFWUHdoQWJhRVVuOUY4Q0NrZ1ZiV3Rnd1NHSjV4VWtwSlNOSXg1dUpSdFJYUFJZTDhyMlZB?oc=5,2025
2025-09-08,Lawfully,Lawfully yours: By Retired Justice K Chandru | Success of judicial system depends much upon character of the judge - DT Next,DT Next,https://news.google.com/rss/articles/CBMi6AFBVV95cUxQemlOVUZHTGg5b2xYSVN4VVBHdWpXYWxmVEVfaTVLc2taQ3owLW9VNHlpRU9aekZ2dnJ6YTlxTjVndXlVOHltelpxeDRxMk5jZll0MlMyQlZVQkZKX1VPTFBTbUVoX3B4ZC1RSWtvZWRPYlc2NHAybFdhajdfZ1BfVUFhdEIwRnNOUTl4aFNNdnFveERqRnZkWjJkaXNlWHdVelY3UVZOWFF4eGNSVi1mQU00Wjd6SXNhU19CZ1RGbE44ZVlOOXZRaGFaWUFVYkJIU1A2OTlIbXhkWmJlWm5iS2FZNlM5ODZM0gH2AUFVX3lxTE5iTXJ0SzhjbnhNS0lVblB2YjR2RnU1dl9CbzlTSUVRSkdtSHNkUXE1dUVaUDhEeUFlVl9hVklqZDZGOE5aQ1hqX2tQWUhoTDdoeEM5dVNZaktPWFZPa2dLeENOMnY3RVVncHFJVUVkZVBxVWk3SzNacktaVkV2bFVkU0ZfZDRsRmk2aHdlYkdpdTdSb1lnSEJYTW9aeHpCUV8wNXZ2bmhCdElJMnpiRFhyTmtXVlAyYjl0a3dMeXRwMnNXQUdtRHlqQ1NSVVVUSk5PMEpQNEdTUHRvSnZOQjc2ZmJUVWdUOXp0dEs1VGEzYU44Y3dlQQ?oc=5,2025
2025-10-12,Investigation,‘Need separate Investigation Officers for heinous crimes’ - DT Next,DT Next,https://news.google.com/rss/articles/CBMioAFBVV95cUxNd3BGaXNGeWU0TVZIX24tcmp4QTdFM1ZQeWJnOTFuMWRFU05ZZThEY3U5cXZkRXBjbFhGT3NpNjRUWlZhX3o1cUkwT0tyQWpiQjM5VlRJWTZHWnRmeW9YNU9ZTnVJLThHdDNkQ2c3Z1ZaeVAyM00zRHY5dEN5UVY1ZjctV1NSSkFUd3laOUs1dHZrelhzRHRJZ2doYUptWnUt0gGuAUFVX3lxTE1xX2N3a3ZfRzJPZWxYUnlvcktTNS1ja2txWTZUMklKMmE1VFotenJFMTNaQ2Fudk9lQ1c4VlZMeFBJVU5haWtSNzZ4MkVIMmJjd09hTkdkcGppcUl4QmxhYUU4dmVOWVF4VnVNN3psSzlFdFM0NWZQakVtNFk3ZXBWZXNlQVR6aGEyUkJTclhmM3ZfWk1DZ0RRd1p5TjczcC1ObDlvbGN6VGJURVdNQQ?oc=5,2025
2025-09-03,Gawli,Arun Gawli walks out of Nagpur jail after 17 years as SC grants him bail in murder case - DT Next,DT Next,https://news.google.com/rss/articles/CBMiygFBVV95cUxQcndJZHZDU2JVbDhnXzNsTEx3NWsxaFkxX3BSZmNpczJqMWZyLS1PZXQ0a21uQUxTUElySkZPTjZMZFVjSVp3aFN1bWJ1dkVjMldyVXJ4RXBZamNUWjNEZGl2TXJlSW9Ua0RYNVNfeUxJdk1Wd3c3YWs1UUdwbTBVaXU5X0piRHdIUVJzWGx3YjY0NVFmUV9yZk9NaktRRUhlQ2wtak1wZ0VoVmJzVWRsUFdUeWtFMUhrYnBrTTdZUzVtc0V0aVY5bXNB0gHXAUFVX3lxTFBqTFFrTWtnVHNmdnBfZ2p6WWZIWFdKR0EwSnVINmdLNkM0aGkwN1lxU1lMT1JLRDAzWXZQRDFvNVZWMTV3ZWEyb3RFU2pKaEhDR1BQalFRVnlrVVg5dE9XTDN6RnFYOUIxVVgyb21nV0s3S2FlM1MtWHlxdHVQdWdqUXBNaFVzUDEteWNjdkhyVG9aQzV5Sm1kc1RPenZmV2dTdUhnSWhMU0d1dExNVF9DZTlvcVZvMjlWYU0wSkdIR0M1TVFuSjNsc2dJbWQ2d3pGLTZLWTB3?oc=5,2025
2025-12-16,Tamil,Tamil Nadu: 5 cyber criminals detained under Goondas Act - DT Next,DT Next,https://news.google.com/rss/articles/CBMioAFBVV95cUxQc01lQklqc2pyT3ZBUlY3R2ZqNWFLV0VGbndKVnZrRjhpSHNWbkpxdnZmOG1SMnNZc1lneXZHM2ttblNnb0JfaGNONXJtYXdiNG0wTnZfbzN2Z3JJRkl3R0loN0ZsaEowMVM5S2hsZ3dKMEw3MDZENHhkZy02VGtiWS05eUVmRDF0dnE5Ung3RkZhNzJpdjFaZ3ROaVo2WXZy0gGuAUFVX3lxTE5Ca19RSll2b2hMSUhOT0luSS1wWGcyS29jZEdkN3NoRUJSclJFQUNQZUVrRjNZNzNtcjhJVGNKRXVPT1FVRklpdnVpMDltbG1GMlY5UWVaWDlRLXZMbmNLQVJDd1NnUXhHRXQ5eDNVMHpyWW9xRlA3QTZxLVB1LTBQc2FZbDNKSnEtMlItRmZpeENjR2RSYlZ4b3Awbk85dE9uUGh4V2JZbWFsWlIxZw?oc=5,2025
2025-01-25,Vengaivayal,TN government urges public to refrain from spreading 'false information' on Vengaivayal investigation - DT Next,DT Next,https://news.google.com/rss/articles/CBMizgFBVV95cUxPZjhEb3d3QnNjSXBGcDBySlBmWF9kVkxudHk2VVZzbWZaZU85UXQzOGxLVlhYWTFfNGNXcWN3Y3RGemNHTUJ2SVo4Z0tIYlFnZmFfTDJmUUFUT2RpM1I3ZDlyRTQ1WklmQXp4Y2ZFWTdGQ3lqSWJkaGhfVUg0bDdiS3drVWxkS0lkTllsTkE2RXVZQUlkRXAwYjNuaExqLUVjWDVoOGJDUWxDR0tmZWFieXFMODZsOEJacExiamV2WHZlN18tMk94TXpFRE1iZ9IB2wFBVV95cUxOYWVkeWJuUFlxc0lrRUlUX3U3V1VOQUcwd25TNXJmbFMzaW4wZDNNZXNydFdGY1NrYzVEbWlyVHRNN2ZXZlg5b0JocDJUeGg2N1FzQlZjcVJTVXFNZ25iRnFvMElIR1RGemZUVHQxejFacjFPSGRuZ3FMLTZuaVNWelh0VnllNHhTbl9EVl92WkpRSVp3TDZRd0N2RlplOTcxTWctWTFMLUVlMjl3cVh3LWhyUTctdGxTNm4xOGxnUjVpbnppbEFXQW5heHJQMGhVU1c4Tm9fRWR4eTQ?oc=5,2025
2025-10-19,Chennai,Former engineer arrested for impersonating a Chennai chemical firm in cyber fraud - DT Next,DT Next,https://news.google.com/rss/articles/CBMiwAFBVV95cUxOdnBKTWMzOHJ0NkJ6NGRTQ0c5Z0hIWWhwMEt3U1R3OHhITkxmYzl0bnQxeU1LQjNOSGtIcDBQWVZwVmZnMnhVbHFfUVRVVUxkajZGQ0o2bXJCUll1VnU3blk3TDVNSThIcVdHSE4xbnJnV3ZiUEVYaENrYU5GaEd0Nk5adFpMekhBYnVqaGZCVFA4TXJYbkMxVjliTXR1di1YR3RRbjFmeWhWWUNaUjlPcDh6Z0ZUOFhzdGhzbHdLejXSAc4BQVVfeXFMTjFLNGtfX1dCRFBndlRFMmd2X0ZzMTJMaTA4ZW1EM0V6aGVpTTV5TW8yS1Z6dXpJRnljY1lmaFZEWHRNSkxHemh4S0ZHOTI3T3ZuQlNEOU14a3JjMTRWUDBncThlRGtJWkplX3FiNUd1SVVxWWd5S0xaMXVNUHZEMDk1eVdOQkIzWE9XX08ycEM5d3AyUE95b3hJUGl0cklDenp5ZXJWLWNPTlpOREUxNEY2UzRxQ21wWkxfc1VLY0F6OGt1RUlKblBCd3VMTHc?oc=5,2025
2025-02-05,Palavakkam,Son arrested for murdering police officer father in Palavakkam - DT Next,DT Next,https://news.google.com/rss/articles/CBMipwFBVV95cUxOelUwVHpGQXpyQ1ZMaGo4NWpQN3lZUGdQX0RQQW5UNVlDY19ZOUY0UkVINFpWeVJnRnBSUEVoMWc4STRIVW40N2VtYmdqOUdnUXkyMDNydGZRSWM1OGpGV2U0TEZ5X2gtdjVCbkFub3JmeWF0Sm41ekpkYVNidUg5dldCcWtsUy1mQUdCcVJxdlpHN0N3SC1DNV9KR1lwaWFKQzFEdkdtc9IBtAFBVV95cUxOWDk2Q2l6QkhjV2JoaC1mSXZuSmdIbmlONFVKMkJMTTdacTU2anQ0aXdZMmFqYjZnTVBXaDNxY2dGbnBBVk8xRFVVamtuaWhmN1ZrdHVGcFlDSTRBUWVKTkRoMVExUnRYUnMxWlF4NFM2OWJMRUMzdC1aTnp6YU5NTks3THNkSVNMNUk4SkdjNWMtRHgxMGVZa3lBejVIYWFoWUFuUUEtRm41WnU5U3BpT1dwdng?oc=5,2025
2025-03-22,Youth,"Youth murdered in broad daylight in Karaikudi, three held - DT Next",DT Next,https://news.google.com/rss/articles/CBMiogFBVV95cUxPMDB2dHhpcHo0VWtDMFV4N0RBaHNBaWtTaW42a0JaYjQ5eDlNbzllOGp5RHdoZ181aTIyQkxsYXlOM3ZuYXctNnF4dmd4aUNOdGlXSm1WeWtKSWpMbUNCM3B4NjJxVFQxeGtVMTYyWnZEd0JXekdoWjdqdWZ3MlFab1NrTUhpMEhiRjZMVmlxaGk3YVZaR3NSWTl0bHVSTF80bFHSAa8BQVVfeXFMTzRLT3NONmZvV25lOTZjNEhjTlR3Nl8wcDJSeThwNmJhSkExUWVfR0FTR1FrTTJvcl9wbUlQRWtZX0ZpM0pKSm9wU2tJbUVCNDJoX0NXVE9iaVdqYUpneDJFUGNrRGR2VDJVRkw4X3g1dFNIN243VlFicmZseDhFTzExdVR6aGNHU0FmUDlETnJrV29hV0dGZjh2Y25JWU1RSlF6RDVxZDVwVWhnLVhqaw?oc=5,2025
2025-10-30,Chennai,Puducherry man hacked to death in Chennai; Three held - DT Next,DT Next,https://news.google.com/rss/articles/CBMilAFBVV95cUxOWExUaV9DN19mZUF1eU94TWlsQjdWdXl0M2JjVWRwR0NMdW96emlMZzZFNUNlR3NBb2xuc1RuUGxUOUNjWlNFQ0o0dkRFMUFqMWNZbXl4RmVPaEFwMEpuT2V2djZjMEU1cWxZbHhXUVFkZ3N1a29GdUhNYXlmNDkxMTNnQW9meEZOcXQ1b2dsWVVNSHRt0gGiAUFVX3lxTE5MaVJDd1BfWXhFZ0M4dm82WnM4MFdGbTF2U2Iwd1AwdmRyZTl1VURKd0RfWUNNNTJXZU94aE00dzNyQl80Q1pvRjJLV1JEeU42SkUwZXVRb3pjMmZ2NUp3M0RlcW9TcVM5Wi1VNl9BcUJJTXdRaXEyckxDX0oxVFNsZTlmSGFZTUpwRHlBdEkxY2lVTC1FR2Fkb1ozRmpMVDV3Zw?oc=5,2025
2025-07-10,Tamil,Tamil Nadu custodial death: CBI special crime branch to probe Ajith Kumar case; HC sets August 20 deadlin - The Times of India,The Times of India,https://news.google.com/rss/articles/CBMi2gFBVV95cUxQUWdtNmZfRDNIZ2dkMy1PZDBnclpVUVZ0SHlIektMTERVZXU2cWtoMmE3RjF2NlEyVUZUSEpXZndKUEx6cC1MR1hldkZ1ZWhqMFpPWkFESTVObHdLNTQwLW9LWjc4T3YyZjF2R2F2N3owWDYtb0ZGcUR3bW5wajlueTIzWFZDeGxEcUFPQmpjMDlyejMtTXRlU1pFWGdoNGRZLTQ2ZGgzaWJSU0FaSmJfSTNCRzBVM0hGNm9rNkJsZDNfOFVNRmtyQzc1dUR0WThhblBUUlNDWng4UdIB3wFBVV95cUxPUHJGT3BpbFpxYWJsVjNWd0ozQTVGYmxCd0N6Qk02OTNNcXdTTkhQWGlJUHpNV0RQS0RtVDhVMXRVSGxWV1JrOFE4TEFEb1BfdUQ1dUFRSWVSekdONFZlQlBseVpIYW9BM0k1a0E3bXlsMEx2UVpGM3BXcEtVb3NsdTRNMFFTdFMtU1A1SnBhOWJfcVdPREEyQVNnUDgyX0xVa21FNmZrRjNMT2UxZE9Lc29aMndHMi1leTBNTkVNTmFZMThVT3lheHp1V3hiY0V1WG5XN053LVhsWTBxMEdB?oc=5,2025
2025-09-25,Times,SC dismisses ED appeal in sand mining case - The Times of India,The Times of India,https://news.google.com/rss/articles/CBMiuAFBVV95cUxOOVVYS0tqck9vc2lMY3gzY29YcnRoMURSSTdGaE4xVVJmLW5ZWHFvUkE2MHUzMlppeTRmSGNMNlEtZTBscVhMN3BQRmpuQS1JWF83aV9GZm5idjgwbUxIQTJiOGQwQWRDbC11c3VZalBWQjl5ZTljVVk5UEI5a1BpMHo2Y1FsRFg4SWR4M01CSmU2elp5S0NHTnNSUHFTZDR6VDlPVEVBSTN0WUd1dTN5RTJuWHoxbGVh0gG-AUFVX3lxTE1HT01OVGFwWVd1VW9TZ0Z3dzhUNXVNdUo1TmxWNUdnTS0xRi10dVdCZEd4eUpiUDlmU28tR3NjZzBaT001RGdlVUc0R1ZwdHFUNnZkWGVkWDBUVmhkMzVSM1FraVJpLTVWdVpKUUoxcEtJRVhSY0ZYR0k1dXlraThkbUYzM1otUkhzU1hPaFo5RTZYYUZjdGt4WGREZTFsM25lODVZSFR4RDQtdHlRSC1vRUpJMENPOVFhdkxmcmc?oc=5,2025
2025-12-13,Chennai,Police arrest man for cheating businessman in Chennai - The Times of India,The Times of India,https://news.google.com/rss/articles/CBMixwFBVV95cUxOZ2ZxM1o5c3Y3X0lCVVQtRllITWxYckgxbXRmOEJfNTRFdjUxbXFibWk2R2lrbkZBN3FKb1VyT21aSG9KLURsWGtLZlRJdkMtTmJ2NjFDQjc1cjBCUWdIcnh2cG1qaWxrUlQzaHpCQkpKVXI2c01rQ2t0dUtJMF9adXROUUZfcmV5X20tc2tJVWQ5TWRFeEJqQVRrX0w5SVJDMWVydGdlTzRZMkg0VDdXbHZoLXN4YUxQWFU3dmJta1hIRjQwMDVR0gHMAUFVX3lxTE12TGNlY3R3VDg1dHBSNmxOTWNWaGR6cXdTdXozSnE5QXU4QzViYXY2RGR2akxvdWd1YnVzUTRYSk82NXBCMGxENEZ4b05iMjVBZ0VpaHBIazhrYktuSTdNOHI2aFV2V05EMDh5YTJqRi11SmFpb2h5RU9MeFJTbmlFNkhCWllZVWlLcTNnVktxYjRsVjg5NWhJZ1FiNGtuX3pxTGNQSzhnMWZYeDdTUHNLSUtaU0c2R0NNLW16WTlBZHhqWk1sUjg2RVBsNQ?oc=5,2025
2025-10-14,Lawyer,Lawyer chased and hacked to death in Adyar - The Times of India,The Times of India,https://news.google.com/rss/articles/CBMiuAFBVV95cUxNdHpxZ0NZV0tSaTlCT2s5MGh0LU1BZDV4c05zX0FwQ1F4bUhudjY1ZXBGcEE0Vklrc3JiVFV3OEdTaTdFc2FxU1VmcXU1Y2lVNmV4SUpmajRRaFFJUHEyWjZYMlE1UzdxOUpkZFRiZ0VmOTFQenBvYjJBdElocUI3bTA0cElXZ1c3WVNlLVVvRGYyT1k0RjlRM2lvMk5xX1hSd2pDb3ZaR1RaRGVYOWNSUHdjckhOeUJl0gG-AUFVX3lxTE5jNXVlNTRaaTdRQVkyWHdrb0g2azg3djBpOHQwT1NTTW8zOVl0dmJvMkY4cU52cjFQRzdVa2I0ZGdfNXgzbmxQOXRvZDFSZVN6ODlKMkIxZk1QWExDX19ONk5mdUhSWmRSRDNQeFJCVWc0VnlmMXBOcmVJVm1GQmRFQ3p4UXFvTVh3RmNlZjZFZjJrd2lrbk5HdndpcHVPYVMwTlVZaEhiUTZkaUhWTTJnRU5uNnFvOXhEUzdjbGc?oc=5,2025
2025-09-16,Three,"Three cheat jeweller of 11cr, nabbed - The Times of India",The Times of India,https://news.google.com/rss/articles/CBMirwFBVV95cUxNbFpTV2V1QndnakZyVkh5UFIwbDRhZWVTQ01tUi1kRGwzUE5neWRJVVZjZnJrcFdVTGZIRkdhalJLVHRFeVVkQm1vRXd6M0FPMmhKd0JBZUkyOXAxOHNtZmJMU3FSSTJSSTFUQ3ZwbDRYc1lUbEpBemZZbUpDR1EzY2lEQW1mdW1ZeUIwMnlPanNEVGc0LWVBeTZGcUNVWVgteW1kRFVSTUhsZkV0RlZZ0gG0AUFVX3lxTFB1bHBQMVZMZGQtcnNwQTJTNzREVzU4cHhSUVZpS2t2d20xbUVTdGRmX3lnVnNKclJvS3cyUHlaMFpfT3NfakJEc1FnZHNjcmJjb2JCOVVDV1daT2g0Q1pmVVVPNjlBUWY2d1FzbEwtRzZJT2RUTDhpUFZXRE5rd01VLS1RYTg0bS12bG1kVWozTkxNZjcxN1pvWWhTVEQ2S2FXVDFoQ1ZlYmNwV0ZoYzRROTFVdQ?oc=5,2025
2025-03-26,Chennai,Chennai encounter: Wanted criminal involved in 50 chain snatching cases shot dead - The Times of India,The Times of India,https://news.google.com/rss/articles/CBMi6wFBVV95cUxOUFBaNzRwQUZBOHIzbkVEWm53MlZsdWhuWG5YR2hac2FLRXZSN0R2NU00NGFueTR2eHE0VjkxelA5QmxfUi1XeHdOSDBQRE9aRWdwYmlEci14WUJOQ19rY3FqRXpwcVA0dFVxNC13RG1uejYyNmhzLXdYV2hTRkkyN2hHRmZmM2ktSlloN2xzcDNuSzN1Y1hrVlYwSDdXYmdabnEzLUk1VWtCNjJwaXQydS1TLUxTTENkbm1UaVhWMlFIZThTdGtSNnlQUVpMS3htak9GVENUb29zQVZEOXdrNWRNUjg0eUkyMU9N0gHwAUFVX3lxTE4tYnFFdWJDMHZQaEQzWndsOGdxZFZ5NllRNW9nNFcxek5mbFFyanhsNkx3ZHVuTkRfZDJ3YmdZT1pkS094ams5bXJWbS1rNzhWdGxuN3ZjTEtnZG9NTkhNd19hV3RKRnBIdk10elJPSm1nTUk4SGM5WHdRNFdVZzV2eHFKTmlEZ2I1VWM4Yy1TbWpTY25DeVdYVVJYcS1RMGt5Z25CdEVJT25XZGFWazRUMEFaSThrYU1Rc0RIanlCd1E3Y19TM1hLR0E0R21uTU95NTBxWkowRk5wZDRJdEF1STl6dlQtenlKR1NCM19JYw?oc=5,2025
2025-11-20,Crimes,Crimes against dalits up in Tamil Nadu: VCK MP cites data - The Times of India,The Times of India,https://news.google.com/rss/articles/CBMiywFBVV95cUxQVXNKRFUyQ2JQT25yR2lMZUU5dWZ1QW5ET0xkS2tpQ0ZSSkMxcUVqS1ZzcGYwWEZ1X1RsdGxLZlVqUmJsb1pROFFmLWNha1RGalZMZ1FCNzAwWlFaQjRLZzVidzgyVzgtVHZVTGVuYnhIeU5FQjgtanJpZFFabUdTQWRkd1ZSRE8welY3TldYZVhuTDcxTUFZc2F5WTZZd0NHcW1La3Vnek9JdU1yeXRJemlmTlpnVHVfYzJIMkI1NTk3SXE2dFNVZHp1RdIB0AFBVV95cUxPSzNmX3lQMTB2RmQ1Q1hBbVNmbnRKSW9RQUl6aHZpajlLSl8tLTBxVXFZUEVBbW5wa1hROTRXeVh4X3U2a2dZY05ZSG8xSE13S24xM0g2U3hQRnFkQVRqTjNUVVNUWWtRWVd6bUhFaThMcDUyM3pjQVpJenlybUdmRGdmb3IwSHNXMkVsNURiTHhvNURzSUZDS0dTSzU4YnlYNldrZzVkV0dONWlXblFUWW9hU0lKNU14bFBmcDFIOU9mVWVmd2pXemJHcGJSenhF?oc=5,2025
2025-10-01,CB-CID,CB-CID arrests 24 more in Tamil Nadu Iridium scam and dismantles 5 syndicates - The Times of India,The Times of India,https://news.google.com/rss/articles/CBMi5wFBVV95cUxNRVF0NnFKNldSVkh3aGpwblYwNDVTNkd0WHZSRS12cFNPZ1hQdVNVN3IwYUlVQXQ5dEFESmNtZHhpQTE0N2VLcmRfb1ZuX2FFRy05M3V4Z2lTckhmU2w3QjJzaWZnR18tWDVxLTJkUkZyRGRjejhWZ3poOGlrSV9DWmVjdGFKcTFqS25Xc2VQN2RENFUzWEhwOWkxM1FKenQ2WEZWYmFsLVpxOU9oYWxQWEtZM1QzakNWcnN0cmdfSjJJTTQyYzQ2YjRQamd1SHZPZFp0TlM3QjhCeEN3UlZkZ000SUZVUUXSAewBQVVfeXFMTTNFZE1sMXFrelMzSUVLaEF2aE9DR0hnTzZzU0FPN1oxcHc0ZDdyOG9ocW5GLWFIVHpCdjJ4Z2xOSEx0SktXYzR4S0tRQndERnpOSjRfQ3dQOFpLdURQU0RSM2pXRlAyUi16VWhpMUpsa24wdG1sSWZQdlg3V2Z5cmUtSXJIMXdKN1pPWkJwNE5sdV9UVGpWNnV1OVRvSWdFVC0wV2NvZHZzeVhRUHp2eHJMUzR4U2R0ZjYtZDBzc0JGbFo2ZV92X2l4Y2VnRFp3b01VWWpwSEQ2U1JoaGtGMTNvbXVYaTBhQ09RcWs?oc=5,2025
2025-10-19,Crime,Crime on plane: Drunk passenger arrested for groping Hyderabad techie on AI Express flight - The Times of India,The Times of India,https://news.google.com/rss/articles/CBMivAFBVV95cUxQTTZvWFFUbFV6VUlGMVU5Rm5pWnF6ckhnMG9iUWxhcmh2X0dncVpFWGNtekxYSV9RVnhxdmtEc1JZQnVkVl9aWW55YnhEdVdURHFUeUYyQ1NoeW9QX1AwRDNvSFlYeG9kT2p6WmJ5WjBGdEZBQThrdVljdUtkR2lKclZWbHN5MmdtNjN3NE5Id2xYRWlrYjV3TmZjZXJOc280S1MyX2pWWUVtZjBNV181RkJqZGZsWENjMEhpedIBwgFBVV95cUxNTVJKS3V2bkVLUzVZRnozcHZtektiR2c2ZzlxdmZyTHhPcVpnYUgtT0hUS2o5MEhQdk40SnA3eDU3SzRCcXJrd1hkY1pZcE1ySGg3dkZBVlphMkVkWTQ0Szlzb2N6YjJjTGpsaGJjTmdGRDNhRnJLRnlrWjdhR3RJY3NPbU9UZGtNa2laV0piUUJCN0phS01pajI2TmtaUDFaMnAta2p2cXViTDRBWm9Fc01iTV9ZT0Rqd0JaNVRHRkR4dw?oc=5,2025
2025-04-05,Tamil,"‘Harassed, threatens with obscene messages’: Tamil Nadu man arrested for cyberstalking US woman - The Times of India",The Times of India,https://news.google.com/rss/articles/CBMiuwFBVV95cUxQTk5EMkViX1AxZ2dUd3lPMHhHaVIwdXhkcTBsdE9TX1ZabjZBdG8tUUtWZXAzSzRGTFpnNnY5SF9tekFMdWhPZWZLTTFfcjhqOFBzaEs2cTg0SU5SZk83MHo1UTkzOWFlZlF2cXdLU2tQOVMtYzg2Q283OExKS1RHbHg0WFZHZUdhTmF5MUpjSFU5ZGp3aW96Mlo3RkZ4REtsM2pIakktSzk4YkJQejRRU2hYb1poSFM5aEVJ0gHAAUFVX3lxTE8zWktsUHNIenZ0TmFNckJzODV2ZlJsTkxPREluUmpMXzU5bXlHMURCdS1ZWjhLbjRVME1nVUZnaFBOSXpXbHUteTN4cTFKRDVUTmgyN2Jkb2J1MlBqUlRSMTl6anlxVEZQX2ZZWkdxX2tHZS1DMTFIUzZkU3hXUm1uU2RZc3NwRXg4YXViMTdyRUVqMVFpU0huNkNUbXBHVXUxWVFaR0hvYkFtNHdhOHdkaFdRd3hULWE3Q290WkpReg?oc=5,2025
2025-10-22,Criminal,"Criminal case being projected as personality rights suit, says Joy Crizildaa - The Times of India",The Times of India,https://news.google.com/rss/articles/CBMi5AFBVV95cUxNeUQtMTIwVDNsQ1M2RG0yVzdvbUZNekQySjU0R2psZUNjUEM0VzdzdUpGclJPdGRMNVQ1RDhUWDgxYWFEMXVibkpfS0U1YWxFT01ZV3lNTlI3ZlJPT1ZEVzlETVBseGViVVFTUG5reHZmTkQzUXR4dDhBdjdibmpqSjl2Wl9LaW9sZWY4ajU3ODRWdFNsYkNzS09XcWRXMk5PNDlPUG9iOE9oMzdxLUkwallCX2hQT3ZNMlJ2S3Y3eU9INzZLaHIzc2lCV25kVkdSU3dVZHpTVWRxS1N1OENrRHJsYXrSAeoBQVVfeXFMT0hyZkc2bDlKTTZ5bnhrSFN6YVZpTDZtelJrVnBNQ3N1Qk51UGtta1JRSXZGcTVTRWlDSnppblZKaFJzUFlmZDhkSEcxNEZXVVJjZ0xQY0NmTXpwdXNYOWIwSHB5QzhsV01mZS1tN0NpWGxyN2YzNXJNOURiNE81Q0VjTkZCc0JKRjhJQzhhUW91SEUzRUVrQWotLUhKTUpUNk1fQUxRT3gxQU9lOXdwd2J2ZGp5dzdTYUxVTjBLdFhKSFJLRC1GTDdMaTRxSFRUcWtwM29KMjN5VnhfcVUtX1Zsb2d1OWI2YTZR?oc=5,2025
2025-10-01,Bengaluru,"Bengaluru now India’s 3rd most violent city after Delhi, Mumbai | Bengaluru News - The Times of India",The Times of India,https://news.google.com/rss/articles/CBMi6gFBVV95cUxQSUU0TXFWbmN0UnlMNFBfVFVLU1RicjlQZHlpbFpqeF9aQ2tvN1NIQmdnZ0ZGVjN4ZjVFVzA4NnFxMlpzNmp0NkdFWXFETHBIbVFtemxHMjhsOHJnRlNUVGhHRGdCdENIaXZfSXhOdUNNODluakx5ZzEtTk1na1ZsVVAtai02Q0w1bUljc1RwSUZ6NWpvcEpfYUlSUGJBbkF6cml2ZC16Z1o0S0lOWDRrWk5vYUduRHJrOU1zOWFLak54UHpvTko1Z242cFhFYkVyOHdVYVA2UDRnQ0M0UUpxeFpJRXJ6eVBLZ0E?oc=5,2025
2025-07-17,Keeladi,Keeladi excavation: ASI director defends findings; 'Would be criminal to change them' - The Times of India,The Times of India,https://news.google.com/rss/articles/CBMi7AFBVV95cUxNWFc1UDl5c3NkM0ZFajJxcnBhNkR6VVdwSjZLTUZyeXdna0hWSFA5UkJiUDVRWURuZDYyMThsOXRuVjdlU0diREhhV2RWbmo4WnlqS2NFcnV2MlN5MjNTd2dobERPSzZ6NllGbVBRaEF2cEpxZGVnTHdpcnF3aXE2b0RQUnl2WTRSWThFN1BuNzFKX1I5c0RQdF9aSlpRMXBDRVN2Y1hneDJXMS0tM1dJS2ljWXE1NUowdmFGY0xoZFlWR0dtTEhHdlBMUmZZRU5hVGpmTnc5MFlkcS1scTR1YmtTcjBCazcyODVndtIB8gFBVV95cUxQSjVUMi1uaW4yNG8tZjM2Uy1MTFByeGQxVEl5MEM3Ry1PZzJmLVRwM3htZXMtV0tJQ2wtTm9lQVpFZkx2NENTV21JanFRQVhVMGwtYVZQcTVSeklnODFtMExEelJrR1dJcm5VeGhkanpWVTNsYjg0Z2pWS05kZXFneDZlVTFKdm16QWx6OTdNaWdmNjlqbE1QSHlCc3ZZVE9VR1VPNVNNQVlmeUo2Rm9rS29hWk85TFhKTzNwR20wbUpENDBhX1l1UlRPQkh2SnVPSUJIQmlqTWRyNVRGbnl0UVBrZDh6eGdRRzd3WHZHeTl6Zw?oc=5,2025
2025-12-15,CB-CID,CB-CID probes leak of ED docs in graft case against K N Nehru - The Times of India,The Times of India,https://news.google.com/rss/articles/CBMi0gFBVV95cUxQdGxWNE9MVl9Gb1NnNnM4YXBZa3VkeXR0Y0NCRTVxVWYtQW01T2xTLUVrUDhYT3BJTUFReTF5Ukg2RFBWaE5qZ3RsVXZGemx6aGVtQzJteXBNUVYtQl9tTWNESTdjWlNydEFfNlFBNERobnZqMHNJYm1nUUxwenJ2anhvS2xpeER6WDIzdENDOFZrRTNNVnVZeXcxeFlIaklDanFYS2RHMWt5TDJwc2lsaDlCRzAwQm9IRkc2SFdieEdCNzR1bzNCU1JFTzBEQ203Z1HSAdcBQVVfeXFMT0dHZzc2R3VaYWpKbi01cFpWdmh1WDk4enlHdjdHZ1libktZQmFGMUVrMDBXbk9NYjBKeTV1VS03Q3pGZWQyMF8wMVgta0pMLTNGZENQaUFwUEhsbExkNkxKaGFIUC1Ib3lOMDJmVnpmUVU3ZE9MdHpQaE1Gb1ZjbUducmJZa1k3TktieGtHdTZHWjN0bDJGNkpwc2x1V1hsYVNBQ2FhQjRqMTVrczZrdk1hNmI0am8zcWFCaUtmbHJ6SW5QdjhObm55V0taMmEtbE80RG01TFU?oc=5,2025
2025-10-01,Murders,"Murders Down, NCRB Data Paints Safe Picture - The Times of India",The Times of India,https://news.google.com/rss/articles/CBMitwFBVV95cUxPdU1NdnBCYTNnOXNHcEozM3VFMGdXOHMxb3NYZFY4czNCRHFVdXRKNGtabXBkaWxWSHVtdDVocDNuZHpmbWRrcEJuZVpuS3ZXN1hta0ZKNUxiVGtpcUN1bEVNVlNaTUNQRGwtLXM2QUloSnBkVTJXTmVPUEFfUlUtWm9wbVZaMk1UeDBaLTNvZUJXOTMxd3dnelNqZlp4VVJZai1OYWx3bGdiRGR6Ui12eU1vNFNkOE3SAbwBQVVfeXFMUEU1WUlyU095U3g5WnBDam5pV2d2UEhlN3pzOXNWQk1FN3NVMWVZSTh6WUE5ZEFRR2xlLU1veGJnT3FpaHczZWlGS1h0UjZwc3hfZWtsUG5QMlpZMElkMmpFbUNZNEVVemtvNkNWaWU3bEFfVnJHSzZsc0hMZnRDcHNkempySWRBam5hMl9OVlpLNl9rNGI3NlFPUmcxZmtqdl8tLUhQSno4OG9TODFYQzcweXE1UVlSU2wyTjU?oc=5,2025
2025-05-06,Chennai,FIIT-JEE official booked in Rs 4 crore cheating case after Chennai branch shuts - The Times of India,The Times of India,https://news.google.com/rss/articles/CBMi9wFBVV95cUxQRkdjQW9NVGZ1UDdnNUktU3d3LWFmdWdUSXhFWVIwcXk3RDkyM09mR1lqel94WklIM0FKdWVQWXE3TWVDZ0pUQ01pRlpCM1M3V1czRGNjeU5IMHl5TjRIMUtqOFFYMmVrTXpLazhwY1laX2tOdVdYUC1kak5WZXMwbmdNRkFENExJTFpWcXdaT2lPdVBGbFkyZUhJTktKcTU3MkZSQzlfOU55eWxBV1FXVHJZQi1jWWowUUtINUhyd291QWRGMEVvRjdSOEpPM1FnMFFSNXBPNV9pY3M3Uzl0ZDlvY1RDOXIzcEtLcWhlMzJDWWNFSXp30gH8AUFVX3lxTE9JTk11Q0NqbHp2YWxGUk9qUi05UGZwN3VLRkxyaE5ZcUtkUXRXRU9HUW4tdDBtNWZzOFIxS0F5YTNybkYwdmE0ZEZDYnU4aGc0aEJ5VnhIU1lkc2Y4dUdrclcyMWpwLWFReWN2ejUyVFNINEM5STVpSTB0VEcwQU44N3hEd2h1d3VMazBYR1dXZW5hRXpnLWpzNFU3cjN4Z1NhNkpNZTZ1cmY4ZDBTcWRDVk5zb0gzS2lPSDA1VkwybXY5el96WkNHLW1pZzJpZVlmVG9wV3Q3WnFyMlNPTTJNQVNrSUVUQjFRYm1tYjZpNFJmZUZFWDJ0RlB0Mg?oc=5,2025
2025-09-04,IndusInd,"How an NRI couple lost Rs 4.36 crore in IndusInd Bank FD fraud; managing director, branch manager booked - The Times of India",The Times of India,https://news.google.com/rss/articles/CBMi7wFBVV95cUxPbE9xZHd4R2EweWJDcE9KbHNxc2hJN29PN2dSRDB1bjR5eTVqcWxCeUtKWFM4SnJ6UXpfRXR5ZUxMNXAwbGR4b09OQXczLTM4QjRHdFItQ2NXSTRhb2FuSW1kTXk1dV9IYkp2Und2cmpmMHZkRk5NYjVpbXRmUkZ3VzlPSDZHX05DNXNIcnV5QnRzVThxMWFCdTBTaFU2dlN0QmFJT1FFRFUxWkZSU2pocjNCVXNsdWtHWHE1ZVA3d091dXNLUWlTelNmQ2NRYTgxbkhLUzFHeU1WdlRpcE1aOWFBS2UzU3Vxak9rOGJZMA?oc=5,2025
